i,j,s_text,s_img,s_fused,title_i,title_j,img_i,img_j,text_high,img_high,short_title,num_conflict
11,614,0.58789784,0.7077985,0.6478481,[ Promo Flash Sale ] Luvita Dress | Size S M L XL | Dress Terlaris | Moscrepe HQ | Fashion Muslim,[ Promo Flash Sale ] Mecca Syari S M L XL | Fashion Muslim Gamis Syari Terbaru | Bahan Moscrepe HQ,00ee86a6810cd9f2da6dd0f0f01b867f.jpg,1eebda081e5583069e82bd640d3b8d61.jpg,True,False,False,False
11,2716,0.5142489,0.7616401,0.63794446,[ Promo Flash Sale ] Luvita Dress | Size S M L XL | Dress Terlaris | Moscrepe HQ | Fashion Muslim,GF : MECCA SYARI size S M L XL matt MOSCREPE HQ fashion muslim GAMIS TERBARU,00ee86a6810cd9f2da6dd0f0f01b867f.jpg,8ac7bf691ccc73b8af008b86a8995154.jpg,True,False,False,False
11,4649,0.5196423,0.78087246,0.65025735,[ Promo Flash Sale ] Luvita Dress | Size S M L XL | Dress Terlaris | Moscrepe HQ | Fashion Muslim,{PROMO FLASH SALE} GBB_ Mecca Syari Size S M L XL | Dress | Gamis | Maxi | Terlaris | Terbaru,00ee86a6810cd9f2da6dd0f0f01b867f.jpg,e9ba8adb401291619129d8793b2062c3.jpg,True,False,False,False
11,4682,0.5283434,0.75990486,0.64412415,[ Promo Flash Sale ] Luvita Dress | Size S M L XL | Dress Terlaris | Moscrepe HQ | Fashion Muslim,M.A | PROMO FLASH SALE | Mecca Syari Size S M L XL | Dress | Gamis | Maxi | Terbaru | Baju Terlaris,00ee86a6810cd9f2da6dd0f0f01b867f.jpg,eb7b6a934bd3adc804ef06ede3f04b28.jpg,True,False,False,False
11,4709,0.58789784,0.76209784,0.6749978,[ Promo Flash Sale ] Luvita Dress | Size S M L XL | Dress Terlaris | Moscrepe HQ | Fashion Muslim,[ Promo Flash Sale ] Mecca Syari S M L XL | Fashion Muslim Gamis Syari Terbaru | Bahan Moscrepe HQ,00ee86a6810cd9f2da6dd0f0f01b867f.jpg,ecddd76b6fde7360cad6d5a0095adef0.jpg,True,False,False,False
12,2195,0.5233815,0.7338053,0.6285934,BAGGY JEANS CELANA JEAN PLAIN BOYFRIEND MURAH WANITA MUSLIMAH IMPORT MURAH,BOYFRIEND JEANS  NONSTRETCH MURAH TWO TONE BOYFRIEND / ZIG LINE BOYFRIEND JEANS / MOUREEN FRINGE,00f02f109b48a4d169b9bd1a1e272fc7.jpg,6fa90ee73a8015550b7fcb384cd7cd2f.jpg,True,False,False,False
13,1312,0.6386468,0.7500917,0.6943692,Set Piyama Sexy dengan Celana Pendek,PIYAMA HP ( LENGAN PENDEK+CELANA PENDEK ) MOTIF KARAKTER,00f713aa9c5b92e15ba9b2b3c92d2f70.jpg,42e959472b145dc04905dfdd744d474b.jpg,True,False,False,False
14,2091,0.6372564,0.7194413,0.67834884,PAKET KACAMATA FASHION + LENSA PHOTOCHROMIC / BLUERAY,PAKET LENSA PHOTOCROMIC Frame Kacamata Minus Kacamata Antiradiasi Kacamata Fashion Wanita,0106f54e3a61d9ef7aec65121b4aff3d.jpg,6b2ba03df5ce013ca267fca47501098d.jpg,True,False,False,False
18,1807,0.6818248,0.7671131,0.72446895,JESINA DRESS MAYOUTFIT,MAULA DRESS MAYOUTFIT (Original),0137b42bd1b328d5263f555787b53a61.jpg,5d4f40df88538fd55cd491ddbe6076cf.jpg,True,False,True,False
21,1327,0.5433268,0.70929,0.62630844,[BS] BISA COD KPOP BTS BT21 Sticker Warna Warni Cooky Tata Stiker,uzmi - Stiker Aimi Kpop BTS BT21 3D,013fd93df1573a04e85b3463e7a5f812.jpg,437d8070499015b9b4d25cd1a84476c1.jpg,True,False,False,True
21,1527,0.66953605,0.7284405,0.6989883,[BS] BISA COD KPOP BTS BT21 Sticker Warna Warni Cooky Tata Stiker,BISA COD KPOP BTS BT21 Sticker DIY Bubble 3D Stiker,013fd93df1573a04e85b3463e7a5f812.jpg,4dd97dee2cc264a5aad9491c61001df4.jpg,True,False,False,True
21,3633,0.7078102,0.7532624,0.73053634,[BS] BISA COD KPOP BTS BT21 Sticker Warna Warni Cooky Tata Stiker,[BS] BISA COD KPOP Sticker Stiker BTS BT21 3D DIY Bubble,013fd93df1573a04e85b3463e7a5f812.jpg,b7c084ed91fb7d46b52539254c7cd94b.jpg,True,False,False,True
21,4324,0.5808349,0.67152625,0.6261806,[BS] BISA COD KPOP BTS BT21 Sticker Warna Warni Cooky Tata Stiker,MG 279 Stiker BT21 3D / Sticker Tata Chimmy Koya Cooky Shooky RJ Mang Van / Stiker BT21,013fd93df1573a04e85b3463e7a5f812.jpg,d9593366a33a4cd51dc00ae69ace0d2d.jpg,True,False,False,True
21,4357,0.5659595,0.70908666,0.63752306,[BS] BISA COD KPOP BTS BT21 Sticker Warna Warni Cooky Tata Stiker,Sticker BTS 3D Karakter BT21 Kpop Korea,013fd93df1573a04e85b3463e7a5f812.jpg,dadcac7472eec1a5ff56143ab3d6360a.jpg,True,False,False,True
21,4412,0.55101,0.7529459,0.65197796,[BS] BISA COD KPOP BTS BT21 Sticker Warna Warni Cooky Tata Stiker,KPOP BTS BT21 STICKER DIY BUBBLE 3D,013fd93df1573a04e85b3463e7a5f812.jpg,dda6083fab486258a1a8e26b99ef8575.jpg,True,False,False,True
24,1176,0.53943,0.8023878,0.6709089,LONG OVERALL VENDETA ROK PANJANG JEANS PREMIUM,1KG MUAT 3PCS | MOZY OVERALL / OVERALL LONG JEANS / LONG OVERALL JEANS WANITA,015e17f441cf76ebc2034e995e4d3c50.jpg,3bb7de5a689558535167724bc8b60e83.jpg,True,False,False,False
24,3117,0.5885078,0.7792572,0.6838825,LONG OVERALL VENDETA ROK PANJANG JEANS PREMIUM,OVERALL LONG JEANS / LONG OVERALL JEANS WANITA / MOZY OVERALL,015e17f441cf76ebc2034e995e4d3c50.jpg,9ec1203b4149b18375eb7563eb068c40.jpg,True,False,False,False
27,490,0.6990496,0.6564442,0.6777469,Wardah Refill Instaperfect Matte Fit Powder Foundation (100% Original),Wardah Instaperfect MATTE FIT Powder Foundation 14. Cr\xc3\xa8me 13 g,01929997e48e6b2ed01e983bf537a881.jpg,1a25278e1d197469e6ffcb9f02f87ee8.jpg,True,False,False,True
27,2260,0.8789498,0.91989255,0.8994212,Wardah Refill Instaperfect Matte Fit Powder Foundation (100% Original),Wardah Instaperfect MATTE FIT Powder Foundation,01929997e48e6b2ed01e983bf537a881.jpg,728d5751794d1aed985408c169641b67.jpg,True,True,False,False
28,1242,0.6268488,0.6711125,0.6489806,MamyPoko Perekat Royal Soft - L 62 - Popok Tape,MamyPoko Preemie - 30 - Popok Perekat,01a06493997f5cbcaa9ebfed982726d8.jpg,3f3c5f694c05d30d4695211b1c4f55f1.jpg,True,False,False,True
31,1419,0.3357295,0.89521825,0.61547387,Philips Avent Bottle Natural 260ml/9oz,Avent Botol Natural 2.0 125ml Putih Twin NEW DESIGN,01b86d3bf64a594bb03aa2173fe21367.jpg,4897c29e887e08ff6c5a51ba5a869473.jpg,False,True,False,True
31,4494,0.6162934,0.79539603,0.7058447,Philips Avent Bottle Natural 260ml/9oz,Philips Avent Bottle Natural 2.0 125ML/4OZ Twin Pack - SCF690/23,01b86d3bf64a594bb03aa2173fe21367.jpg,e1bfc87a3317a92b2aac929b0ba3ee92.jpg,True,False,False,True
38,451,0.47677112,0.85224295,0.66450703,Healthy Choice Beras Merah (1Kg),Healthy Choice Vege Noodle Mustard Greens 200Gr,020649a1ae344e55a90657a0356817ad.jpg,17dee0d058eaa93b24a78d9c71ce49bd.jpg,False,True,False,True
38,700,0.60313374,0.75107133,0.67710257,Healthy Choice Beras Merah (1Kg),Healthy Choice Beras Rojo Gebyok Organik 1 kg,020649a1ae344e55a90657a0356817ad.jpg,2371d61390dd1691fb7c1e608e3de6da.jpg,True,False,False,False
38,1285,0.53344923,0.71717,0.6253096,Healthy Choice Beras Merah (1Kg),Healthy Choice Broccoli Noodle 200 gr,020649a1ae344e55a90657a0356817ad.jpg,41335a16de948d0ba6e6c968fbe5def8.jpg,True,False,False,True
38,3561,0.6427353,0.89455795,0.7686466,Healthy Choice Beras Merah (1Kg),Healthy Choice Beras Rojo Gebyok 1 Kg,020649a1ae344e55a90657a0356817ad.jpg,b3aa860db6c5272659208c91f09f5f6d.jpg,True,True,False,False
41,61,0.75733435,0.5920349,0.67468464,\xf0\x9f\x87\xb2\xf0\x9f\x87\xa8MG\xf0\x9f\x87\xb2\xf0\x9f\x87\xa8 Jam Tangan  Fashion Wanita Rantai Strap Emas Silver Dial Logam Fashion JT12,\xf0\x9f\x87\xb2\xf0\x9f\x87\xa8MG\xf0\x9f\x87\xb2\xf0\x9f\x87\xa8 BANDANA BD07 BANDANA KOREA STYLE BANDO RAMBUT IMPOR MURAH,0238a58b77a0b6141daf8ed3eed3f82b.jpg,033d07a095644d21a3a8e1c4e79ce935.jpg,True,False,False,True
41,419,0.7604224,0.551062,0.65574217,\xf0\x9f\x87\xb2\xf0\x9f\x87\xa8MG\xf0\x9f\x87\xb2\xf0\x9f\x87\xa8 Jam Tangan  Fashion Wanita Rantai Strap Emas Silver Dial Logam Fashion JT12,\xf0\x9f\x87\xb2\xf0\x9f\x87\xa8MG\xf0\x9f\x87\xb2\xf0\x9f\x87\xa8  Sarung Tangan R46 Cuci Piring Dapur Sarung Tangan Pembersih Tahan Air,0238a58b77a0b6141daf8ed3eed3f82b.jpg,15846b105db7a53e3e67fa4921fad04a.jpg,True,False,False,True
42,392,0.56158704,0.70239604,0.6319915,Rak Dinding DIY Serbaguna - Rak Dinding Vintage Serbaguna MB641,Rak vintage 3 susun Rak dinding Rack Kayu Shabby Serbaguna Murah Grosir  DENGAN HOOK GANTUNGAN,0238afea6513cf9a4be3cb68f39e7f95.jpg,14121da4bb60198b7881bd4b39e5ccbe.jpg,True,False,False,True
42,993,0.5359263,0.8112597,0.673593,Rak Dinding DIY Serbaguna - Rak Dinding Vintage Serbaguna MB641,Rak Dinding Toilet DIY - Rak Toilet Vintage,0238afea6513cf9a4be3cb68f39e7f95.jpg,33226ddf6fa77999546ed42da5b94eac.jpg,True,False,False,False
42,1124,0.5680709,0.6631235,0.6155972,Rak Dinding DIY Serbaguna - Rak Dinding Vintage Serbaguna MB641,Rak Dinding Toilet DIY - Rak Toilet Vintage kosmetik tempat obat serbaguna pajangan dekorasi,0238afea6513cf9a4be3cb68f39e7f95.jpg,3984aa21f5f07082db5a8471a99a891f.jpg,True,False,False,False
45,1666,0.43011907,0.77455485,0.60233694,Kikkoman All Purpose Soy Sauce 150 ml | Kecap Asin Jepang Botol | Kikoman Shoyu Seasoning,Kikkoman Hoisin Sauce - BB 300gr,0288d0c75e4a65288eb05d21efce8a83.jpg,5660e8dbe532e7e91bcb05f1d94e9c7c.jpg,False,False,False,True
45,2110,0.4783526,0.7495643,0.6139585,Kikkoman All Purpose Soy Sauce 150 ml | Kecap Asin Jepang Botol | Kikoman Shoyu Seasoning,Kikkoman Dark Sauce HALAL Botol 300 Gr,0288d0c75e4a65288eb05d21efce8a83.jpg,6c3fe13664dd87c92e533c6087e7f970.jpg,False,False,False,True
45,4292,0.41405228,0.841344,0.6276981,Kikkoman All Purpose Soy Sauce 150 ml | Kecap Asin Jepang Botol | Kikoman Shoyu Seasoning,KIKKOMAN Hoisin Sauce Botol 300g Halal | Saus Hoisin,0288d0c75e4a65288eb05d21efce8a83.jpg,d7b9db90a9e11a50dde38859ea50651a.jpg,False,True,False,True
45,4499,0.4778816,0.7600856,0.6189836,Kikkoman All Purpose Soy Sauce 150 ml | Kecap Asin Jepang Botol | Kikoman Shoyu Seasoning,Kikkoman Hoisin Sauce HALAL Botol 300 Gr,0288d0c75e4a65288eb05d21efce8a83.jpg,e22a256f3b3cafe1035050439014dfea.jpg,False,False,False,True
52,1103,0.4622766,0.78853333,0.62540495,Pastel candy basic case oppo f9 a5s a7 a12 realme c2 a1k a3s a5 a9 2020 f11 vivo y12 y15 y17 y91 y95,Casing Soft Case OPPO A53 A33 A52 A92 A31 A91 A12 Reno 4 4F 2 2f A5s A3s A37 F1s A1k A5 A9 2020 F11 F9 pro F7 F5 A83 A93 HY012,02a3ab241b2f467a109b41893de37f18.jpg,3837d14335a37e6b62cae928c15e3cc2.jpg,False,False,False,True
52,2152,0.4733608,0.76691663,0.6201387,Pastel candy basic case oppo f9 a5s a7 a12 realme c2 a1k a3s a5 a9 2020 f11 vivo y12 y15 y17 y91 y95,HippoCat Case - Softcase Fullcover - IPHONE - XIAOMI - VIVO - OPPO A3S A5S F9 A7 A37 Y91 Y95 F1S,02a3ab241b2f467a109b41893de37f18.jpg,6e4cbac87c89363bd91485ccd953a466.jpg,False,False,False,True
52,2158,0.4847165,0.7634014,0.62405896,Pastel candy basic case oppo f9 a5s a7 a12 realme c2 a1k a3s a5 a9 2020 f11 vivo y12 y15 y17 y91 y95,OPPO A53 2020 Reno 4 A5S A5 2020 A3S A92 A31 A12 A9 2020 F9 PRO A37 A37F F1S F11 A1K F7 A52 A71 F5 Youth A7 A31 A33 2020 A91 Reno 2f Reno 3 A72 A12E Realme C15 C12 5i C11 C2 C3 3 3i 5 5S 6 C1 6i Soft TPU Case,02a3ab241b2f467a109b41893de37f18.jpg,6e73d4d0a64b6412a76aa724762ce05e.jpg,True,False,False,True
52,2399,0.46410075,0.7372538,0.60067725,Pastel candy basic case oppo f9 a5s a7 a12 realme c2 a1k a3s a5 a9 2020 f11 vivo y12 y15 y17 y91 y95,Be Happy Case OPPO A52 A92 A91 A31 A12 Reno 3 2 2F A5s A3s A5 A9 2020 A37 F1s A1k F11 F9 pro F7 F5 A83 K5 A57 A39 HY012,02a3ab241b2f467a109b41893de37f18.jpg,7a0641efdc493d9067373832a87006c7.jpg,False,False,False,True
52,4408,0.49244365,0.7117633,0.6021035,Pastel candy basic case oppo f9 a5s a7 a12 realme c2 a1k a3s a5 a9 2020 f11 vivo y12 y15 y17 y91 y95,CASE 3D UNICORN OPPO A5S A33 A71 A3S F11 PRO F9 REALME C2/A1K A37 KARAKTER,02a3ab241b2f467a109b41893de37f18.jpg,dd4b58e4936b5fcb1e001e43b89d30b5.jpg,True,False,False,True
58,3683,0.68225706,0.54288346,0.6125703,Monellina - G2 - MISBEE Baju Blouse Atasan Retro XXL Jumbo Murah Wanita Kekinian,Monellina - G2 - 06177 Baju Blouse Monalisa Square XXXL Jumbo Murah Wanita Kekinian Kotak,033159caddb316a75b558945222aca33.jpg,b9b873fe4a768c5b305f40b98752f69e.jpg,True,False,False,True
61,419,0.76164913,0.5970758,0.6793625,\xf0\x9f\x87\xb2\xf0\x9f\x87\xa8MG\xf0\x9f\x87\xb2\xf0\x9f\x87\xa8 BANDANA BD07 BANDANA KOREA STYLE BANDO RAMBUT IMPOR MURAH,\xf0\x9f\x87\xb2\xf0\x9f\x87\xa8MG\xf0\x9f\x87\xb2\xf0\x9f\x87\xa8  Sarung Tangan R46 Cuci Piring Dapur Sarung Tangan Pembersih Tahan Air,033d07a095644d21a3a8e1c4e79ce935.jpg,15846b105db7a53e3e67fa4921fad04a.jpg,True,False,False,True
65,1742,0.6741347,0.6412735,0.6577041,DOMPET FOREVER YOUNG DOMPET LUCU DOMPET KOREA DOMPET MURAH - Dompet Lipat Panjang Wanita,Annata dompet lipat wanita / dompet lipat murah / grosir dompet lipat / dompet lipat anak anak,036a8cabf6724ad15738fa5bf512acee.jpg,5a9b4f73030f094559e46aea2eb732d5.jpg,True,False,False,False
65,1879,0.6140724,0.7946665,0.7043694,DOMPET FOREVER YOUNG DOMPET LUCU DOMPET KOREA DOMPET MURAH - Dompet Lipat Panjang Wanita,"[BISA_COD]_M45_Dompet Kult Lipat HAPPY, Dompet Murah, Dompet Bandung, Dompet Wanita Terbaru 2020",036a8cabf6724ad15738fa5bf512acee.jpg,60450becdc0e9935dc015ff3648140fe.jpg,True,False,False,False
65,1897,0.5651564,0.74606824,0.65561235,DOMPET FOREVER YOUNG DOMPET LUCU DOMPET KOREA DOMPET MURAH - Dompet Lipat Panjang Wanita,MORYMONY DOMPET TASEL - Dompet Lipat Mini,036a8cabf6724ad15738fa5bf512acee.jpg,61279eb22f53528ad1f1584f70c0c548.jpg,True,False,False,False
65,4047,0.5639504,0.69981986,0.6318852,DOMPET FOREVER YOUNG DOMPET LUCU DOMPET KOREA DOMPET MURAH - Dompet Lipat Panjang Wanita,[ BISA COD ] DOMPET PITA LIPAT / DOMPET MINI ALEESHA,036a8cabf6724ad15738fa5bf512acee.jpg,cbdcf4f476181e8af8e1f1d90627fd47.jpg,True,False,False,False
73,3424,0.6296134,0.64516056,0.637387,[BISA COD ] Mecca Syari S M L XL | Fashion Muslim Gamis Syari Terbaru | Bahan Moscrepe HQ,Gamis Syari Remaja Terbaru Avita Dress Moscrepe Fashion Muslim Murah,04352cb66c9f237ae435308ca48cea2e.jpg,ad2a6d03aa123a5e6522274712ce0289.jpg,True,False,False,False
76,490,0.78315884,0.65301853,0.7180887,Wardah Refill Instaperfect MATTE FIT Powder Foundation 14. CREME 13 g,Wardah Instaperfect MATTE FIT Powder Foundation 14. Cr\xc3\xa8me 13 g,045f968d85cba3456134bb9ff078b720.jpg,1a25278e1d197469e6ffcb9f02f87ee8.jpg,True,False,False,True
76,2260,0.8331907,0.78317654,0.8081836,Wardah Refill Instaperfect MATTE FIT Powder Foundation 14. CREME 13 g,Wardah Instaperfect MATTE FIT Powder Foundation,045f968d85cba3456134bb9ff078b720.jpg,728d5751794d1aed985408c169641b67.jpg,True,False,False,False
78,2367,0.47672147,0.7774432,0.62708235,Saniter Spray FABRIC 230ml - Desinfektan Kain & Barang - Penjualan Khusus Pulau Jawa,Saniter sanitizer spray desinfektan 400 ml,048cdf5620da90b4914fec558a826cea.jpg,78189aab559acbd8c72174de6d5b732f.jpg,False,False,False,True
79,437,0.5780411,0.73156166,0.65480137,BLUE BAND Cake And Cookies Sachet 200gr / Blueband CnC BEST PRICE,Blue Band Cake & Cookie Margarin 200gr,04a1b056f47f9f8a7d9e4fe2eae26c15.jpg,1694729578df22b62ee879f173cf690e.jpg,True,False,False,False
79,1575,0.61978704,0.7577755,0.68878126,BLUE BAND Cake And Cookies Sachet 200gr / Blueband CnC BEST PRICE,Blue Band Cake & Cookie 200 gr,04a1b056f47f9f8a7d9e4fe2eae26c15.jpg,50b26012ca8a024e4a7124b6a41944de.jpg,True,False,False,False
79,3642,0.52867156,0.6886966,0.60868406,BLUE BAND Cake And Cookies Sachet 200gr / Blueband CnC BEST PRICE,Blue Band Cake & Cookie Margarin 200 gr,04a1b056f47f9f8a7d9e4fe2eae26c15.jpg,b82105504c5a0aaa30b33527e2455ddd.jpg,True,False,False,False
85,663,0.3435575,0.8895713,0.6165644,[innisfree] Olive Real Cleansing Oil 150ML,[innisfree] Jeju Cherry Blossom Skin Toner 200ML,04bcb2694108a7d48da329748ec5aac0.jpg,21c8accc1db9971726ab4d930a4d667f.jpg,False,True,False,True
85,2693,0.35822186,0.8463527,0.6022873,[innisfree] Olive Real Cleansing Oil 150ML,INNISFREE Jeju Cherry Blossom Skin 200ml,04bcb2694108a7d48da329748ec5aac0.jpg,89f664c03923bef84b5e856b491fcf4a.jpg,False,True,False,True
86,997,0.5047696,0.76136315,0.6330664,Miniso Official Stylish Simple Handbag Shoulder Bag/ Tas Wanita,Miniso Official Minigo Folding Boston bag/ Tas Wanita,04c4d951c4e046216f2192f7ce668cba.jpg,334a9fda578e0b97fbcf728d5b9d2197.jpg,True,False,False,False
87,4628,0.5412466,0.6825688,0.6119077,Jobel Shorts - Hippo Edition (0 sd 5 tahun) CherryBabyKidsShop,Mooi Printed Cotton Shorts - Mooi Celana Pendek CherryBabyKidsShop,04d3ba459c5b1b260d9106fbb9d50205.jpg,e89f47ca1724314ebca2f7336047b3c8.jpg,True,False,False,False
90,1462,0.59926414,0.8312461,0.71525514,Bandana Rajut Polos premium Jesicca,PART I BANDANA RAJUT PREMIUM 2 WARNA,0508e79847d13a7dd5b369ba9aa904b4.jpg,4a8a979b662b659cf1934e783fade248.jpg,True,False,False,False
90,2182,0.5971225,0.8316979,0.7144102,Bandana Rajut Polos premium Jesicca,"PART 2 BANDANA RAJUT PREMIUM 2 WARNA,",0508e79847d13a7dd5b369ba9aa904b4.jpg,6f58699e3b04b6fec52f3101e8ea198c.jpg,True,False,False,False
93,400,0.41093567,0.83733034,0.624133,KACAMATA ANTI RADIASI PRIA WANITA,Ry Kacamata Pelindung Keamanan Kerja/Lab Untuk Pria/Wanita,05341be4ef9ac04013ee511aabe8a51a.jpg,148786cbdc57a33f871c1d0fdca1faa2.jpg,False,False,False,False
104,1861,0.6057463,0.6087954,0.60727084,Mukena Bali Jumbo Rample Polos,Mukena bali REMPEL jumbo PARADISE rok polos,0604dae23d1713dd201ba8a9059cc2d9.jpg,5f7125671fd41bc5cedadb8c3cfde065.jpg,True,False,False,False
104,2684,0.7517425,0.6306562,0.6911993,Mukena Bali Jumbo Rample Polos,MUKENA BALI JUMBO RAMPLE PARADISE,0604dae23d1713dd201ba8a9059cc2d9.jpg,891d7a1f5f7c5c1271c259693fac4f30.jpg,True,False,False,False
129,630,0.7591336,0.6545855,0.7068595,Peci Miki Hat DEWASA / Topi Peci Miki Hat / Kopiah Peci UAS,kopiah peci miki hat topi hijrah,0725e392a48f5ad587a60e08855d42a0.jpg,203a14f9a81b84e3af08f3d48eabe2a2.jpg,True,False,False,False
129,654,0.62385297,0.7877395,0.70579624,Peci Miki Hat DEWASA / Topi Peci Miki Hat / Kopiah Peci UAS,Miki hat topi peci pemuda hijrah,0725e392a48f5ad587a60e08855d42a0.jpg,21524a1c1188696880c179c18ceb885a.jpg,True,False,False,False
130,1055,0.7032859,0.6193322,0.661309,NR HOODIE SWEATER COWO TERMURAH,Sweater cowok | HANDLE HOODIE | sweater hoodie / sweater murah / sweater korea / sweater cewek,07266487405fc38cb810f9bf11275c7a.jpg,3608c0ab974ff2cdc920239771d02a2e.jpg,True,False,False,False
130,3841,0.7032859,0.620862,0.66207397,NR HOODIE SWEATER COWO TERMURAH,Sweater cowok | HANDLE HOODIE | sweater hoodie / sweater murah / sweater korea / sweater cewek,07266487405fc38cb810f9bf11275c7a.jpg,c0f4ffc83eec19f69ddcc347a755211f.jpg,True,False,False,False
131,763,0.64402676,0.89340234,0.76871455,137 Degrees Almond Milk Original 180 ml,137 Degrees Almond Milk Unsweetened 1L,073de1bc6cb21962f4e5517f433bd6e9.jpg,26e9aac7bf31720a4a29a4f087c805ce.jpg,True,True,False,True
131,854,0.669543,0.805684,0.7376135,137 Degrees Almond Milk Original 180 ml,137 Degrees - Unsweetened Almond Milk 1000 ml,073de1bc6cb21962f4e5517f433bd6e9.jpg,2bd2cb7edd4973a9cdfb723970cc8261.jpg,True,False,False,True
132,784,0.48072013,0.74242425,0.6115722,Jilbab Anak Bayi Mahkota Princess Usia 0-3 Tahun,JILBAB ANAK TOPI HITZ UNTUK USIA 4-8 TAHUN,073e0985016db7af65996f3787e54b3a.jpg,28791e0750219a1f80d2e977bc476810.jpg,True,False,False,True
135,497,0.4788315,0.7718121,0.6253218,AS373 COD Kaos Kaki Bayi Karakter Hewan Lucu Kaos Kaki Bayi ala Korea Lucu Anti Slip Murah Import,Kaos Kaki Bayi / Kaos Kaki Anak Motif Imut,0767e7798d3c78c1f8570dbf445a9492.jpg,1a5eaf6c57865e488f294b4a46d549df.jpg,False,False,False,False
137,1585,0.48163456,0.7370315,0.60933304,Everwhite Acnepair Cream,Everwhite Green Tea Clay Mask,07a6fd3f65603bbfed2b69120ac9ba0c.jpg,51834bb836e2587c60e5e1b6e530649c.jpg,True,False,True,False
137,3620,0.48163456,0.7657534,0.62369394,Everwhite Acnepair Cream,Everwhite Green Tea Clay Mask,07a6fd3f65603bbfed2b69120ac9ba0c.jpg,b6f37f74a833c5d69d40db6cadbc7b6a.jpg,True,False,True,False
139,453,0.3099323,0.8953246,0.60262847,Pixy Slim Line Matte Eyeliner (Black),Wardah EyeXpert Staylast Liquid Eyeliner 3.5gr,07bc0cefcb8a1e167b7eda9024692fb7.jpg,17fd6c34b42153672c9c827da3ef63da.jpg,False,True,False,False
139,4460,0.32420534,0.89980096,0.61200315,Pixy Slim Line Matte Eyeliner (Black),Wardah EyeXpert Staylast Liquid Eyeliner,07bc0cefcb8a1e167b7eda9024692fb7.jpg,e001ff11ca0d9f47d8b06ba4349b807f.jpg,False,True,False,False
139,4461,0.3099323,0.89980096,0.6048666,Pixy Slim Line Matte Eyeliner (Black),Wardah Eyexpert Staylast Liquid Eyeliner - 3.5gr,07bc0cefcb8a1e167b7eda9024692fb7.jpg,e001ff11ca0d9f47d8b06ba4349b807f.jpg,False,True,False,False
141,2208,0.85835415,0.621011,0.73968256,Konicare Minyak telon,Konicare Minyak Telon Plus 30 mL,07d632524fa8e31e901201b2ac42bb79.jpg,70210b9fc70349815c6bd31f21e1956d.jpg,True,False,True,False
141,2513,0.85835415,0.8297208,0.8440375,Konicare Minyak telon,Konicare Minyak Telon Plus 30 ml,07d632524fa8e31e901201b2ac42bb79.jpg,7fc0cc0541ca3e42c209767f3cb6e4ec.jpg,True,False,True,False
141,2816,0.85835415,0.54142547,0.6998898,Konicare Minyak telon,Konicare minyak telon plus 30 ml,07d632524fa8e31e901201b2ac42bb79.jpg,9095211bb81714a42075c97e5694c400.jpg,True,False,True,False
141,4409,0.8420735,0.8343681,0.83822083,Konicare Minyak telon,KONICARE MINYAK TELON PLUS 30ML,07d632524fa8e31e901201b2ac42bb79.jpg,dd6898a09bc829bef4738ac6236c8e9f.jpg,True,False,True,False
153,373,0.62388813,0.84785235,0.73587024,Lipstik Korea 4 Warna Matte Tahan Lama Lipstick,FA86 FOCALLURE Velvet Liquid Lipstik tahan air tahan lama 9 warna lipstik Matt lip stick,0877f029b33db5799c0b079ca8976911.jpg,1319df13cb1021f8bdfb0c24efb5ab0b.jpg,True,True,False,True
153,431,0.49170837,0.76531494,0.62851167,Lipstik Korea 4 Warna Matte Tahan Lama Lipstick,ElsheSkin Matte Lipstick,0877f029b33db5799c0b079ca8976911.jpg,1646b230ca7c71c3ab51157fe920fe04.jpg,True,False,True,False
153,1217,0.53347,0.7983508,0.66591036,Lipstik Korea 4 Warna Matte Tahan Lama Lipstick,Elshe Skin Matte Lipstick,0877f029b33db5799c0b079ca8976911.jpg,3ddd44872077c1667ad648f4077f2cb0.jpg,True,False,False,False
153,4677,0.40136945,0.8208326,0.61110103,Lipstik Korea 4 Warna Matte Tahan Lama Lipstick,Wardah Intense Matte Lipstick 05 Easy Brownie 2.3 gr,0877f029b33db5799c0b079ca8976911.jpg,eb56efc1ddc5b7582980bec1ed1930e4.jpg,False,False,False,True
153,4823,0.4782893,0.80023897,0.6392641,Lipstik Korea 4 Warna Matte Tahan Lama Lipstick,Lakme Make Up Lipstik Argan Lip Matte Peach Beach Absolute Lipstik Matte,0877f029b33db5799c0b079ca8976911.jpg,f289a85325b33a1887ea408958cbf384.jpg,False,False,False,False
163,3373,0.7446018,0.57045126,0.6575265,PAKET HEMAT Alat olahraga Pelangsing tubuh Magnetic Trimmer Jogging Body Plate + Tummy Trimmer,ORIGINAL Magnetic Trimmer Jogging Body Plate | Melangsingkan Tubuh,08c46b6627d249b1e3d274bc727c3ac7.jpg,ab5be4f858bd5dfb572d302aa9e1464f.jpg,True,False,False,False
168,3915,0.48134327,0.7742213,0.6277823,CLIP ON MIC,Mini Microphone Clip On Mic U Shape Audio Splitter,08e270622b2a5bad0239cee36ab945d8.jpg,c4f984543189e8861e33c75b7b5c21a2.jpg,True,False,True,False
170,4927,0.5618171,0.78985465,0.67583585,THERASKIN ORIGINAL,THERASKIN SUNCARE KN,08f1a0c3506985dead61f66f2c6af718.jpg,f68d37697eacee4fb1b2044005ddd299.jpg,True,False,True,False
181,2179,0.47594357,0.7334942,0.6047189,Jepit Rambut Bentuk Kartun Buah Es Krim Gaya Korea Untuk Anak Perempuan,Jepit Rambut Model Bobby Pin Motif Bunga Gaya Korea untuk Wanita,09b18ab6b633c84863ef2ac936427bd6.jpg,6f2ed51df8a2a017a13fc45997093b90.jpg,False,False,False,False
185,2649,0.4431659,0.7879888,0.61557734,Lcd Touchscreen Samsung Galaxy J1 Ace J110 J110H Original New,Lcd Touchscreen Vivo Y53,09f3de6c2b58831f56809b25d20b6867.jpg,86b6a1ebf30b5eedc9008f3bfbee80fc.jpg,False,False,False,True
185,4301,0.47369227,0.8602196,0.66695595,Lcd Touchscreen Samsung Galaxy J1 Ace J110 J110H Original New,Lcd Touchscreen Oppo A39 Original Oppo 100%,09f3de6c2b58831f56809b25d20b6867.jpg,d844424dad2583d8a63039dc1c50f5d9.jpg,False,True,False,True
185,4645,0.35184893,0.856426,0.6041375,Lcd Touchscreen Samsung Galaxy J1 Ace J110 J110H Original New,LCD TOUCHSCREEN OPPO F1S A59 FULLSET LCD OPPO F1S,09f3de6c2b58831f56809b25d20b6867.jpg,e977944a0e445ba13fcfb59c804b7df6.jpg,False,True,False,True
186,2336,0.7609812,0.74944746,0.75521433,Benton Snail Bee High Content Essence Travel Size (5ml / 15ml),BENTON SNAIL BEE HIGH CONTENT ESSENCE 60ML BENTON ESSENCE,0a01841b855e97c0303466fc4553fc5f.jpg,76c35ab7439eefedc359ac42a0252c12.jpg,True,False,False,True
186,2989,0.7711206,0.7544482,0.76278436,Benton Snail Bee High Content Essence Travel Size (5ml / 15ml),Benton Snail Bee High Content Essence 60ml,0a01841b855e97c0303466fc4553fc5f.jpg,9874c8c5d924891c4e351cab179dd2df.jpg,True,False,False,True
186,3017,0.8007139,0.79493904,0.79782647,Benton Snail Bee High Content Essence Travel Size (5ml / 15ml),Benton Snail Bee High Content Essence,0a01841b855e97c0303466fc4553fc5f.jpg,99e19a768c3225bacd6f518c6f7aacc4.jpg,True,False,False,False
187,2398,0.6169153,0.68515635,0.6510358,Paket MURAH Alat olahraga Pelangsing tubuh Magnetic Trimmer Jogging Body Plate + Tummy Trimmer,JOGGING BODY TRIMMER,0a02a706583f0ae0d8776c634e138476.jpg,7a035ef68c75a159b211d27d0168f0b2.jpg,True,False,True,False
187,3373,0.75720596,0.6157685,0.6864872,Paket MURAH Alat olahraga Pelangsing tubuh Magnetic Trimmer Jogging Body Plate + Tummy Trimmer,ORIGINAL Magnetic Trimmer Jogging Body Plate | Melangsingkan Tubuh,0a02a706583f0ae0d8776c634e138476.jpg,ab5be4f858bd5dfb572d302aa9e1464f.jpg,True,False,False,False
188,4310,0.5743607,0.6690989,0.62172985,Acnes Acne Treatment Gel 9gr (Obat Jerawat),Acnol Lotion & Gel For Acne - Obat Jerawat,0a0d257d1127f7d4298a7753875b372a.jpg,d8ec40c864b9c759a50e3dba7c10a142.jpg,True,False,False,False
191,497,0.4597282,0.7949528,0.6273405,D060 JTFS KAOS KAKI POLOS KAOS KAKI BAHAN SPANDEK PLUS POLYESTER KAOS KAKI MURAH BATAM IMPORT,Kaos Kaki Bayi / Kaos Kaki Anak Motif Imut,0a2dfbf3d0a711d5f96451648dbbdac0.jpg,1a5eaf6c57865e488f294b4a46d549df.jpg,False,False,False,False
191,1308,0.4483876,0.76513386,0.60676074,D060 JTFS KAOS KAKI POLOS KAOS KAKI BAHAN SPANDEK PLUS POLYESTER KAOS KAKI MURAH BATAM IMPORT,[5 SET] Kaos Kaki Bayi / Kaos Kaki Anak 0-12 Bulan,0a2dfbf3d0a711d5f96451648dbbdac0.jpg,429e222369930bab827ef3e1d32f32d7.jpg,False,False,False,True
201,628,0.55186015,0.68692875,0.6193944,LFF - Piyama 3in1 Piyama Baju Tidur Motif Karakter Kartun Size L Fit To XL,Piyama anak/ baju tidur anak karakter umur 1-5 tahun,0acfa9e04854d818869cd3113420c4da.jpg,20056a42be6525fd3869b20bddbd9b97.jpg,True,False,False,True
201,3338,0.49133703,0.73452735,0.6129322,LFF - Piyama 3in1 Piyama Baju Tidur Motif Karakter Kartun Size L Fit To XL,Baju tidur anak / Piyama anak 5-10 tahun,0acfa9e04854d818869cd3113420c4da.jpg,a9c9933c91c0b73c9241bfff383de0fa.jpg,True,False,False,True
204,1211,0.625663,0.67094123,0.6483021,[BISA COD] Hanasui Serum Whitening Gold 20ml,SERUM HANASUI GOLD BPOM,0ade5daad58a02913fbfa93aa5fb6e03.jpg,3db93da5fd95023f15acdf3c24391c27.jpg,True,False,False,False
204,2912,0.46338227,0.781157,0.62226963,[BISA COD] Hanasui Serum Whitening Gold 20ml,SERUM Hanasui Gold Original BPOM Jaya Mandiri,0ade5daad58a02913fbfa93aa5fb6e03.jpg,952979add357dfee4cb451b0c3e8170a.jpg,False,False,False,False
207,953,0.5408882,0.8513235,0.69610584,ROBOT Earphone/Headset Android/iPhone  RE701 original resmi,Headset Earphone Handsfree Original,0b1a54d60d1a8bb319ae549225637bee.jpg,31485f8f14df52d6b74a02b9e7f5682b.jpg,True,True,False,False
207,2930,0.45451963,0.8968113,0.6756655,ROBOT Earphone/Headset Android/iPhone  RE701 original resmi,Plextone G20 Gaming Earphone Sport Earphone Headset Magnetic Original,0b1a54d60d1a8bb319ae549225637bee.jpg,95eb770da42f2d9d89c374093a5b49ef.jpg,False,True,False,True
215,1309,0.57670504,0.6940712,0.63538814,Timbangan Gantung Digital 50kg,timbangan gantung mini 10kg FRT body besi,0b7d1a4926a5bb9068a07d7b975d8493.jpg,42af49b3a9a91e3c8abc0419f981d6e4.jpg,True,False,False,True
215,2073,0.63247675,0.6603175,0.6463971,Timbangan Gantung Digital 50kg,Timbangan gantung jarum 10kg plat / Timbangan Gantung Manual 10kg 10 kg,0b7d1a4926a5bb9068a07d7b975d8493.jpg,6a63c21eac13f72bfeb9e0b77974f82c.jpg,True,False,False,True
215,3435,0.63256043,0.5846466,0.6086035,Timbangan Gantung Digital 50kg,Free Baterai Timbangan Kue Digital 10kg Timbangan Dapur Timbangan Digital Kitchen Scale,0b7d1a4926a5bb9068a07d7b975d8493.jpg,ad6e02ecdd99ea30c1dd7f2d6eae4770.jpg,True,False,False,True
222,1330,0.58770007,0.6134181,0.6005591,TERMURAH joystick tombol trigger game L1R1 PUBG versi 3 packing box hitam gamepad mobile joystick,Gamepad SR Joystick PUBG FF Cooling Fan L1R1 Trigger Powerbank 2000mAh,0bc37b4869ff1b8506c8679f8fc75112.jpg,43b834afa9def35983b4a49f21bc3cbb.jpg,True,False,False,True
228,959,0.4697011,0.82126695,0.64548403,PROMO!! Tas Selempang Wanita Gantungan Motif Rusa Mini,Tas Selempang Wanita Fairly Mini Murah,0bffa73b1faa6c2fe796cd0375693318.jpg,31ad6e6ad258033f4dc16948df02e20f.jpg,False,False,False,False
228,2913,0.3989944,0.8114983,0.6052463,PROMO!! Tas Selempang Wanita Gantungan Motif Rusa Mini,JS_Tas Selempang GNEI/Tas Selempang Termurah/Tas Selempang Cewek/Tas Selempang Elmo,0bffa73b1faa6c2fe796cd0375693318.jpg,952b466c02191657fece5b6c66a46a3f.jpg,False,False,False,False
228,4262,0.44236594,0.82064486,0.63150537,PROMO!! Tas Selempang Wanita Gantungan Motif Rusa Mini,NEW!!! Tas Selempang Wanita Fairly Mini Murah,0bffa73b1faa6c2fe796cd0375693318.jpg,d641ed9e3bda947e09fbc615fc3a5291.jpg,False,False,False,False
228,4263,0.46190816,0.82064486,0.6412765,PROMO!! Tas Selempang Wanita Gantungan Motif Rusa Mini,New!! Tas Selempang Wanita Fairly Mini,0bffa73b1faa6c2fe796cd0375693318.jpg,d641ed9e3bda947e09fbc615fc3a5291.jpg,False,False,False,False
228,4264,0.49360874,0.82064486,0.6571268,PROMO!! Tas Selempang Wanita Gantungan Motif Rusa Mini,Tas Selempang Wanita Fairly Mini,0bffa73b1faa6c2fe796cd0375693318.jpg,d641ed9e3bda947e09fbc615fc3a5291.jpg,True,False,False,False
228,4265,0.49360874,0.82064486,0.6571268,PROMO!! Tas Selempang Wanita Gantungan Motif Rusa Mini,Tas Wanita Selempang Fairly Mini,0bffa73b1faa6c2fe796cd0375693318.jpg,d641ed9e3bda947e09fbc615fc3a5291.jpg,True,False,False,False
228,5033,0.4486731,0.76493335,0.60680324,PROMO!! Tas Selempang Wanita Gantungan Motif Rusa Mini,Tas Selempang Wanita Rantai MEGA,0bffa73b1faa6c2fe796cd0375693318.jpg,fc489ba169d2360a37be3a3ea7d892bc.jpg,False,False,False,False
229,2913,0.4800863,0.8114983,0.6457923,Tas selempang Variasi Rusa,JS_Tas Selempang GNEI/Tas Selempang Termurah/Tas Selempang Cewek/Tas Selempang Elmo,0bffa73b1faa6c2fe796cd0375693318.jpg,952b466c02191657fece5b6c66a46a3f.jpg,True,False,False,False
230,3376,0.63905543,0.57284606,0.6059507,Tas Selempang Wanita Import Fashion 7014 93120,Tas Selempang Wanita Fashion,0c2d6ccf4d03c19491c823100bae4e9c.jpg,ab7847ad639ceca26257e0566b99aba8.jpg,True,False,False,False
230,3546,0.5686772,0.65600514,0.61234117,Tas Selempang Wanita Import Fashion 7014 93120,Tas Selempang Wanita Fashion Import Tasbatamrz,0c2d6ccf4d03c19491c823100bae4e9c.jpg,b2bbb6ce438f4cdcfe1346ea466ceadd.jpg,True,False,False,False
230,4109,0.343339,0.86108035,0.6022097,Tas Selempang Wanita Import Fashion 7014 93120,LUPY466 (1KG = 3PC ) - TAS IMPORT TERBARU TAS BRANDED TAS WANITA TAS SELEMPANG EL5009,0c2d6ccf4d03c19491c823100bae4e9c.jpg,ced69cf76e9a78864353bf3dbd8bc955.jpg,False,True,False,True
238,4630,0.46901378,0.78470564,0.6268597,Wallpaper Sticker Dinding \xe2\x80\xa2 45cm X 10m High Quality,WPS043 BLACK WOOD Wall paper wallpaper dinding sticker walpaper stiker dinding murah,0c90983d4a5cefccfdf210e66ab64bc6.jpg,e8c988af70c63ac92fb26c7eac75d42e.jpg,False,False,False,True
241,363,0.6788031,0.5859057,0.6323544,TERMURAH!!!!! MASKER SCUBA POLOS / MASKER SCUBA DEWASA / MASKER SCUBA MURAH / MASKER WAJAH MURAH,Masker Scuba (READY),0ca36f3fdb61c3a2846124c26d19bbea.jpg,12a581b8c3e117ec9d159e083725dd91.jpg,True,False,True,False
241,599,0.6436667,0.6691461,0.6564064,TERMURAH!!!!! MASKER SCUBA POLOS / MASKER SCUBA DEWASA / MASKER SCUBA MURAH / MASKER WAJAH MURAH,MASKER SCUBA UNISEX NAVY / MASKER SCUBA EARLOOP /MASKER KAIN SCUBA /MASKER KOREA /MASKER SCUBA KOREA,0ca36f3fdb61c3a2846124c26d19bbea.jpg,1e306c8d85f19d0f0927804d57a3cb97.jpg,True,False,False,False
241,1501,0.80691504,0.6704493,0.73868215,TERMURAH!!!!! MASKER SCUBA POLOS / MASKER SCUBA DEWASA / MASKER SCUBA MURAH / MASKER WAJAH MURAH,MASKER SCUBA TEBAL / MASKER KAIN / MASKER SCUBA MURAH,0ca36f3fdb61c3a2846124c26d19bbea.jpg,4caa5d055d5e401808c97e26905754da.jpg,True,False,False,False
241,2885,0.80617726,0.5895158,0.69784653,TERMURAH!!!!! MASKER SCUBA POLOS / MASKER SCUBA DEWASA / MASKER SCUBA MURAH / MASKER WAJAH MURAH,masker scuba,0ca36f3fdb61c3a2846124c26d19bbea.jpg,93a72d35c9cca0a0f29d04c302469463.jpg,True,False,True,False
244,4064,0.59904987,0.7196464,0.65934813,Musk by Lilian Ashley Eau De Parfum Secret Call 100ml,Musk By Lilian Ashley Eau de Toilette Green Tea 70ml,0cba481a67e404686456c6aadb4aa9b8.jpg,cc977898f9ec61e6897dc9ce232cb7dc.jpg,True,False,False,True
248,3495,0.58801705,0.78476495,0.686391,(30gr) stiker dinding dan kulkas hiasan kupu-kupu 3D isi 12 pcs,CATTY STIKER DINDING KUPU KUPU 3D STICKER MOTIF 3D WALL ISI 12 PCS BUTTERFLY PVC 1 SET ISI 12PCS,0cf029766edcf87c466b49d03e257ee6.jpg,b076ad865c9dd4dd7870e1e817bd1035.jpg,True,False,False,True
248,3887,0.5820321,0.71416897,0.6481005,(30gr) stiker dinding dan kulkas hiasan kupu-kupu 3D isi 12 pcs,12Pcs Magnet Kulkas Bentuk Kupu-Kupu 3D,0cf029766edcf87c466b49d03e257ee6.jpg,c36e9f2beef57e2aeac097c396ed727e.jpg,True,False,False,True
248,5091,0.5869087,0.7311703,0.6590395,(30gr) stiker dinding dan kulkas hiasan kupu-kupu 3D isi 12 pcs,12 Buah Stiker Dekorasi Dinding Desain Kupu - Kupu 3D gzhouse,0cf029766edcf87c466b49d03e257ee6.jpg,fe956011a4388e3baf9bb7644ebc39fa.jpg,True,False,False,True
253,2583,0.59993106,0.67990214,0.6399166,Morinaga Chil Kid Platinum Moricare+ Vanilla 400gr,Morinaga Chil Kid Platinum Stick Pack 12 \xc3\x97 16g Vanila,0d4ae1e2aa9fb614addc32a9512f7d9b.jpg,8382d392165e4c94b8dc9c6f1c1d2e31.jpg,True,False,False,True
253,3298,0.4422453,0.9181534,0.6801994,Morinaga Chil Kid Platinum Moricare+ Vanilla 400gr,Chil Kid Platinum Vanila 12 x 16 gr Sachet Susu Formula Anak,0d4ae1e2aa9fb614addc32a9512f7d9b.jpg,a798f7dc724ec20c385e5e7ea0f62eaf.jpg,False,True,False,True
253,4915,0.85098183,0.8674741,0.85922796,Morinaga Chil Kid Platinum Moricare+ Vanilla 400gr,Morinaga Chil Kid Platinum Moricare+ Vanilla 12x16gr,0d4ae1e2aa9fb614addc32a9512f7d9b.jpg,f604743d755a8a00ed6248642c593f12.jpg,True,True,False,True
263,497,0.47126064,0.73231936,0.60179,Kaos Kaki Angkle Polos,Kaos Kaki Bayi / Kaos Kaki Anak Motif Imut,0de04593607f260e10d956276d0205a3.jpg,1a5eaf6c57865e488f294b4a46d549df.jpg,False,False,False,False
263,1308,0.46899697,0.8187872,0.6438921,Kaos Kaki Angkle Polos,[5 SET] Kaos Kaki Bayi / Kaos Kaki Anak 0-12 Bulan,0de04593607f260e10d956276d0205a3.jpg,429e222369930bab827ef3e1d32f32d7.jpg,False,False,False,False
264,4374,0.7389729,0.6682305,0.7036017,SOFTLENS KOKO BLACK NORMAL SD -3.00 14.5 mm by X2,SOFTLENS KOKO BLACK NORMAL / KOKO BLACK,0de332ca84fec480775ea15d180fd2d9.jpg,db78c04784e25bc6d5c4601beeecd982.jpg,True,False,False,False
264,5022,0.74633545,0.6116153,0.67897534,SOFTLENS KOKO BLACK NORMAL SD -3.00 14.5 mm by X2,SOFTLENS KOKO BLACK 14.5 MM,0de332ca84fec480775ea15d180fd2d9.jpg,fbd104619d073a6a9f5feab3a1aa3d08.jpg,True,False,False,True
271,3318,0.44600445,0.8144083,0.63020635,[ Promo Cuci Gudang ] Delilah tunik | ATASAN MUSLIM WANITA,SALLY TUNIK / atasan wanita,0e38f15141d11c2c8317ec9f515e3101.jpg,a8b153f540ee4fbcc484a5d16deb4dab.jpg,False,False,False,False
271,3605,0.66961014,0.81275237,0.74118125,[ Promo Cuci Gudang ] Delilah tunik | ATASAN MUSLIM WANITA,[ Promo Cuci Gudang ] Sally tunik | S M L XL | Atasan muslim best seller,0e38f15141d11c2c8317ec9f515e3101.jpg,b64df119bfa8bef5cb6a2952a6103ddd.jpg,True,False,False,False
274,2520,0.532659,0.77494186,0.6538004,Parutan serbaguna multifungsi 4 in 1,Parutan multifungsi 8 in 1 / kitchen treasure multifunctional vegetable cutters,0e8c625aa39177bceb2a9c9649854b08.jpg,80669b36a9d2e7cee5156df84dbaf20d.jpg,True,False,False,True
274,4520,0.43983907,0.78261507,0.61122704,Parutan serbaguna multifungsi 4 in 1,Parutan Serbaguna Drain Basket Pemotong Sayuran,0e8c625aa39177bceb2a9c9649854b08.jpg,e2b3d596c63e9b76b8072858a96768a2.jpg,False,False,False,False
276,363,0.71205616,0.5895413,0.65079874,[PROMO] MASKER SCUBA PREMIUM / MASKER KAIN / MASKER SCUBA / MASKER KAIN SCUBA / MASKER / MASKER KAIN,Masker Scuba (READY),0e9d686b28e24b7f2b2970af87ed8e21.jpg,12a581b8c3e117ec9d159e083725dd91.jpg,True,False,True,False
276,2590,0.8480652,0.47723353,0.6626494,[PROMO] MASKER SCUBA PREMIUM / MASKER KAIN / MASKER SCUBA / MASKER KAIN SCUBA / MASKER / MASKER KAIN,MASKER POLOS KAIN SCUBA MURAH / MASKER KOREA SCUBA / MASKER KAIN,0e9d686b28e24b7f2b2970af87ed8e21.jpg,83c95211f0d81b268539817f29505350.jpg,True,False,False,False
276,2885,0.84279704,0.6031756,0.72298634,[PROMO] MASKER SCUBA PREMIUM / MASKER KAIN / MASKER SCUBA / MASKER KAIN SCUBA / MASKER / MASKER KAIN,masker scuba,0e9d686b28e24b7f2b2970af87ed8e21.jpg,93a72d35c9cca0a0f29d04c302469463.jpg,True,False,True,False
276,3289,0.7582321,0.65774274,0.7079874,[PROMO] MASKER SCUBA PREMIUM / MASKER KAIN / MASKER SCUBA / MASKER KAIN SCUBA / MASKER / MASKER KAIN,MASKER SCUBA / MASKER KAIN / MASKER BISA DICUCI,0e9d686b28e24b7f2b2970af87ed8e21.jpg,a7364426079c2ae527d646850270d9ca.jpg,True,False,False,False
276,3753,0.6635525,0.55651325,0.6100329,[PROMO] MASKER SCUBA PREMIUM / MASKER KAIN / MASKER SCUBA / MASKER KAIN SCUBA / MASKER / MASKER KAIN,SCUBA MASKER KAIN MH - NON MEDIS,0e9d686b28e24b7f2b2970af87ed8e21.jpg,bbdeb419b52f24a545f2c9c203d91ee0.jpg,True,False,False,False
276,3776,0.64035845,0.6737238,0.65704113,[PROMO] MASKER SCUBA PREMIUM / MASKER KAIN / MASKER SCUBA / MASKER KAIN SCUBA / MASKER / MASKER KAIN,"b""D'Mask Scuba""",0e9d686b28e24b7f2b2970af87ed8e21.jpg,bd9d28c9e5c3ede6e53e39d3e6703aaf.jpg,True,False,True,False
276,4120,0.5984925,0.66640025,0.6324464,[PROMO] MASKER SCUBA PREMIUM / MASKER KAIN / MASKER SCUBA / MASKER KAIN SCUBA / MASKER / MASKER KAIN,MFcollection - Masker Kain Polos Bahan Scuba / Masker Fashion / Masker Kartun Karakter,0e9d686b28e24b7f2b2970af87ed8e21.jpg,cf49fda52c1a345a3ea3ec1a6537d439.jpg,True,False,False,False
286,4607,0.6506486,0.5520258,0.6013372,POWERBANK HIPPO ENZO 10000 GARANSI RESMI 1TAHUN,Ilo F1 7500 Mah Powerbank Garansi Resmi Hippo Power Bank 3 Tahun,0f21357766148d41daed7c78ced1c3fc.jpg,e7c66279918fa554d356b8420f7c6e92.jpg,True,False,False,True
295,4908,0.37971264,0.8437741,0.61174333,Royal Canin Kitten 36 400gr,Royal Canin Mother & Baby Cat 400gr Fresh Pack untuk kucing hamil dan menyusui babycat,0fbcd923b36a761595abe761dffc4874.jpg,f5e05bbce6432e515c1d42d8c663d447.jpg,False,True,False,True
311,1224,0.5615154,0.7441498,0.6528326,Terry Palmer Premium Handuk Dewasa 70x140 Lembut - Tebal - Antibacterial - Sangat Menyerap,HM Handuk Terry Palmer Premium Motif PRT 513 (70x140),1036ca8f534ec7df1dd295cb3056dcae.jpg,3e26894152c714abdc9e4e4bc698bd20.jpg,True,False,False,True
311,1848,0.5602375,0.7871555,0.6736965,Terry Palmer Premium Handuk Dewasa 70x140 Lembut - Tebal - Antibacterial - Sangat Menyerap,HM Handuk Terry Palmer Premium Motif PRT 519 (70x140),1036ca8f534ec7df1dd295cb3056dcae.jpg,5f047951fc1f6c70adc9ccc6bb5860ad.jpg,True,False,False,True
311,4588,0.53959024,0.72239184,0.63099104,Terry Palmer Premium Handuk Dewasa 70x140 Lembut - Tebal - Antibacterial - Sangat Menyerap,HM Handuk Terry Palmer Premium Motif PRT 517 (70x140),1036ca8f534ec7df1dd295cb3056dcae.jpg,e678332594bddc14ed07edd14afde527.jpg,True,False,False,True
312,3495,0.7541877,0.8101201,0.7821539,Setiker Dinding Motif / Wall Stiker Kupu-kupu / Butterfly PVC,CATTY STIKER DINDING KUPU KUPU 3D STICKER MOTIF 3D WALL ISI 12 PCS BUTTERFLY PVC 1 SET ISI 12PCS,103ac254e3ad0460b83a2f02617d1218.jpg,b076ad865c9dd4dd7870e1e817bd1035.jpg,True,False,False,False
312,5091,0.50498307,0.7983431,0.65166306,Setiker Dinding Motif / Wall Stiker Kupu-kupu / Butterfly PVC,12 Buah Stiker Dekorasi Dinding Desain Kupu - Kupu 3D gzhouse,103ac254e3ad0460b83a2f02617d1218.jpg,fe956011a4388e3baf9bb7644ebc39fa.jpg,True,False,False,False
312,5112,0.7507185,0.6440487,0.6973836,Setiker Dinding Motif / Wall Stiker Kupu-kupu / Butterfly PVC,TU88 Stiker Dinding Kupu Kupu 3D Sticker Motif 3D Wall Isi 12 Pcs Butterfly PVC 1 Set 12PCS - SKP,103ac254e3ad0460b83a2f02617d1218.jpg,ff8c7dcb95f22c36246e215a0cc04230.jpg,True,False,False,False
313,3495,0.4880472,0.8101201,0.6490837,Wall Sticker Butterfly PVC - DOUBLE TAPE,CATTY STIKER DINDING KUPU KUPU 3D STICKER MOTIF 3D WALL ISI 12 PCS BUTTERFLY PVC 1 SET ISI 12PCS,103ac254e3ad0460b83a2f02617d1218.jpg,b076ad865c9dd4dd7870e1e817bd1035.jpg,True,False,False,False
314,3495,0.51036274,0.8101201,0.6602414,[50gr] LT - Wall Sticker Butterfly PVC,CATTY STIKER DINDING KUPU KUPU 3D STICKER MOTIF 3D WALL ISI 12 PCS BUTTERFLY PVC 1 SET ISI 12PCS,103ac254e3ad0460b83a2f02617d1218.jpg,b076ad865c9dd4dd7870e1e817bd1035.jpg,True,False,False,True
324,4918,0.7021243,0.59669685,0.6494106,The Simplicity Flush Blush by YOU Makeups,The Simplicity Brow Styler  by You Makeups,109e356bf612608c6656a19e98ee1a32.jpg,f619f03c0c1f1228c5845c29333003a5.jpg,True,False,False,False
337,2783,0.47499523,0.8003164,0.6376558,PAKET 2 IN 1 Tempered Glass Layar dan Kamera FOR OPPO REALME 3 PRO,1 Set Tempered Glass Pelindung Layar Depan+Belakang dan Lensa Kamera iPhone 11 Pro Max XS XR X 7+,111ae5f795a2a1cc7d56cc744a1886a3.jpg,8f5227ff3eaa40fee0107a4e8c11e294.jpg,False,False,False,True
343,4830,0.7402434,0.61592656,0.67808497,SABUN TZUKI ORIGINAL 100%,Sabun Tzuki Dijamin Asli Original 1000%,117838a112d65e2a17dcf19fd9512fea.jpg,f30b8cda0eda1e699ad3ad38e437cc8d.jpg,True,False,False,True
347,649,0.45562455,0.8515508,0.6535877,VALERI JEANS(HW TALI)/CELANA JEANS PANJANG,CELANA JEANS PANJANG ANAK LAKI LAKI PENSIL RIB 1-6 TAHUN,11b7a4efe6c116acbf3815ff8f11909e.jpg,211c50eac88471332b96d08ad05d69d6.jpg,False,True,False,False
347,2102,0.51141936,0.70137215,0.6063957,VALERI JEANS(HW TALI)/CELANA JEANS PANJANG,celana jeans panjang anak kids and junior,11b7a4efe6c116acbf3815ff8f11909e.jpg,6bbd4ceb7b37301faa3bdd25f7573b75.jpg,True,False,False,False
350,708,0.45921743,0.89191705,0.67556727,KARET IKAT RAMBUT POLOS KOREA / KARET JEPANG SIMPLE ELEGAN / KUNCIR RAMBUT,Ikat rambut / Kunciran Rambut Midel Polos Kualitas Ekspor Murah Kuat Awet Remaja Grosir iket rambut,11de558b6587cb236890cb81926517a5.jpg,23c2233a8f735292731e5fd030387fd0.jpg,False,True,False,False
350,2934,0.5201626,0.8502265,0.68519455,KARET IKAT RAMBUT POLOS KOREA / KARET JEPANG SIMPLE ELEGAN / KUNCIR RAMBUT,Ikat rambut,11de558b6587cb236890cb81926517a5.jpg,96099c80244a01885216e3d39faaa39e.jpg,True,True,True,False
353,550,0.559334,0.66411304,0.61172354,Sorex Man Socks Invisible Kaos Kaki Pria M 5715,KAOS KAKI BALET INVISIBLE SOCK - FLAT SHOES,120340170088803d238cbe815c32ecac.jpg,1c4ab084d842b16f1cb304e9a85c6c3d.jpg,True,False,False,False
361,1640,0.43205705,0.76943624,0.60074663,COD / MOS Sepatu Olahraga Wanita Sneakers versi Korea Sepatu Cewek trendy  Sepatu Sport SW9811,SEPATU SNEAKERS B03 IDR04,12809b06c2dd3987f82e39fa4539bf80.jpg,54a75f09fbc41fb147a8ffcaaf2fe3ac.jpg,False,False,False,True
361,4891,0.42044923,0.78144425,0.6009467,COD / MOS Sepatu Olahraga Wanita Sneakers versi Korea Sepatu Cewek trendy  Sepatu Sport SW9811,Sepatu Wanita Sneakers Flat Balenciaga Style Sneakers Wanita Kasual Tinggi,12809b06c2dd3987f82e39fa4539bf80.jpg,f55803578b9b245c7aaaedf11dfa1f70.jpg,False,False,False,False
363,599,0.6912737,0.56810015,0.62968695,Masker Scuba (READY),MASKER SCUBA UNISEX NAVY / MASKER SCUBA EARLOOP /MASKER KAIN SCUBA /MASKER KOREA /MASKER SCUBA KOREA,12a581b8c3e117ec9d159e083725dd91.jpg,1e306c8d85f19d0f0927804d57a3cb97.jpg,True,False,True,False
363,1501,0.7417159,0.48974544,0.61573064,Masker Scuba (READY),MASKER SCUBA TEBAL / MASKER KAIN / MASKER SCUBA MURAH,12a581b8c3e117ec9d159e083725dd91.jpg,4caa5d055d5e401808c97e26905754da.jpg,True,False,True,False
363,2590,0.6985563,0.54943657,0.62399644,Masker Scuba (READY),MASKER POLOS KAIN SCUBA MURAH / MASKER KOREA SCUBA / MASKER KAIN,12a581b8c3e117ec9d159e083725dd91.jpg,83c95211f0d81b268539817f29505350.jpg,True,False,True,False
363,3289,0.62007976,0.7800659,0.7000728,Masker Scuba (READY),MASKER SCUBA / MASKER KAIN / MASKER BISA DICUCI,12a581b8c3e117ec9d159e083725dd91.jpg,a7364426079c2ae527d646850270d9ca.jpg,True,False,True,False
363,3593,0.6243378,0.61410666,0.6192222,Masker Scuba (READY),TERMURAH!!! MASKER SCUBA POLOS / MASKER SCUBA KOREA POLOS / MASKER POLOS  / MASKER WAJAH MURAH,12a581b8c3e117ec9d159e083725dd91.jpg,b54f69d3a8635ee67212f9a527ea226f.jpg,True,False,True,False
363,3753,0.53443396,0.67772204,0.606078,Masker Scuba (READY),SCUBA MASKER KAIN MH - NON MEDIS,12a581b8c3e117ec9d159e083725dd91.jpg,bbdeb419b52f24a545f2c9c203d91ee0.jpg,True,False,True,False
363,3776,0.66779435,0.7795353,0.7236648,Masker Scuba (READY),"b""D'Mask Scuba""",12a581b8c3e117ec9d159e083725dd91.jpg,bd9d28c9e5c3ede6e53e39d3e6703aaf.jpg,True,False,True,False
363,3777,0.49784127,0.7795353,0.63868827,Masker Scuba (READY),masker scuba HARGA LOCKDOWN/PSBB,12a581b8c3e117ec9d159e083725dd91.jpg,bd9d28c9e5c3ede6e53e39d3e6703aaf.jpg,True,False,True,False
363,4120,0.47692335,0.77112603,0.6240247,Masker Scuba (READY),MFcollection - Masker Kain Polos Bahan Scuba / Masker Fashion / Masker Kartun Karakter,12a581b8c3e117ec9d159e083725dd91.jpg,cf49fda52c1a345a3ea3ec1a6537d439.jpg,False,False,True,False
363,4614,0.7397239,0.65885186,0.6992879,Masker Scuba (READY),MASKER SCUBA / MASKER KAIN SCUBA / MASKER SCUBA KOREA / EARLOOP MASK / MASKER SCUBA PREMIUM / MASKER,12a581b8c3e117ec9d159e083725dd91.jpg,e7e7e0a033a33c09001fc313af07ffec.jpg,True,False,True,False
363,5017,0.41876477,0.7827533,0.600759,Masker Scuba (READY),littlekiddoss MASK2004 Masker Scuba Dewasa Masker Korea Kain Laser Cut Masker Anti Debu Corona,12a581b8c3e117ec9d159e083725dd91.jpg,fb705c20a33398c33a14eeae37387ec7.jpg,False,False,True,False
371,1462,0.62795043,0.7078291,0.6678898,TERLARIS !!! Bandana Rajut PREMIUM BAHAN TEBAL DAN LEMBUT !!! Ciput rajut premium,PART I BANDANA RAJUT PREMIUM 2 WARNA,130b1f3895749ad90a7b76d6ddfb9826.jpg,4a8a979b662b659cf1934e783fade248.jpg,True,False,False,False
371,2182,0.62570626,0.7092272,0.66746676,TERLARIS !!! Bandana Rajut PREMIUM BAHAN TEBAL DAN LEMBUT !!! Ciput rajut premium,"PART 2 BANDANA RAJUT PREMIUM 2 WARNA,",130b1f3895749ad90a7b76d6ddfb9826.jpg,6f58699e3b04b6fec52f3101e8ea198c.jpg,True,False,False,False
373,522,0.62388813,0.7518989,0.6878935,FA86 FOCALLURE Velvet Liquid Lipstik tahan air tahan lama 9 warna lipstik Matt lip stick,Lipstik Korea 4 Warna Matte Tahan Lama Lipstick,1319df13cb1021f8bdfb0c24efb5ab0b.jpg,1b59963b470adeee836062298814c3a2.jpg,True,False,False,True
373,1017,0.5220261,0.7499186,0.6359724,FA86 FOCALLURE Velvet Liquid Lipstik tahan air tahan lama 9 warna lipstik Matt lip stick,Lipstik Matte 4 Warna Tahan Lama Gaya Korea,1319df13cb1021f8bdfb0c24efb5ab0b.jpg,33ea8d53f46851e2346e0db209e0603a.jpg,True,False,False,True
373,1847,0.42307106,0.7999999,0.6115355,FA86 FOCALLURE Velvet Liquid Lipstik tahan air tahan lama 9 warna lipstik Matt lip stick,BIOAQUA Lipstick Gradasi 3 Warna Tahan Lama,1319df13cb1021f8bdfb0c24efb5ab0b.jpg,5f014c1c69d457012d4f8d718b54a58d.jpg,False,False,False,True
373,2834,0.5270803,0.7692039,0.6481421,FA86 FOCALLURE Velvet Liquid Lipstik tahan air tahan lama 9 warna lipstik Matt lip stick,HEY GIRL LIPSTICK KOREA 4 Warna Matte Tahan Lama Lipstick,1319df13cb1021f8bdfb0c24efb5ab0b.jpg,913e6bc445fe93eb5feb0667f7452820.jpg,True,False,False,True
373,4376,0.47952658,0.78510666,0.6323166,FA86 FOCALLURE Velvet Liquid Lipstik tahan air tahan lama 9 warna lipstik Matt lip stick,Hengfang 4Pcs Lipstick / Lip Gloss Velvet Matte Lipstik,1319df13cb1021f8bdfb0c24efb5ab0b.jpg,db8e9ed31637a210808860a532fbe4fb.jpg,False,False,False,True
377,3609,0.60236347,0.6370388,0.61970115,[BELI 2 GRATIS 1] SABUN TZUKI SOAP - SABUN TZUKI PEMUTIH ORIGINAL BPOM,PROMO !!! BELI 2 GRATIS 1 Sabun KlinSkin Sabun Pemutih Alami Original Sudah BPOM,134a5a596a431431fce0f5b5cf30b875.jpg,b6781b1003813cee5de6bbe487859381.jpg,True,False,False,False
377,4830,0.54786783,0.8073621,0.6776149,[BELI 2 GRATIS 1] SABUN TZUKI SOAP - SABUN TZUKI PEMUTIH ORIGINAL BPOM,Sabun Tzuki Dijamin Asli Original 1000%,134a5a596a431431fce0f5b5cf30b875.jpg,f30b8cda0eda1e699ad3ad38e437cc8d.jpg,True,False,False,True
378,1190,0.51822704,0.74379885,0.6310129,Pajera Maxi | Dress Gamis Mutiara | Baju Muslim Modern,1KG = 4PCS | VEE  DRESS FREE BELT / GAMIS MUSLIM / DRESS MUSLIM MODERN TERBARU,134c278eeed4e4336f5db7932f08c6cc.jpg,3c9e8d93f1925c5b8701c9c30d570f74.jpg,True,False,False,False
378,1191,0.531173,0.74379885,0.6374859,Pajera Maxi | Dress Gamis Mutiara | Baju Muslim Modern,DAISHA DRESS / VEE DRESS FREE BELT / GAMIS MUSLIM / DRESS MUSLIM MODERN TERBARU,134c278eeed4e4336f5db7932f08c6cc.jpg,3c9e8d93f1925c5b8701c9c30d570f74.jpg,True,False,False,False
382,3762,0.44071612,0.80039144,0.6205538,Kerudung Anak Topi hitz usia 3-7 Th,Kerudung jilbab TOPI anak bayi bahan jersey,136c4ad5e5bc99c93f7612dc1e4fa147.jpg,bc65674c3a9227bbb6b1e75519442756.jpg,False,False,False,False
382,5027,0.54819053,0.7350424,0.64161646,Kerudung Anak Topi hitz usia 3-7 Th,Kerudung Anak LED GERIGI / HIJAB usia 3-7 th ( Bisa Nyala),136c4ad5e5bc99c93f7612dc1e4fa147.jpg,fbf042d8956ff3cf7ffec15613ed86a9.jpg,True,False,False,False
383,2454,0.5764514,0.62734246,0.60189694,Bubble warp,BUBBLE WRAP,1386b43bbeabc6d29c17981fff78ecf5.jpg,7d109a5c2d9caa09e6bc71c35f9ac830.jpg,True,False,True,False
384,3388,0.3395891,0.87487733,0.6072332,Kabel vivan micro 2.1A CSM-100 per pc,MICRO USB REALME KABEL DATA MICRO USB ORIGINAL 2A,138da5c52dc93b378eb5c913a2a73fdf.jpg,abf4fe22e641b77185c1061bc035272b.jpg,False,True,False,True
391,993,0.46936116,0.78119254,0.62527686,Herlant Rak dinding vintage 1set isi 3pcs,Rak Dinding Toilet DIY - Rak Toilet Vintage,14121da4bb60198b7881bd4b39e5ccbe.jpg,33226ddf6fa77999546ed42da5b94eac.jpg,False,False,False,False
391,3739,0.43778327,0.8005732,0.61917824,Herlant Rak dinding vintage 1set isi 3pcs,Rak Dinding Toilet DIY - Rak Toilet Vintage M641,14121da4bb60198b7881bd4b39e5ccbe.jpg,bb2d8925aea75020893595d963d3d7a4.jpg,False,False,False,True
395,3650,0.8050948,0.8833634,0.8442291,Koepoe koepoe Bumbu Kare 1000 gr,Koepoe koepoe Baking powder 1000 gr,14424f824c425e9b51f9a3d9d78d4ed5.jpg,b883860e3e85c5da34bdbba845a22019.jpg,True,True,False,False
395,3796,0.71670055,0.7723424,0.7445215,Koepoe koepoe Bumbu Kare 1000 gr,Koepoe Koepoe Baking Powder 1kg,14424f824c425e9b51f9a3d9d78d4ed5.jpg,bea400ebb910442339859b64680c586f.jpg,True,False,False,True
397,1336,0.65858275,0.5702174,0.6144,Minyak Telon Konicare Telon 60 mL - 125 mL / Minyak Telon,Minyak Telon Huki 60 ml #288,1474e07b1f66baf445378753147075ea.jpg,4439071f587bd285e7f575544f651545.jpg,True,False,False,True
397,2208,0.79812413,0.5747804,0.68645227,Minyak Telon Konicare Telon 60 mL - 125 mL / Minyak Telon,Konicare Minyak Telon Plus 30 mL,1474e07b1f66baf445378753147075ea.jpg,70210b9fc70349815c6bd31f21e1956d.jpg,True,False,False,True
397,2513,0.79812413,0.67439634,0.73626024,Minyak Telon Konicare Telon 60 mL - 125 mL / Minyak Telon,Konicare Minyak Telon Plus 30 ml,1474e07b1f66baf445378753147075ea.jpg,7fc0cc0541ca3e42c209767f3cb6e4ec.jpg,True,False,False,True
397,2816,0.79812413,0.6645159,0.73132,Minyak Telon Konicare Telon 60 mL - 125 mL / Minyak Telon,Konicare minyak telon plus 30 ml,1474e07b1f66baf445378753147075ea.jpg,9095211bb81714a42075c97e5694c400.jpg,True,False,False,True
397,4409,0.7485775,0.65293264,0.70075506,Minyak Telon Konicare Telon 60 mL - 125 mL / Minyak Telon,KONICARE MINYAK TELON PLUS 30ML,1474e07b1f66baf445378753147075ea.jpg,dd6898a09bc829bef4738ac6236c8e9f.jpg,True,False,False,True
398,1874,0.6527778,0.585134,0.6189559,Gantungan  aksesoris 2 susun kawat,Aksesoris tas gantungan boneka,1483e6ab720005d480d3dc7773c2d19c.jpg,60151fa175ea9fb91039d3a2b2a391ab.jpg,True,False,False,False
421,4356,0.6822572,0.74278885,0.712523,\xe2\x9d\xa4\xef\xb8\x8fGTB\xe2\x9d\xa4\xef\xb8\x8f R108 Kaos Kaki Polos Bahan Spandek Plus Polyester Fashion Murah Import Batam Cod,\xe2\x9d\xa4\xef\xb8\x8fGTB\xe2\x9d\xa4\xef\xb8\x8f R149 KAOS KAKI ANAK BAYI KOREA KAOSKAKI ANTI SLIP BAYI 3D CUTE ANIMAL BREATHABLE  IMPORT COD,158b92991c9cbdc936d4c1d6cbe8e1d5.jpg,dad67b5bb580040af8f7e5b4f23fc038.jpg,True,False,False,True
434,2332,0.44125277,0.7796412,0.610447,damai fashion jakarta - Rok Plisket / Maxi Skirt Prisket Pleates - konveksi murah,Rok Plisket - Rok Plisket Wanita bahan premium,16643489d5029d67cbaa527a69514b6e.jpg,767ec63b93c6d957ed98a87e057e9da3.jpg,False,False,False,False
434,2648,0.4390603,0.76828754,0.60367393,damai fashion jakarta - Rok Plisket / Maxi Skirt Prisket Pleates - konveksi murah,BELIA ROK PLISKET / ROK PLISKET PREMIUM,16643489d5029d67cbaa527a69514b6e.jpg,86b5a5aaece7dfc552d707162f3e6649.jpg,False,False,False,False
436,672,0.36462203,0.912831,0.63872653,Cosmos 16-SEN Kipas Angin Meja 2in1,Miyako Kipas Angin KAD 1227B / Kipas Meja 1227B [12Inch],1688c445bc1af115e93163bc2ee4e2ad.jpg,21fd77a5e19e95031e1aae48006f96c7.jpg,False,True,False,True
436,1013,0.34220186,0.8667909,0.60449636,Cosmos 16-SEN Kipas Angin Meja 2in1,KIPAS ANGIN MIYAKO BERDIRI KAS 1618 KB 2IN1 LOW WATT 3 KECEPATAN LEVEL,1688c445bc1af115e93163bc2ee4e2ad.jpg,33d335ab340a54be6791df54c83be4fb.jpg,False,True,False,True
436,1354,0.30604407,0.91301334,0.6095287,Cosmos 16-SEN Kipas Angin Meja 2in1,Miyako KAD-1227B Kipas Angin Meja KAD1227B 12Inch,1688c445bc1af115e93163bc2ee4e2ad.jpg,457909670eb28fa218a7c5e308521ebc.jpg,False,True,False,True
437,1776,0.5514483,0.7520401,0.6517442,Blue Band Cake & Cookie Margarin 200gr,BLUEBAND MASTER 500gr - BLUE BAND MCM - MASTER CAKE MARGARINE 100% ASLI,1694729578df22b62ee879f173cf690e.jpg,5be7626e921331b32eeaa38b8933e535.jpg,True,False,False,True
437,2325,0.7329357,0.8410589,0.7869973,Blue Band Cake & Cookie Margarin 200gr,Blue Band Cake & Cookies 200g,1694729578df22b62ee879f173cf690e.jpg,7640775c0ca8ca038cb7e11019a85905.jpg,True,True,False,False
438,1536,0.61196464,0.7943964,0.70318055,Dispenser Odol dan tempat sikat gigi,[WiriWana] - RUMAH UNIK Dispenser Odol Kotak Sikat Gigi Unik,16a288dc57c6080e5b2003886f7b6955.jpg,4e6474bb059b0799f97c7e6822130a52.jpg,True,False,False,False
438,2706,0.58813936,0.7963648,0.69225204,Dispenser Odol dan tempat sikat gigi,DISPENSER ODOL BARU TERMURAH !!,16a288dc57c6080e5b2003886f7b6955.jpg,8a5f92d3d158ef5c045f751aa451f778.jpg,True,False,False,False
438,3181,0.5771681,0.7239529,0.6505605,Dispenser Odol dan tempat sikat gigi,DISPENSER ODOL VERSI BARU..,16a288dc57c6080e5b2003886f7b6955.jpg,a150b4796865cdb160a0d8b744e346b9.jpg,True,False,False,False
451,3561,0.38597655,0.8471379,0.61655724,Healthy Choice Vege Noodle Mustard Greens 200Gr,Healthy Choice Beras Rojo Gebyok 1 Kg,17dee0d058eaa93b24a78d9c71ce49bd.jpg,b3aa860db6c5272659208c91f09f5f6d.jpg,False,True,False,True
455,1443,0.50954765,0.73761404,0.6235808,Baterai Samsung J5 2016 Original SEIN Batre Battery,BATERAI BATRE BATTERY SAMSUNG I9082 / GRAND DUOS ORI 99,1824a737e2a887ebf32f2fc8e51387df.jpg,498d081221dfd280d3e09659d0fbc502.jpg,True,False,False,True
458,2231,0.7406923,0.59651357,0.66860294,PENYARING KRAN AIR / FILTER KRAN AIR KECIL FILTER AIR BIRU,Saringan Filter Keran Air Kran Filter Keran - SRN (SARINGAN KRAN BIRU),183771aff43516506d1f0ec68866f08d.jpg,714178e42118ccb1ead6dd6ed44bc864.jpg,True,False,False,False
458,3476,0.6222664,0.7688668,0.6955666,PENYARING KRAN AIR / FILTER KRAN AIR KECIL FILTER AIR BIRU,Saringan Filter Keran Air Kran - Water Filter Purifier / Faucet Filter,183771aff43516506d1f0ec68866f08d.jpg,afcf658de056500034f2013f6ccd624b.jpg,True,False,False,False
458,3611,0.66520363,0.5947881,0.6299958,PENYARING KRAN AIR / FILTER KRAN AIR KECIL FILTER AIR BIRU,Saringan Filter Keran Air Kran Water Filter Universal,183771aff43516506d1f0ec68866f08d.jpg,b680927334c0092e797f0aa7a767222a.jpg,True,False,False,False
469,1964,0.4818188,0.7786239,0.63022137,NAURA BLOUSE,TANIA BLOUSE GOLD,18f55d0eb7d48dc8ac75142e2b22cde7.jpg,6515d63ee4f07951f2b1ab2e799277c3.jpg,True,False,True,False
470,4073,0.4256953,0.8388433,0.63226926,11.11 SIB 09 FLIPFLOP BELLA / Sandal teplek Wanita,"SGC 53 FLIPFLOP SANDALS MUTE,",18f90575971bb137b38942a54d6e84d9.jpg,cd4bb44e0dfc394c8cef8dfa2fe1de72.jpg,False,False,False,True
473,490,0.72788626,0.66283715,0.69536173,[ Refill ] Wardah Instaperfect Matte Fit Powder Foundation 13gr,Wardah Instaperfect MATTE FIT Powder Foundation 14. Cr\xc3\xa8me 13 g,190681765dcf67e86691312221ad986c.jpg,1a25278e1d197469e6ffcb9f02f87ee8.jpg,True,False,False,True
473,1287,0.42311692,0.7834207,0.6032688,[ Refill ] Wardah Instaperfect Matte Fit Powder Foundation 13gr,Wardah Refill BB Lightening Cake Powder,190681765dcf67e86691312221ad986c.jpg,414f33c792ec491efe07f80278b75d7c.jpg,False,False,False,False
473,2260,0.89300007,0.80542433,0.84921217,[ Refill ] Wardah Instaperfect Matte Fit Powder Foundation 13gr,Wardah Instaperfect MATTE FIT Powder Foundation,190681765dcf67e86691312221ad986c.jpg,728d5751794d1aed985408c169641b67.jpg,True,False,False,False
474,4140,0.61457515,0.6384814,0.62652826,WS882 Sarung Tangan Plastik Higienis isi 100PCS,Sarung Tangan Plastik Higienis Hand Glove Disposable  isi 100,1914dff9656c769a01ca10cedb06f479.jpg,d0244576deef23ee67234c0c8413eb00.jpg,True,False,False,True
480,736,0.67012036,0.7312523,0.70068634,hokyfashion PIYAMA DEWASA CP DORAEMON STAR 2W KATUN JEPANG FIT TO XL,hokyfashion PIYAMA/PAJAMAS HP TEDDY BEAR 2W / KATUN JEPANG FIT TO XL,197f8b45508c3647abda597834e45ec5.jpg,2591b7be5cbe9db99874d85589a53cd2.jpg,True,False,False,False
483,1133,0.6355232,0.6933229,0.66442305,Hanasui - Body Spa Coffee - 300 ml,SPA BODY HANASUI BPOM,19af6c4e2f5ab597f665b927478df949.jpg,39a74068eca03159613b2e718c210768.jpg,True,False,False,False
483,1669,0.5458208,0.6955619,0.6206913,Hanasui - Body Spa Coffee - 300 ml,Hanasui Body Spa Body Exfoliating Gel 300ml,19af6c4e2f5ab597f665b927478df949.jpg,5686a879d060e4748a5b60c2a6ad8fe0.jpg,True,False,False,False
483,5013,0.44030967,0.76722443,0.60376704,Hanasui - Body Spa Coffee - 300 ml,[BPOM] HANASUI Body Spa Exfoliating Gel with Collagen 300ml,19af6c4e2f5ab597f665b927478df949.jpg,fb45b52d159ecfbb0a5809bdddc2b81d.jpg,False,False,False,False
484,3543,0.42042702,0.8067442,0.6135856,Maura dress/maxy,GAMIS MAXY DRESS GHANIA PLISKET,19b5299402af4f648c9499280e9b633c.jpg,b2a44cf8a508e99048f441f51e216df0.jpg,False,False,True,False
490,621,0.76341695,0.64809513,0.70575607,Wardah Instaperfect MATTE FIT Powder Foundation 14. Cr\xc3\xa8me 13 g,WARDAH INSTAPERFECT MATTE FIT POWDER FOUNDATION 13 Gr REFILL,1a25278e1d197469e6ffcb9f02f87ee8.jpg,1f8dfbe10eaeb81bd5fa1c824a4ce2fb.jpg,True,False,False,True
490,2431,0.7040354,0.65082777,0.6774316,Wardah Instaperfect MATTE FIT Powder Foundation 14. Cr\xc3\xa8me 13 g,Wardah Refill Instaperfect Matte Fit Powder Foundation 12. IVORY 13 g,1a25278e1d197469e6ffcb9f02f87ee8.jpg,7bc365154a69659871ee5ab28d0e827b.jpg,True,False,False,True
490,2690,0.7379,0.64339477,0.69064736,Wardah Instaperfect MATTE FIT Powder Foundation 14. Cr\xc3\xa8me 13 g,(REFILL) Wardah Instaperfect Matte Fit Powder Foundation,1a25278e1d197469e6ffcb9f02f87ee8.jpg,898ad104b0bbd2a7cb289c08bdec7608.jpg,True,False,False,False
490,2691,0.7250554,0.64339477,0.6842251,Wardah Instaperfect MATTE FIT Powder Foundation 14. Cr\xc3\xa8me 13 g,Wardah Refill Instaperfect MATTE FIT Powder Foundation 13 BEIGE 13 g,1a25278e1d197469e6ffcb9f02f87ee8.jpg,898ad104b0bbd2a7cb289c08bdec7608.jpg,True,False,False,True
490,3729,0.73623496,0.6528783,0.6945566,Wardah Instaperfect MATTE FIT Powder Foundation 14. Cr\xc3\xa8me 13 g,Wardah Refill Instaperfect Matte Fit Powder Foundation 11. FAIR 13 g,1a25278e1d197469e6ffcb9f02f87ee8.jpg,baadc20a66bdc374e712543bd7141724.jpg,True,False,False,True
497,563,0.49867317,0.7947173,0.64669526,Kaos Kaki Bayi / Kaos Kaki Anak Motif Imut,BBBC Kaos Kaki Wanita Motif Polos Import Semata Kaki Bayar Ditempat (),1a5eaf6c57865e488f294b4a46d549df.jpg,1c9b4f1830fb2b08be03d0afa161e3bc.jpg,True,False,False,False
497,734,0.6098823,0.7541094,0.68199587,Kaos Kaki Bayi / Kaos Kaki Anak Motif Imut,Kaos Kaki Semata Kaki,1a5eaf6c57865e488f294b4a46d549df.jpg,254f6de4acc5a418f4a864f365ad9552.jpg,True,False,False,False
497,735,0.45663407,0.7541094,0.6053717,Kaos Kaki Bayi / Kaos Kaki Anak Motif Imut,Kaos kaki ankle polos wanita,1a5eaf6c57865e488f294b4a46d549df.jpg,254f6de4acc5a418f4a864f365ad9552.jpg,False,False,False,False
497,1018,0.71942574,0.80792564,0.7636757,Kaos Kaki Bayi / Kaos Kaki Anak Motif Imut,Kaos Kaki Anak Bulu Motif,1a5eaf6c57865e488f294b4a46d549df.jpg,33f28f89b2b316dd609db05efa0e1a9f.jpg,True,False,False,False
497,1229,0.55327964,0.6954468,0.6243632,Kaos Kaki Bayi / Kaos Kaki Anak Motif Imut,Kaos Kaki Anak Bayi CUTE ANIMAL 3D Impor.,1a5eaf6c57865e488f294b4a46d549df.jpg,3e730446a4c9217affbfe4358b3f3428.jpg,True,False,False,False
497,1233,0.44396386,0.7834093,0.61368656,Kaos Kaki Bayi / Kaos Kaki Anak Motif Imut,DD373 (1KG=65PCS) COD Kaos Kaki Bayi Karakter Hewan Lucu Kaos Kaki Bayi ala Korea Lucu Anti Slip Mrh,1a5eaf6c57865e488f294b4a46d549df.jpg,3e8f4f89608c4be1495b85ca3b8f7946.jpg,False,False,False,False
497,1308,0.71369547,0.7567173,0.73520637,Kaos Kaki Bayi / Kaos Kaki Anak Motif Imut,[5 SET] Kaos Kaki Bayi / Kaos Kaki Anak 0-12 Bulan,1a5eaf6c57865e488f294b4a46d549df.jpg,429e222369930bab827ef3e1d32f32d7.jpg,True,False,False,False
497,1942,0.48535845,0.8323039,0.6588312,Kaos Kaki Bayi / Kaos Kaki Anak Motif Imut,BBBC Kaos Kaki Wanita Motif 3 Warna Import Semata Kaki Bayar Ditempat (),1a5eaf6c57865e488f294b4a46d549df.jpg,645d9141f91ce015c0a9888159b72b68.jpg,True,False,False,False
497,1953,0.5072544,0.70597816,0.60661626,Kaos Kaki Bayi / Kaos Kaki Anak Motif Imut,HO KAOS KAKI WANITA MOTIF POLOS IMPOR SEMATA KAKI #BISA BAYAR DITEMPAT(COD),1a5eaf6c57865e488f294b4a46d549df.jpg,64ad3a1263f38c972f47b66330abe40a.jpg,True,False,False,False
497,2897,0.6350233,0.79875505,0.71688914,Kaos Kaki Bayi / Kaos Kaki Anak Motif Imut,Kaos Kaki 3 warna Ankle Kaos kaki Cute Kaos Kaki Aneka Motif semata kaki,1a5eaf6c57865e488f294b4a46d549df.jpg,94416fc9fdc43af1a35fdae411c62491.jpg,True,False,False,False
497,3707,0.4881477,0.7508557,0.6195017,Kaos Kaki Bayi / Kaos Kaki Anak Motif Imut,HC KAOS KAKI WANITA MOTIF 3 WARNA IMPOR SEMATA KAKI#Bisa bayar ditempat (COD),1a5eaf6c57865e488f294b4a46d549df.jpg,ba5aa7617eafcf2b883e3da2d448f741.jpg,True,False,False,False
497,3801,0.49321932,0.7426952,0.61795723,Kaos Kaki Bayi / Kaos Kaki Anak Motif Imut,Kaos kaki spandex,1a5eaf6c57865e488f294b4a46d549df.jpg,bf57badb33ec4dd212a0f0a129f8f8b7.jpg,True,False,True,False
497,3805,0.5451505,0.77336276,0.65925664,Kaos Kaki Bayi / Kaos Kaki Anak Motif Imut,Kaos kaki polos semata kaki import,1a5eaf6c57865e488f294b4a46d549df.jpg,bf8b7bcb8278faa9ad147443e5509299.jpg,True,False,False,False
497,4056,0.54554296,0.7610629,0.6533029,Kaos Kaki Bayi / Kaos Kaki Anak Motif Imut,[5 SET] Kaos Kaki Bayi Kaos Kaki Anak 012 Bulan BIRU MUDA H8L1 BabyCute,1a5eaf6c57865e488f294b4a46d549df.jpg,cc5baca87f8e4720591c3584b28039af.jpg,True,False,False,False
497,4471,0.8142696,0.6890451,0.75165737,Kaos Kaki Bayi / Kaos Kaki Anak Motif Imut,Kaos Kaki Motif Polos Imut,1a5eaf6c57865e488f294b4a46d549df.jpg,e089b7618af708e339beee23471f15ea.jpg,True,False,False,False
497,4472,0.7071701,0.6890451,0.6981076,Kaos Kaki Bayi / Kaos Kaki Anak Motif Imut,Kaos kaki Motif PoLos,1a5eaf6c57865e488f294b4a46d549df.jpg,e089b7618af708e339beee23471f15ea.jpg,True,False,False,False
497,4578,0.62490326,0.76761067,0.696257,Kaos Kaki Bayi / Kaos Kaki Anak Motif Imut,"KAOS KAKI BAYI, KAOS KAKI BULU ANAK, KAOS KAKI BINATANG, BABY SOCKS, KAOS BULU",1a5eaf6c57865e488f294b4a46d549df.jpg,e5d24b26fcf034e9f6f7a92d043ff6f0.jpg,True,False,False,False
497,4655,0.5257153,0.73258203,0.62914866,Kaos Kaki Bayi / Kaos Kaki Anak Motif Imut,IMPORT Kaos Kaki Ankle Dari Jakarta BISA COD Kaos Kaki Cute Kaus Kaki Motif / Warna Polos BG,1a5eaf6c57865e488f294b4a46d549df.jpg,e9ff9a7e9e4a476f40cd7808addbba3b.jpg,True,False,False,False
508,2136,0.6245869,0.63630766,0.63044727,[ACQ] Gantungan Hook Isi 6,GANTUNGAN TEMPEL DINDING ISI 6 HOOK,1ac36cccd6ecc96886659591c493d4a9.jpg,6d8144a462da8c34652fd4cf003d3742.jpg,True,False,False,False
508,5010,0.4817856,0.75658774,0.61918664,[ACQ] Gantungan Hook Isi 6,GANTUNGAN Hook Multifungsi - Gantungan Baju Organizer - Gantungan Baju Tempel 6pcs,1ac36cccd6ecc96886659591c493d4a9.jpg,fb38f2b77e3e6f4c8cfeedb80a279f8b.jpg,True,False,False,False
512,2093,0.51966596,0.77537465,0.6475203,BAHAN STAINLESS/ Pisau Kupas Buah Dan Sayuran / Pisau Dapur Tajam Anti Karat /Pisau Dapur Serbaguna,Set Pisau Dapur Full Set Talenan Dan Gunting Harga Termurah Import Pisau Dapur Anti Karat Bestseller,1ace6e87787751d6443c353c628ac506.jpg,6b3412744bf5f23b6ecf33e461327ca5.jpg,True,False,False,False
512,2131,0.42298928,0.84287596,0.6329326,BAHAN STAINLESS/ Pisau Kupas Buah Dan Sayuran / Pisau Dapur Tajam Anti Karat /Pisau Dapur Serbaguna,[ COD Bayar Di Tempat ]Set Pisau Dapur Full Set Talenan dan Gunting Harga TERMURAH Import Anti Karat,1ace6e87787751d6443c353c628ac506.jpg,6d0d8a07c5d57f8b6e1ed4a097ebb6e1.jpg,False,True,False,False
512,2577,0.51966596,0.69608426,0.6078751,BAHAN STAINLESS/ Pisau Kupas Buah Dan Sayuran / Pisau Dapur Tajam Anti Karat /Pisau Dapur Serbaguna,Set Pisau Dapur Full Set Talenan Dan Gunting Harga Termurah Import Pisau Dapur Anti Karat Bestseller,1ace6e87787751d6443c353c628ac506.jpg,833e734f814d8c92cc4bcfe001c22086.jpg,True,False,False,False
515,2543,0.47657344,0.7279215,0.6022475,Semprotan Sprayer Tanaman Kyokan 2 Liter,Botol spray semprotan 500 ml,1b0380cc960465467fe663b73a57fbef.jpg,8181fec21c0ae5bd0ccd89fa3f03f357.jpg,False,False,False,True
515,3256,0.6800466,0.81993914,0.74999285,Semprotan Sprayer Tanaman Kyokan 2 Liter,Alat Semprotan Disinfektan 2 Liter Hand Sprayer tanaman spray,1b0380cc960465467fe663b73a57fbef.jpg,a59d11e7ff29bb13225c3fdc555cda0e.jpg,True,False,False,False
515,4000,0.6197897,0.6840303,0.65191,Semprotan Sprayer Tanaman Kyokan 2 Liter,Semprotan tanaman 2 liter/semprotan disinfektan/semprotan hama,1b0380cc960465467fe663b73a57fbef.jpg,c9704446065315d74482645f2b66103c.jpg,True,False,False,False
522,1217,0.53347,0.7354482,0.6344591,Lipstik Korea 4 Warna Matte Tahan Lama Lipstick,Elshe Skin Matte Lipstick,1b59963b470adeee836062298814c3a2.jpg,3ddd44872077c1667ad648f4077f2cb0.jpg,True,False,False,False
522,4823,0.4782893,0.75833297,0.61831117,Lipstik Korea 4 Warna Matte Tahan Lama Lipstick,Lakme Make Up Lipstik Argan Lip Matte Peach Beach Absolute Lipstik Matte,1b59963b470adeee836062298814c3a2.jpg,f289a85325b33a1887ea408958cbf384.jpg,False,False,False,False
523,3388,0.4700456,0.7460936,0.6080696,CHARGER CASAN BRANDED VOOC REAL 2A MICRO USB,MICRO USB REALME KABEL DATA MICRO USB ORIGINAL 2A,1b68e3459b54d508ce41c244c13c8884.jpg,abf4fe22e641b77185c1061bc035272b.jpg,False,False,False,False
535,660,0.48236242,0.73651236,0.6094374,Jam Tangan Anak Karakter 4 in 1,Masker kain anak karakter 2 lapis,1bb617bb2cfb0f0fc0b03c0c6fea5812.jpg,219b427a700bbb4928ce1466939ede3d.jpg,True,False,False,True
541,1921,0.4635544,0.7822653,0.62290984,Pixy BB Cream UV Whitening 4 Beauty SPF 30+++ 100% ORIGINAL,Pixy UV Whitening Loose Powder,1bf358de95a3bb9a618a24b2fbc55577.jpg,62fb29c283dc560c04dbabd7d03c758c.jpg,False,False,False,False
541,2502,0.4635544,0.80716395,0.63535917,Pixy BB Cream UV Whitening 4 Beauty SPF 30+++ 100% ORIGINAL,Pixy UV Whitening Loose Powder,1bf358de95a3bb9a618a24b2fbc55577.jpg,7f504024cd7aa37dc11e9f936be46147.jpg,False,False,False,False
544,855,0.5109357,0.81246555,0.6617006,Jus Juice Cup Blender Portable Mata EMPAT / USB Blender Juicer / Alat Pembuat Jus [Gratis Bubble],JUICER PORTABLE USB & RECHARGEABLE TERMURAH / BLENDER PORTABLE [MMI- 500GR],1c06c998b3f8068e7c15614b7d2e7e43.jpg,2be966d2a44ebfcb166115c75bce5487.jpg,True,False,False,False
544,1569,0.4500558,0.7677876,0.6089217,Jus Juice Cup Blender Portable Mata EMPAT / USB Blender Juicer / Alat Pembuat Jus [Gratis Bubble],Shake n take portable rechargeable / juicer mini / blender mini,1c06c998b3f8068e7c15614b7d2e7e43.jpg,5044ffd8ef64998579afc6944663e40b.jpg,False,False,False,False
550,4479,0.58800316,0.7834209,0.68571204,KAOS KAKI BALET INVISIBLE SOCK - FLAT SHOES,Kaos Kaki Invisible Warna Warni,1c4ab084d842b16f1cb304e9a85c6c3d.jpg,e0e5f660fa462d226c5cc12259e81e55.jpg,True,False,False,False
552,1327,0.63109905,0.5727657,0.6019324,Boneka KPOP BT21 BTS,uzmi - Stiker Aimi Kpop BTS BT21 3D,1c6735ef2af24a0fe9e5eb361d27a379.jpg,437d8070499015b9b4d25cd1a84476c1.jpg,True,False,False,True
552,4357,0.632658,0.57500863,0.6038333,Boneka KPOP BT21 BTS,Sticker BTS 3D Karakter BT21 Kpop Korea,1c6735ef2af24a0fe9e5eb361d27a379.jpg,dadcac7472eec1a5ff56143ab3d6360a.jpg,True,False,False,True
552,4412,0.61852735,0.5964649,0.60749614,Boneka KPOP BT21 BTS,KPOP BTS BT21 STICKER DIY BUBBLE 3D,1c6735ef2af24a0fe9e5eb361d27a379.jpg,dda6083fab486258a1a8e26b99ef8575.jpg,True,False,False,True
553,3172,0.5365887,0.8240808,0.6803348,"KALAS Piring, aneka warna campuran warna pastel .",KALAS piring makan anak / piring plastik warna warni / isi 6 pcs PIRING ANAK,1c68f5208a7de1d27f9e6fde8ab71831.jpg,a0d59b42f4ed4bd1274ecd1b6f3d7177.jpg,True,False,False,False
554,1771,0.51663643,0.8444849,0.6805607,Celana taktical panjang - Celana cargo panjang - Celana blackhawk,Celana cargo panjang loreng original rebel one,1c6bdcd2c45c1656a9cb24d08d2f071a.jpg,5bb8b3a3b51d2f87606405b783ca813e.jpg,True,True,False,False
554,3839,0.6084345,0.7015724,0.6550034,Celana taktical panjang - Celana cargo panjang - Celana blackhawk,ORIGINAL CELANA TACTICAL CARGO OUTDOOR CELANA PANJANG PRIA,1c6bdcd2c45c1656a9cb24d08d2f071a.jpg,c0ca376731b6a484cc36485f30c6b439.jpg,True,False,False,False
554,5019,0.47839203,0.75707567,0.61773384,Celana taktical panjang - Celana cargo panjang - Celana blackhawk,Celana cargo panjang loreng original ELDR 30 sd 36,1c6bdcd2c45c1656a9cb24d08d2f071a.jpg,fbc8091a6cca00f57f929437e6468523.jpg,False,False,False,False
556,2306,0.47326806,0.7293153,0.60129166,KODOMO - BABY WIPES 50 + 50 SHEETS / BUNDLING BUY 1 EXTRA 1,Sweety Baby Wipes 50 Sheets Perfumed,1c722d058280a6f728f2048f90c6ea25.jpg,754c5f87e751b465cb7f809577f802c3.jpg,False,False,False,True
559,4059,0.45901182,0.79071295,0.6248624,Azarine Lightening ToneUp Body Serum 100 ml C White,Azarine Eyeluminate Firming Serum 15ml C White,1c75077afc860d93b52d88404e03c200.jpg,cc7252e6a1ebaffbe1ea82dafeae00ca.jpg,False,False,False,True
561,1383,0.45709258,0.78542817,0.6212604,Prochiz cheddar keju 170gr. Prochiz Gold cheddar 170gr.,KRAFT KEJU CHEDDAR 165 GR,1c96cc0c5f29e0e9173ee62d7b70fc75.jpg,46e186e92e1d6489a0c020e7ae3df4fa.jpg,False,False,False,True
561,3434,0.45709258,0.7601395,0.60861605,Prochiz cheddar keju 170gr. Prochiz Gold cheddar 170gr.,Keju KRAFT CHEDDAR 165 Gr,1c96cc0c5f29e0e9173ee62d7b70fc75.jpg,ad558a355b718ee0119f315ae8d6dca1.jpg,False,False,False,True
568,2829,0.46128118,0.82209283,0.64168704,Kikkoman hoisin sauce,Kikkoman Soy Sauce Halal 150ml Shoyu Kecap Asin khas Jepang HALAL,1cf1ccf04382be09243437d23b700411.jpg,90fdb5c3a4fcdd9912f1a13f81b44c22.jpg,False,False,True,False
571,855,0.5114524,0.87092435,0.69118834,Jus Juice Cup Blender 4 Mata Pisau Portable Original / USB Blender Juicer / Alat Pembuat Jus,JUICER PORTABLE USB & RECHARGEABLE TERMURAH / BLENDER PORTABLE [MMI- 500GR],1d3702e42afbec82aef562e67917b6de.jpg,2be966d2a44ebfcb166115c75bce5487.jpg,True,True,False,True
571,1129,0.5037628,0.72777045,0.61576664,Jus Juice Cup Blender 4 Mata Pisau Portable Original / USB Blender Juicer / Alat Pembuat Jus,Botol Juicer Blender Portable & rechargeable BOTOL JUZZ PRAKTIS  New Shake & Take JUICER BLENDER,1d3702e42afbec82aef562e67917b6de.jpg,399e3f49114171437d7a279637382e1d.jpg,True,False,False,False
571,1569,0.4535834,0.8156797,0.6346316,Jus Juice Cup Blender 4 Mata Pisau Portable Original / USB Blender Juicer / Alat Pembuat Jus,Shake n take portable rechargeable / juicer mini / blender mini,1d3702e42afbec82aef562e67917b6de.jpg,5044ffd8ef64998579afc6944663e40b.jpg,False,False,False,False
573,3494,0.6393111,0.772585,0.705948,OMILAND BANTAL MENYUSUI PANDA,SALE 11.11!!! Bantal Menyusui Panda Series Omiland OWB1141 TERMURAH,1d6620c93f08762090bc4fd95150d205.jpg,b072c44e36e2f94afb313312f0ef868f.jpg,True,False,False,False
573,4855,0.7240349,0.77933955,0.7516872,OMILAND BANTAL MENYUSUI PANDA,Bantal Menyusui Panda Series Omiland OWB1141,1d6620c93f08762090bc4fd95150d205.jpg,f3e37a63b3595ec422027926fe7270a7.jpg,True,False,False,False
574,1870,0.4566232,0.77552426,0.6160737,IKAT PINGGANG AKSESORIES /BELT,VANILLESHOP - Ikat Pinggang Wanita Ring Belt GC,1d67548cf62b8889e5e55a13dea292f4.jpg,60096b4c445541ae9b73bb8e213259cf.jpg,False,False,False,False
581,4331,0.5547259,0.68850094,0.6216134,KAFTAN SUZAN RENDA KAFTAN DRESS WOLFIS PREMIUM,KAFTAN POLOS,1d8ee550e0d1a82bf90c76f01b793852.jpg,d9fbb4392ecaa8b36671581d7f6f32d5.jpg,True,False,True,False
586,4953,0.4168037,0.78572583,0.6012648,Ramayana x The Sandals Sneaker Wanita Tanpa Tali (RLTN-1737-PUTIH),Ramayana x The Sandals Sepatu Wanita Heels Hak Besar (RAD-508-CREAM),1daf1d5a07f63318b21aaab7cd348604.jpg,f7b720ae0a81767e923ceffc661f7f3f.jpg,False,False,False,True
587,953,0.52573574,0.6860068,0.60587126,Headset Earphone FOOMEE QA30  jack 3.5mm Original,Headset Earphone Handsfree Original,1dc61fa848a701bc630a690e45d6c9d9.jpg,31485f8f14df52d6b74a02b9e7f5682b.jpg,True,False,False,False
588,3338,0.42865103,0.77436185,0.6015065,DINNY- Piyama SIZE 11 usia 9 s/d 10 tahun,Baju tidur anak / Piyama anak 5-10 tahun,1dc7b51ca4fbe40f8e1e8a5c3b1302a9.jpg,a9c9933c91c0b73c9241bfff383de0fa.jpg,False,False,False,True
596,3818,0.51928836,0.8222491,0.67076874,Vitacimin Vitamin C 500mg Strip Isi 2 Tablet,Vitamin C IPI 50mg 45 Tablet [READY STOCK],1e0b02db95a442ac812ecd47e7adf01d.jpg,bffcbfc5c94c38952de0c4c091114b3a.jpg,True,False,False,True
599,2590,0.7993068,0.60765666,0.70348173,MASKER SCUBA UNISEX NAVY / MASKER SCUBA EARLOOP /MASKER KAIN SCUBA /MASKER KOREA /MASKER SCUBA KOREA,MASKER POLOS KAIN SCUBA MURAH / MASKER KOREA SCUBA / MASKER KAIN,1e306c8d85f19d0f0927804d57a3cb97.jpg,83c95211f0d81b268539817f29505350.jpg,True,False,False,False
599,2885,0.79423606,0.59363484,0.69393545,MASKER SCUBA UNISEX NAVY / MASKER SCUBA EARLOOP /MASKER KAIN SCUBA /MASKER KOREA /MASKER SCUBA KOREA,masker scuba,1e306c8d85f19d0f0927804d57a3cb97.jpg,93a72d35c9cca0a0f29d04c302469463.jpg,True,False,True,False
599,3289,0.6421738,0.5748813,0.60852754,MASKER SCUBA UNISEX NAVY / MASKER SCUBA EARLOOP /MASKER KAIN SCUBA /MASKER KOREA /MASKER SCUBA KOREA,MASKER SCUBA / MASKER KAIN / MASKER BISA DICUCI,1e306c8d85f19d0f0927804d57a3cb97.jpg,a7364426079c2ae527d646850270d9ca.jpg,True,False,False,False
599,3593,0.6568618,0.6614695,0.6591656,MASKER SCUBA UNISEX NAVY / MASKER SCUBA EARLOOP /MASKER KAIN SCUBA /MASKER KOREA /MASKER SCUBA KOREA,TERMURAH!!! MASKER SCUBA POLOS / MASKER SCUBA KOREA POLOS / MASKER POLOS  / MASKER WAJAH MURAH,1e306c8d85f19d0f0927804d57a3cb97.jpg,b54f69d3a8635ee67212f9a527ea226f.jpg,True,False,False,False
601,2360,0.68013924,0.60495764,0.64254844,SANDAL NIKE BENASSI SLIDE SENDAL SLIP ON SPORT KASUAL IMPORT PREMIUM PRIA WANITA MADE IN VIETNAM,SANDAL SLIDE ON NIKE BENASSI SANDAL SLIP ON SANDAL KASUAL SENDAL SLIP ON SANDAL HYPE,1e43ae2adf951c145d951889c87957ce.jpg,77df39b7916fb80971d8efb94f4e6c4c.jpg,True,False,False,False
602,4331,0.5138757,0.6922168,0.6030463,KAFTAN NAGITA/ GAMIS KAFTAN ORIGINAL BORDIR PAYET BAHAN MARBELA,KAFTAN POLOS,1e4687a818f007fb2b78103d1b31d1ef.jpg,d9fbb4392ecaa8b36671581d7f6f32d5.jpg,True,False,True,False
614,3424,0.60628253,0.6503639,0.6283232,[ Promo Flash Sale ] Mecca Syari S M L XL | Fashion Muslim Gamis Syari Terbaru | Bahan Moscrepe HQ,Gamis Syari Remaja Terbaru Avita Dress Moscrepe Fashion Muslim Murah,1eebda081e5583069e82bd640d3b8d61.jpg,ad2a6d03aa123a5e6522274712ce0289.jpg,True,False,False,False
616,3395,0.5257375,0.7048309,0.6152842,Yummy Bites Organic Noodle,Yummy Bites Bebe Roll,1efe74e7b3144f38892755d6d0914571.jpg,ac52d1db3f98a5100052d69c93780dcd.jpg,True,False,False,False
618,700,0.692697,0.7890654,0.7408812,Healthy Choice Beras Merah Organik 1kg,Healthy Choice Beras Rojo Gebyok Organik 1 kg,1f0ff584a5d7f3853400aa5027393bb1.jpg,2371d61390dd1691fb7c1e608e3de6da.jpg,True,False,False,False
618,3561,0.5860394,0.6612785,0.62365896,Healthy Choice Beras Merah Organik 1kg,Healthy Choice Beras Rojo Gebyok 1 Kg,1f0ff584a5d7f3853400aa5027393bb1.jpg,b3aa860db6c5272659208c91f09f5f6d.jpg,True,False,False,False
620,1106,0.77641076,0.69806075,0.7372358,BAJU TSHIRT KAOS DISTRO PATRICK OTSKY / ATASAN PRIA / T-SHIRT PRIA,BAJU TSHIRT KAOS DISTRO BUSHIDO / ATASAN PRIA / T-SHIRT PRIA,1f5cd134c97a4b6a2ef3058eecd064a7.jpg,38608c32ae3bc684f9f072284b34df99.jpg,True,False,False,False
620,4571,0.5373997,0.6866977,0.61204875,BAJU TSHIRT KAOS DISTRO PATRICK OTSKY / ATASAN PRIA / T-SHIRT PRIA,ELELYON / TOPENG BUSHIDO / GROSIR ATASAN / TSHIRT / KAOS / BAJU DISTRO BANDUNG PRIA / COWOK,1f5cd134c97a4b6a2ef3058eecd064a7.jpg,e586defb03e2a3a1ef1cc17ed8e6ea36.jpg,True,False,False,False
621,1287,0.42453083,0.7994715,0.6120012,WARDAH INSTAPERFECT MATTE FIT POWDER FOUNDATION 13 Gr REFILL,Wardah Refill BB Lightening Cake Powder,1f8dfbe10eaeb81bd5fa1c824a4ce2fb.jpg,414f33c792ec491efe07f80278b75d7c.jpg,False,False,False,False
621,2260,0.8959842,0.77770954,0.8368468,WARDAH INSTAPERFECT MATTE FIT POWDER FOUNDATION 13 Gr REFILL,Wardah Instaperfect MATTE FIT Powder Foundation,1f8dfbe10eaeb81bd5fa1c824a4ce2fb.jpg,728d5751794d1aed985408c169641b67.jpg,True,False,False,False
623,635,0.5372507,0.71360767,0.62542915,Dengan Paper Bag TABITA EXCLUSIVE ORIGINAL KEMASAN KECIL,Paket Tabita 40Gr Exclusive Barcode + Exp Date Original,1fa78236f17c1b37dddb2c5e0269bb7d.jpg,207a5115f6d9b9c80cc9e215ff080248.jpg,True,False,False,False
628,3374,0.62261564,0.67503166,0.6488236,Piyama anak/ baju tidur anak karakter umur 1-5 tahun,PIYAMA ANAK / BAJU ANAK USIA 6-12 TAHUN MURAH,20056a42be6525fd3869b20bddbd9b97.jpg,ab5f56be0243533695706bf62780bd77.jpg,True,False,False,True
630,2008,0.5167792,0.7827923,0.64978576,kopiah peci miki hat topi hijrah,TERMURAH PECI POLOS / PECI UNIK / PECI UAS / KUPIAH POLOS / MIKI HAT,203a14f9a81b84e3af08f3d48eabe2a2.jpg,6754999969515690893f3bbff2e612c2.jpg,True,False,False,False
635,1012,0.6403814,0.75334644,0.6968639,Paket Tabita 40Gr Exclusive Barcode + Exp Date Original,Tabita Exclusive Original (Paket Besar Tabita) Set Lengkap,207a5115f6d9b9c80cc9e215ff080248.jpg,33c29d7005ac6f5bd7fdb2fb4891c51b.jpg,True,False,False,False
635,4122,0.65463316,0.75539577,0.70501447,Paket Tabita 40Gr Exclusive Barcode + Exp Date Original,TABITA EXCLUSIVE ORIGINAL (BESAR),207a5115f6d9b9c80cc9e215ff080248.jpg,cf61eddf9cec82955dded045f1325a88.jpg,True,False,False,False
640,828,0.4085942,0.87208796,0.64034104,Kabel Data Realme Micro USB 100cm Original 100% - 2 Pro 3 5 5i C1 C2 C3 C11 C12 C15 U1 CablE,Kabel Micro Vivan 1 Meter - Cable Lighting Fast Charger - Kabel Data 100cm,2094a5eb3edc5f23639e0e8215fb13d3.jpg,2a44dfa775cb33ada48db992a239ad50.jpg,False,True,False,True
640,1581,0.33217558,0.8705159,0.6013457,Kabel Data Realme Micro USB 100cm Original 100% - 2 Pro 3 5 5i C1 C2 C3 C11 C12 C15 U1 CablE,KABEL DATA VIVAN CSM 100S MICRO USB 1 METER-CABLE CSM 100S FAST,2094a5eb3edc5f23639e0e8215fb13d3.jpg,512959ac828dabf4935f2c4d7267c401.jpg,False,True,False,True
640,2626,0.39089483,0.8677434,0.6293191,Kabel Data Realme Micro USB 100cm Original 100% - 2 Pro 3 5 5i C1 C2 C3 C11 C12 C15 U1 CablE,Kabel Charger VIVAN CSM100 Data Cable Micro USB Android V8 100cm Kabel Casan Output 2.0A FULL,2094a5eb3edc5f23639e0e8215fb13d3.jpg,856852536d5c1455bceefc1e80f991e7.jpg,False,True,False,True
646,3536,0.66096437,0.7643528,0.7126586,Serum Gold CV. Jaya Mandiri ORIGINAL BPOM,SERUM WHITENING GOLD HANASUI / SERGOLD / JAYA MANDIRI / SERUM WAJAH ORIGINAL,20e031ac4d24b445d4234bebdedb5ef6.jpg,b23fa607c9c3947b0f0b93df9b50286b.jpg,True,False,False,False
647,2757,0.5762186,0.73019254,0.6532056,SPEAKER QURAN 30 JUZ LENGKAP,(TERBARU & TERLENGKAP) Speaker Alquran 30 Juz AN-NUR Bluetooth Chip 16 GB,20e25d5fe7e6e62b087e926bb1d79e9a.jpg,8df8bc50405858438a99064265dfc208.jpg,True,False,False,True
651,3543,0.42042702,0.7957584,0.6080927,Maura dress/maxy,GAMIS MAXY DRESS GHANIA PLISKET,21440947fee2e065a345f9d78a6733ed.jpg,b2a44cf8a508e99048f441f51e216df0.jpg,False,False,True,False
654,2008,0.45736378,0.90490806,0.6811359,Miki hat topi peci pemuda hijrah,TERMURAH PECI POLOS / PECI UNIK / PECI UAS / KUPIAH POLOS / MIKI HAT,21524a1c1188696880c179c18ceb885a.jpg,6754999969515690893f3bbff2e612c2.jpg,False,True,False,False
654,4760,0.47851446,0.8080628,0.6432886,Miki hat topi peci pemuda hijrah,MIKIHAT Miki Hat Peci Beanie Cap Beanie Mikihat / Peci Taliban / Peci Pakol,21524a1c1188696880c179c18ceb885a.jpg,efc54ab6bc871151a18d35bad7801bf5.jpg,False,False,False,False
654,5060,0.5329687,0.69128764,0.61212814,Miki hat topi peci pemuda hijrah,MIki Hat / Peci Brimless Caps / Peci Gaul / Peci Miki Hat / Peci Polos,21524a1c1188696880c179c18ceb885a.jpg,fd28dfef768679785a42d41fb780e31e.jpg,True,False,False,False
655,1383,0.46984386,0.77117133,0.6205076,PROCHIZ GOLD 170GR - KEJU CHEDDAR OLAHAN - CHEEDAR CHEESE - KEJU CHEDAR PARUT - CHEEDAR BLOK,KRAFT KEJU CHEDDAR 165 GR,2165fabd571e4dde49078301b8391aea.jpg,46e186e92e1d6489a0c020e7ae3df4fa.jpg,False,False,False,True
655,3434,0.46984386,0.7463694,0.6081066,PROCHIZ GOLD 170GR - KEJU CHEDDAR OLAHAN - CHEEDAR CHEESE - KEJU CHEDAR PARUT - CHEEDAR BLOK,Keju KRAFT CHEDDAR 165 Gr,2165fabd571e4dde49078301b8391aea.jpg,ad558a355b718ee0119f315ae8d6dca1.jpg,False,False,False,True
659,3376,0.63179743,0.700724,0.6662607,genei - tas selempang wanita,Tas Selempang Wanita Fashion,21953a436b1eb877d333aff22e4a821a.jpg,ab7847ad639ceca26257e0566b99aba8.jpg,True,False,False,False
662,953,0.5832666,0.8667469,0.72500676,Headset ROBOT RE701 - BLACK - handsfree headset,Headset Earphone Handsfree Original,21c53795c3666574b1e37d8f1eca7b70.jpg,31485f8f14df52d6b74a02b9e7f5682b.jpg,True,True,False,False
663,1277,0.3787982,0.85021573,0.61450696,[innisfree] Jeju Cherry Blossom Skin Toner 200ML,Innisfree Olive Real Cleansing Oil 150ml + Innisfree Sample / Shipping from Korea,21c8accc1db9971726ab4d930a4d667f.jpg,40b98946a1ba9726ff4f843e9a6b75f3.jpg,False,True,False,True
669,1159,0.64947283,0.7677189,0.7085959,Korek Kuping Korekan Kuping Lampu LED Flashlight Earpick Anak Pembersih Telinga,KOREK KUPING SENTER LED NYALA EARPICK FLASH LIGHT LAMPU ANAK SOUVENIR,21f5a4e2434b247cc61a51b62c739925.jpg,3b13c7b483d8b6db1b13d757898463db.jpg,True,False,False,False
669,4977,0.64947283,0.8483392,0.748906,Korek Kuping Korekan Kuping Lampu LED Flashlight Earpick Anak Pembersih Telinga,KOREK KUPING SENTER LED NYALA EARPICK FLASH LIGHT LAMPU ANAK SOUVENIR,21f5a4e2434b247cc61a51b62c739925.jpg,f8dffc11421fdfa6ec573f95d6dc0418.jpg,True,True,False,False
674,2964,0.5616651,0.7134193,0.63754225,[JAMIN 100% ORIGINAL KOREA] READY STOCK NATURE REPUBLIC AlOE VERA Soothing Gel 92% 300ml BERGARANSI,[READY STOCK] Npure Cactus Aloe Vera 92 Soothing Gel,2207d5f7251acc8060209601fef0edf5.jpg,9717891f3764b1c83f7c6b6b3e7f0fba.jpg,True,False,False,True
680,4522,0.488693,0.7205001,0.60459656,(*Bisa 2-3 hari Sampai) SMARTWATCH A1 Smart watch U10 Jam tangan Pintar HP Telepon Android GSM,(COD) Jam Hp onix U9/ DZ09 (SMARTWATCH + BOX) (Jam Tangan Pintar ) bisa Telpon dan SMS | GSM SIMCard,2265562d3faa59a14820848c47035210.jpg,e2bf6794626fd9c060b56d9c28ec21a0.jpg,True,False,False,True
684,4078,0.4624356,0.7701367,0.61628616,Najibah Couple Set Moscrepe Premium | Baju Gamis Pasangan Syari TERMURAH & TERLARIS,BAJU PASANGAN COUPLE MUSLIM CP CARITA TERMURAH,22adc74495f0bc367304bfbe5abe5199.jpg,cd9251134455fdf1db9405df648d6f9f.jpg,False,False,False,False
690,4963,0.6094595,0.7525925,0.681026,Overloose Basic Bershka (Replika),CHILL SWEATER BERSHKA (REPLIKA),22fda25b570201acd3e385e856cc5be8.jpg,f8395a0a5aea3b8532c2804b7c3fa7dd.jpg,True,False,False,False
694,1507,0.5646421,0.6735318,0.6190869,[Bayar Di Tempat]50Pcs Ikat Rambut Elastis untuk Wanita,C3 Ikat Rambut Elastis Bahan Satin Warna Polos Untuk Wanita,230cf2fa4114e0067c29a4ec876553f9.jpg,4cf8d51e52eb7ea8aa93b2cc8b9e1be8.jpg,True,False,False,True
694,2934,0.46810654,0.7476994,0.60790294,[Bayar Di Tempat]50Pcs Ikat Rambut Elastis untuk Wanita,Ikat rambut,230cf2fa4114e0067c29a4ec876553f9.jpg,96099c80244a01885216e3d39faaa39e.jpg,False,False,True,False
694,4781,0.64517975,0.66129446,0.6532371,[Bayar Di Tempat]50Pcs Ikat Rambut Elastis untuk Wanita,Ikat Rambut Elastis dengan Lampu untuk Wanita,230cf2fa4114e0067c29a4ec876553f9.jpg,f10bb5bbf19afc01fe79fc666b39f092.jpg,True,False,False,False
700,1285,0.40499914,0.8023704,0.6036848,Healthy Choice Beras Rojo Gebyok Organik 1 kg,Healthy Choice Broccoli Noodle 200 gr,2371d61390dd1691fb7c1e608e3de6da.jpg,41335a16de948d0ba6e6c968fbe5def8.jpg,False,False,False,True
700,2580,0.73565954,0.90802264,0.8218411,Healthy Choice Beras Rojo Gebyok Organik 1 kg,Healthy Choice Beras Merah Organik 1 kg,2371d61390dd1691fb7c1e608e3de6da.jpg,83596f3e491cf55194e71a4ba7db792d.jpg,True,True,False,False
702,969,0.45351243,0.79328185,0.6233971,Japit makan stainless,SEDOTAN STAINLESS STEEL SILVER STAINLESS STRAW POUCH TAS HITAM,237b8643d4c213168613a7357cbe34e5.jpg,322d0a8917cb09929f097b30455eef35.jpg,False,False,True,False
703,861,0.7363096,0.7181573,0.7272334,SAFI White Expert Cleanser 2in1 Cleanser & Toner 150ml BPOM Original,Safi White Expert Oil Control & Anti Acne 2in1 Cleanser & Toner 150ml | Acne Facial Cleanser | Cream,237be2ca4d9ee7ccceb76121c4ee4374.jpg,2c9f259e5226c6f80e6942bec94c5293.jpg,True,False,False,False
703,3405,0.6550249,0.8401642,0.74759454,SAFI White Expert Cleanser 2in1 Cleanser & Toner 150ml BPOM Original,Safi White Expert Oil Control & Acne Facial Cleanser & Toner 2In1 2 IN 1 150ML - Anti Acne Cream 15g,237be2ca4d9ee7ccceb76121c4ee4374.jpg,acadaa9d04a0bb8c8a47abb004097b8e.jpg,True,True,False,True
705,2479,0.6094997,0.7315846,0.6705421,3Pc/set Jepit Rambut Mutiara Hairclips Korean Hair Pins Wanita Fashion Aksesoris Rambut,Jepit Rambut Hairclip Mutiara Set Jepitan Wanita Gaya Korea Style Pearl,238d3e2fad9ab8e01032bf89afc60f2b.jpg,7e12977d7e0eb751f275dc14b30eb2d0.jpg,True,False,False,False
705,4321,0.6122255,0.8266758,0.7194506,3Pc/set Jepit Rambut Mutiara Hairclips Korean Hair Pins Wanita Fashion Aksesoris Rambut,SC!!!Jepit Rambut Bobby Pin P001 Hairclip Hairpin Aksesoris Jepit Rambut,238d3e2fad9ab8e01032bf89afc60f2b.jpg,d94b61d8e3645f987744fb0399719717.jpg,True,False,False,True
705,4870,0.3904432,0.84466016,0.6175517,3Pc/set Jepit Rambut Mutiara Hairclips Korean Hair Pins Wanita Fashion Aksesoris Rambut,2PC -4Pcs Jepit Rambut Gaya Korea untuk Wanita,238d3e2fad9ab8e01032bf89afc60f2b.jpg,f478ffdd579688cab0fe6f414656582e.jpg,False,True,False,True
705,4871,0.49828923,0.84466016,0.6714747,3Pc/set Jepit Rambut Mutiara Hairclips Korean Hair Pins Wanita Fashion Aksesoris Rambut,4Pcs Jepit Rambut Korea dengan Mutiara untuk Wanita,238d3e2fad9ab8e01032bf89afc60f2b.jpg,f478ffdd579688cab0fe6f414656582e.jpg,True,True,False,True
705,4872,0.48241287,0.84466016,0.66353655,3Pc/set Jepit Rambut Mutiara Hairclips Korean Hair Pins Wanita Fashion Aksesoris Rambut,Pearl Jepit Rambut hairpin four-piece suit Korean fashion women hair clips clip hair accessories F6,238d3e2fad9ab8e01032bf89afc60f2b.jpg,f478ffdd579688cab0fe6f414656582e.jpg,True,True,False,True
705,5048,0.62952214,0.8445966,0.73705935,3Pc/set Jepit Rambut Mutiara Hairclips Korean Hair Pins Wanita Fashion Aksesoris Rambut,Set Jepit Rambut Hairpin Hairclip Korea Fashion Dengan Mutiara + Berlian Imitasi Untuk Wanita,238d3e2fad9ab8e01032bf89afc60f2b.jpg,fce3e78cfef159afc94862561a76546c.jpg,True,True,False,False
707,4766,0.49785447,0.752176,0.62501526,12 Pcs Hanger Gantungan Baju Pakaian Anak Bayi,Kenmaster Gantungan Baju Warna / Hanger 6 Pcs (H04),23aa1b4002fc6c393e9d65e904a0a8ee.jpg,f00891b337b374a3a7f6b223d14a6515.jpg,True,False,False,True
708,2571,0.44547725,0.7681823,0.60682976,Ikat rambut / Kunciran Rambut Midel Polos Kualitas Ekspor Murah Kuat Awet Remaja Grosir iket rambut,[MURAH] IKAT RAMBUT KUALITAS BAGUS TIDAK MELAR,23c2233a8f735292731e5fd030387fd0.jpg,82cdc152172a00a2080b9b503df64db5.jpg,False,False,False,False
709,1785,0.61060387,0.69494927,0.6527766,Mangkok Masker set 4 in 1 + Kuas / Mangkuk Masker Set,Mangkok Masker Set 4 in 1 DIY Makeup Mask Bowl Korean Masker Murah,23c39901fb0b5f9339a60db73b023d46.jpg,5c97175a3585dedb670ff45d59b200c3.jpg,True,False,False,False
709,2027,0.7366504,0.7211554,0.72890294,Mangkok Masker set 4 in 1 + Kuas / Mangkuk Masker Set,Mangkok Masker Set 4 in 1 Korean DIY MAKEUP MASK BOWL mangkuk masker,23c39901fb0b5f9339a60db73b023d46.jpg,6820d6e1ff3dca81c7b982608f327509.jpg,True,False,False,False
709,3916,0.7366504,0.6497954,0.6932229,Mangkok Masker set 4 in 1 + Kuas / Mangkuk Masker Set,Mangkok Masker Set 4 in 1 Korean DIY MAKEUP MASK BOWL mangkuk masker,23c39901fb0b5f9339a60db73b023d46.jpg,c50a4877d1298de75af9d8d030d1de81.jpg,True,False,False,False
709,4049,0.6782447,0.6355871,0.6569159,Mangkok Masker set 4 in 1 + Kuas / Mangkuk Masker Set,KUAS MASKER KUAS MASKER SILIKON MANGKOK MASKER SPATULA,23c39901fb0b5f9339a60db73b023d46.jpg,cbe113d2a0225aff3cd6b3702aa91171.jpg,True,False,False,False
709,4247,0.69387853,0.5941218,0.6440002,Mangkok Masker set 4 in 1 + Kuas / Mangkuk Masker Set,Mangkok Masker Set / Mask Bowl masker Mangkok DIY 4 in 1 Kosmetik,23c39901fb0b5f9339a60db73b023d46.jpg,d51fe878d3b7f399c0efc3d0ae21cde9.jpg,True,False,False,False
715,763,0.90433306,0.8521135,0.8782233,137 Degrees Almond Milk Unsweetened 180 ml,137 Degrees Almond Milk Unsweetened 1L,241ff45686f2e27f9653385896ff35f7.jpg,26e9aac7bf31720a4a29a4f087c805ce.jpg,True,True,False,True
715,854,0.92434853,0.86984384,0.89709616,137 Degrees Almond Milk Unsweetened 180 ml,137 Degrees - Unsweetened Almond Milk 1000 ml,241ff45686f2e27f9653385896ff35f7.jpg,2bd2cb7edd4973a9cdfb723970cc8261.jpg,True,True,False,True
716,4324,0.5990503,0.67574966,0.6374,BONEKA BT21 BTS Unofficial Cooky Tata Chimmy Van Koya,MG 279 Stiker BT21 3D / Sticker Tata Chimmy Koya Cooky Shooky RJ Mang Van / Stiker BT21,2438b3d52d5dbb033871a1251226c929.jpg,d9593366a33a4cd51dc00ae69ace0d2d.jpg,True,False,False,True
717,2084,0.7293128,0.6021921,0.6657524,Disinfektan Saniter Fabric Disinfectant Spray 200+30ml,Disinfektan Saniter 200ml,2448dea634fc43c5c21077ca564f49af.jpg,6addfb15bae41b5b7adde6867be58f23.jpg,True,False,True,True
717,2367,0.5463258,0.68131936,0.6138226,Disinfektan Saniter Fabric Disinfectant Spray 200+30ml,Saniter sanitizer spray desinfektan 400 ml,2448dea634fc43c5c21077ca564f49af.jpg,78189aab559acbd8c72174de6d5b732f.jpg,True,False,False,True
717,3256,0.5174813,0.724691,0.6210861,Disinfektan Saniter Fabric Disinfectant Spray 200+30ml,Alat Semprotan Disinfektan 2 Liter Hand Sprayer tanaman spray,2448dea634fc43c5c21077ca564f49af.jpg,a59d11e7ff29bb13225c3fdc555cda0e.jpg,True,False,False,True
721,2397,0.40704238,0.8154189,0.6112306,Diskon Ramadhan Sandal Flip flop Tali BELLA,FLIP FLOP Sendal Spon Mutiara,247af801900d735a73dfb70ef57b8920.jpg,79fe8bc9e1aadc17e7ed8d587d658f67.jpg,False,False,False,False
727,3697,0.5915131,0.67704767,0.6342804,Rak dapur buku sepatu serbaguna 2 susun kitchen portable plastik + Stainless Steel,Rak Sepatu Portable 4 Susun / Rak Serbaguna Portable / Kotak Sepatu 4 Susun,24d0d077751a1ab308f7b0ddf1ed88c8.jpg,ba23c363c17458e53570ed40125f5d86.jpg,True,False,False,True
728,4306,0.4696991,0.7307451,0.6002221,Saniter Fabric Disinfectant Spray 200ml + 30ml,Saniter spray,24e4f423496db4eb3bfb59d7d2a81699.jpg,d8bab009261f94fd0b7e452bc7424383.jpg,False,False,True,False
731,1964,0.533202,0.7976372,0.6654196,BLOUSE SLEM,TANIA BLOUSE GOLD,250383695dba90b11008d70f054ec73b.jpg,6515d63ee4f07951f2b1ab2e799277c3.jpg,True,False,True,False
732,1640,0.57657665,0.76546955,0.67102313,SEPATU SNEAKERS DB RDI02,SEPATU SNEAKERS B03 IDR04,2527a54c5247af7de9cf28bbb2c1ed35.jpg,54a75f09fbc41fb147a8ffcaaf2fe3ac.jpg,True,False,False,True
734,1018,0.5089804,0.70342636,0.6062034,Kaos Kaki Semata Kaki,Kaos Kaki Anak Bulu Motif,254f6de4acc5a418f4a864f365ad9552.jpg,33f28f89b2b316dd609db05efa0e1a9f.jpg,True,False,False,False
734,1308,0.616545,0.7501761,0.6833606,Kaos Kaki Semata Kaki,[5 SET] Kaos Kaki Bayi / Kaos Kaki Anak 0-12 Bulan,254f6de4acc5a418f4a864f365ad9552.jpg,429e222369930bab827ef3e1d32f32d7.jpg,True,False,False,False
734,4479,0.38548243,0.8269234,0.6062029,Kaos Kaki Semata Kaki,Kaos Kaki Invisible Warna Warni,254f6de4acc5a418f4a864f365ad9552.jpg,e0e5f660fa462d226c5cc12259e81e55.jpg,False,False,False,False
734,4578,0.56042975,0.7255617,0.6429957,Kaos Kaki Semata Kaki,"KAOS KAKI BAYI, KAOS KAKI BULU ANAK, KAOS KAKI BINATANG, BABY SOCKS, KAOS BULU",254f6de4acc5a418f4a864f365ad9552.jpg,e5d24b26fcf034e9f6f7a92d043ff6f0.jpg,True,False,False,False
735,1308,0.45519674,0.7501761,0.6026864,Kaos kaki ankle polos wanita,[5 SET] Kaos Kaki Bayi / Kaos Kaki Anak 0-12 Bulan,254f6de4acc5a418f4a864f365ad9552.jpg,429e222369930bab827ef3e1d32f32d7.jpg,False,False,False,False
742,1287,0.43602964,0.7910763,0.613553,(KEMASAN BARU) WARDAH LIGHTENING DAY / NIGHT CREAM 30gr,Wardah Refill BB Lightening Cake Powder,25abe250026100cb042b09de952e7232.jpg,414f33c792ec491efe07f80278b75d7c.jpg,False,False,False,False
742,2443,0.46880603,0.780427,0.6246165,(KEMASAN BARU) WARDAH LIGHTENING DAY / NIGHT CREAM 30gr,Wardah Refill Lightening BB Cake Powder 01 Light 11 g,25abe250026100cb042b09de952e7232.jpg,7c63ebabda57e42048eff11e25876954.jpg,False,False,False,True
744,4433,0.37828425,0.84810185,0.61319304,Rasa Rempah Nusantara Ground Kaempferia Galanga / Kencur Giling 40 gr,Rasa Rempah Nusantara Thyme Leaves / Daun Timi 20 gr ,25b5c78b245c6c1c2d36795ef6503377.jpg,de7f1b187eac2fc2040b0bed08873cda.jpg,False,True,False,True
746,2630,0.7021243,0.7041824,0.7031534,The Simplicity Flush Blush by YOU Makeups,The Simplicity Brow Styler by You Makeups,25c7849307bc60dff75f9562a63d863b.jpg,85e74f51435a02252aa9bb626f1e4f6c.jpg,True,False,False,False
746,4918,0.7021243,0.74176586,0.72194505,The Simplicity Flush Blush by YOU Makeups,The Simplicity Brow Styler  by You Makeups,25c7849307bc60dff75f9562a63d863b.jpg,f619f03c0c1f1228c5845c29333003a5.jpg,True,False,False,False
754,3373,0.7334968,0.64482856,0.6891627,Paket MURAH Alat Olahraga Pelangsing Tubuh Rumahan Magnetic Trimmer Jogging Body Plate+Tummy Trimmer,ORIGINAL Magnetic Trimmer Jogging Body Plate | Melangsingkan Tubuh,2628dcb4d625fd09c007d88141afb2bb.jpg,ab5be4f858bd5dfb572d302aa9e1464f.jpg,True,False,False,False
760,3650,0.7949184,0.8962648,0.8455916,Koepoe koepoe Lada Putih 1000 gr,Koepoe koepoe Baking powder 1000 gr,26bc613c6660ad4a909017840d23111c.jpg,b883860e3e85c5da34bdbba845a22019.jpg,True,True,False,False
760,3796,0.7074121,0.7891344,0.74827325,Koepoe koepoe Lada Putih 1000 gr,Koepoe Koepoe Baking Powder 1kg,26bc613c6660ad4a909017840d23111c.jpg,bea400ebb910442339859b64680c586f.jpg,True,False,False,True
763,996,0.83960414,0.85763955,0.84862185,137 Degrees Almond Milk Unsweetened 1L,137 DEGREES REAL ALMOND MILK ORIGINAL UNSWEETENED 180ML,26e9aac7bf31720a4a29a4f087c805ce.jpg,333b25d95621d55c4d6d1a1d2b40ea7e.jpg,True,True,False,True
763,1368,0.5216137,0.8535936,0.68760365,137 Degrees Almond Milk Unsweetened 1L,137 Degrees - Nut Milk 180 ml,26e9aac7bf31720a4a29a4f087c805ce.jpg,4601e574c72bdd2eb2f56a14a35b251f.jpg,True,True,False,True
763,1396,0.83960414,0.7996141,0.8196091,137 Degrees Almond Milk Unsweetened 1L,137 DEGREES 180ml Real Almond Milk Original Unsweetened,26e9aac7bf31720a4a29a4f087c805ce.jpg,477db157def44ce3ecab32104231e348.jpg,True,False,False,True
763,4429,0.8604073,0.79540193,0.8279046,137 Degrees Almond Milk Unsweetened 1L,137 Degrees Almond Milk Original Unsweetened 180ml,26e9aac7bf31720a4a29a4f087c805ce.jpg,de48f597a8d953e2631b0bdd2625373e.jpg,True,False,False,True
763,4468,0.64402676,0.7200761,0.6820514,137 Degrees Almond Milk Unsweetened 1L,137 Degrees Almond Milk Original 180 ml,26e9aac7bf31720a4a29a4f087c805ce.jpg,e0657762a1445f0e23091e5ae643a1bd.jpg,True,False,False,True
768,4140,0.6447813,0.61251414,0.6286477,DISPOSABLE GLOVES ISI 100 PER 1 PACK SARUNG TANGAN PLASTIK SEKALI PAKAI GOP,Sarung Tangan Plastik Higienis Hand Glove Disposable  isi 100,2785067d8f5d09021ade9d6459b2b096.jpg,d0244576deef23ee67234c0c8413eb00.jpg,True,False,False,True
775,3818,0.4550621,0.82070035,0.6378812,VITACIMIN C STRIP TABLET 500MG,Vitamin C IPI 50mg 45 Tablet [READY STOCK],281c76b578e4a473d6021f711f0794d1.jpg,bffcbfc5c94c38952de0c4c091114b3a.jpg,False,False,False,True
776,779,0.56536764,0.7343085,0.6498381,[ COD ] KURMA TUNISIA NON TANGKAI / TUNIS MADU / KURMA ENAK MURAH / OLEH OLEH HAJI DAN UMROH,KURMA TUNIS TANGKAI 1KG,28239d2df8eedee688826e2d55a5d210.jpg,284f9582dedef50f1a32b692411705b8.jpg,True,False,False,False
776,2186,0.5806327,0.68678427,0.6337085,[ COD ] KURMA TUNISIA NON TANGKAI / TUNIS MADU / KURMA ENAK MURAH / OLEH OLEH HAJI DAN UMROH,Kurma tunisia tangkai1 Kg,28239d2df8eedee688826e2d55a5d210.jpg,6f6d1072a70e47f5c1099c9b80d7ea79.jpg,True,False,False,False
776,2419,0.7178314,0.772901,0.7453662,[ COD ] KURMA TUNISIA NON TANGKAI / TUNIS MADU / KURMA ENAK MURAH / OLEH OLEH HAJI DAN UMROH,[ COD ] KURMA SAYER 1 KG / KURMA EMIRATES / KURMA MURAH / KURMA ENAK /  OLEH OLEH HAJI dan UMROH,28239d2df8eedee688826e2d55a5d210.jpg,7b031e56878b89ba5b4d224a143b7d58.jpg,True,False,False,False
779,876,0.50987893,0.77491444,0.6423967,KURMA TUNIS TANGKAI 1KG,[ COD ] KURMA TUNISIA MADU 250 Gr / TUNIS NON TANGKAI /OLEH OLEH HAJI DAN UMROH,284f9582dedef50f1a32b692411705b8.jpg,2d6283975f28fcc5c6b2b815098a1cd0.jpg,True,False,False,True
784,3817,0.44202867,0.7631328,0.6025807,JILBAB ANAK TOPI HITZ UNTUK USIA 4-8 TAHUN,(JILBAB ZILVEA) JILBAB KUPLUK ANAK ADA TOPI KUPLUK / KERUDUNG ANAK BALITA / ADA TOPI UNTUK BAYI,28791e0750219a1f80d2e977bc476810.jpg,bff20f0ff20c2bce2c6746699980cf94.jpg,False,False,False,False
792,1176,0.40392718,0.8025143,0.60322076,MISEL OVERALL JEANS WARNA SLOOPY POLOS SLUVI PANJANG,1KG MUAT 3PCS | MOZY OVERALL / OVERALL LONG JEANS / LONG OVERALL JEANS WANITA,289c8cfc7b883c7495219e65cd173587.jpg,3bb7de5a689558535167724bc8b60e83.jpg,False,False,False,False
792,3117,0.43997154,0.78660405,0.6132878,MISEL OVERALL JEANS WARNA SLOOPY POLOS SLUVI PANJANG,OVERALL LONG JEANS / LONG OVERALL JEANS WANITA / MOZY OVERALL,289c8cfc7b883c7495219e65cd173587.jpg,9ec1203b4149b18375eb7563eb068c40.jpg,False,False,False,False
793,2919,0.7454283,0.75403416,0.74973124,E BOOK 3 BAHASA - MAINAN EDUKASI,EBOOK 4 BAHASA & 3 BAHASA - MAINAN EDUKASI EDUKATIF BUKU PINTAR E BOOK MUSLIM B27C,28a42a3f0a76b0f7b8c388a440f7ee85.jpg,95787b165887d00c336e8f3f0ebdc94f.jpg,True,False,False,True
793,4635,0.7532687,0.7202357,0.7367522,E BOOK 3 BAHASA - MAINAN EDUKASI,R27C E BOOK 4 BAHASA & 3 BAHASA - MAINAN EDUKASI EDUKATIF BUKU PINTAR EBOOK MUSLIM,28a42a3f0a76b0f7b8c388a440f7ee85.jpg,e9027d6c3706d0a1109d6c67d1e61e25.jpg,True,False,False,True
807,2360,0.546941,0.6955485,0.6212447,SENDAL NIKE BENASSI SLIDE SANDAL SPORT  SLOP PRIA WANITA IMPORT PREMIUM FLIP FLOP FULL BLACK,SANDAL SLIDE ON NIKE BENASSI SANDAL SLIP ON SANDAL KASUAL SENDAL SLIP ON SANDAL HYPE,290a4af4040e54508e1f70803c528974.jpg,77df39b7916fb80971d8efb94f4e6c4c.jpg,True,False,False,False
814,2462,0.3811569,0.8199345,0.6005457,Gratis Ongkir Smartwatch / jam tangan pintar U9,SMART WATCH U9 / SMARTWATCH DZ09 All Variant SIMCARD MICRO MEMORY CARD ( BOX ) Berkualitas,29afb0c56c7c78fbf745185ce782dbd8.jpg,7d78afc3e2ae5276b25bf9823b42903f.jpg,False,False,False,True
814,3215,0.519685,0.74590886,0.6327969,Gratis Ongkir Smartwatch / jam tangan pintar U9,"SMARTWATCH ANAK ANTI HILANG, Jam tangan hp , jam tangan anti air",29afb0c56c7c78fbf745185ce782dbd8.jpg,a30e663897d4b68426343dc76d2b58e5.jpg,True,False,False,False
814,4584,0.5076813,0.8008785,0.65427995,Gratis Ongkir Smartwatch / jam tangan pintar U9,(COD) Jam Hp onix U9/ DZ09 (SMARTWATCH + BOX) (Jam Tangan Pintar ) bisa Telpon dan SMS | GSM SIMCard,29afb0c56c7c78fbf745185ce782dbd8.jpg,e634926e94025cba715bba641c6e4ef7.jpg,True,False,False,True
815,2462,0.52084434,0.8199345,0.6703894,Gratis ongkir SMARTWATCH  DZ09 / DZ 09 U9 + BOX SMART WATCH JAM TANGAN PINTAR HP ANDROID GSM,SMART WATCH U9 / SMARTWATCH DZ09 All Variant SIMCARD MICRO MEMORY CARD ( BOX ) Berkualitas,29afb0c56c7c78fbf745185ce782dbd8.jpg,7d78afc3e2ae5276b25bf9823b42903f.jpg,True,False,False,False
815,3215,0.4642512,0.74590886,0.60508,Gratis ongkir SMARTWATCH  DZ09 / DZ 09 U9 + BOX SMART WATCH JAM TANGAN PINTAR HP ANDROID GSM,"SMARTWATCH ANAK ANTI HILANG, Jam tangan hp , jam tangan anti air",29afb0c56c7c78fbf745185ce782dbd8.jpg,a30e663897d4b68426343dc76d2b58e5.jpg,False,False,False,False
815,4584,0.6309496,0.8008785,0.7159141,Gratis ongkir SMARTWATCH  DZ09 / DZ 09 U9 + BOX SMART WATCH JAM TANGAN PINTAR HP ANDROID GSM,(COD) Jam Hp onix U9/ DZ09 (SMARTWATCH + BOX) (Jam Tangan Pintar ) bisa Telpon dan SMS | GSM SIMCard,29afb0c56c7c78fbf745185ce782dbd8.jpg,e634926e94025cba715bba641c6e4ef7.jpg,True,False,False,False
821,3398,0.5506023,0.7007812,0.6256918,Rak Susun putar Multifungsi 4 tingkat - Rak susun serbaguna,RAK KOSMETIK 3 LACI RAK TEMPAT KOSMETIK SUSUN MULTIFUNGSI SERBAGUNA LIPSTIK RACK,2a16ecdf318a58c96cbd6de27fba0472.jpg,ac6a06ba7e79d0e78bac8607733e2631.jpg,True,False,False,True
821,3881,0.5122144,0.73395824,0.62308633,Rak Susun putar Multifungsi 4 tingkat - Rak susun serbaguna,RAK KOSMETIK MULTIFUNGSI RAK KOSMETIK 3 LACI KOTAK KOSMETIK SUSUN RAK PERHIASAN SERBAGUNA,2a16ecdf318a58c96cbd6de27fba0472.jpg,c31fe55d1958912842cc6d49264911e8.jpg,True,False,False,True
828,2525,0.5362056,0.6679608,0.6020832,Kabel Micro Vivan 1 Meter - Cable Lighting Fast Charger - Kabel Data 100cm,Kabel Data Charger Game L Type Micro,2a44dfa775cb33ada48db992a239ad50.jpg,8078f44b140cd42d48f29c362974bab9.jpg,True,False,False,False
828,3388,0.37408072,0.8723805,0.6232306,Kabel Micro Vivan 1 Meter - Cable Lighting Fast Charger - Kabel Data 100cm,MICRO USB REALME KABEL DATA MICRO USB ORIGINAL 2A,2a44dfa775cb33ada48db992a239ad50.jpg,abf4fe22e641b77185c1061bc035272b.jpg,False,True,False,True
828,4862,0.5990631,0.66148245,0.63027275,Kabel Micro Vivan 1 Meter - Cable Lighting Fast Charger - Kabel Data 100cm,4A Micro USB Kabel Cable Data Charger Quick Charger Fast Charger ori,2a44dfa775cb33ada48db992a239ad50.jpg,f42664731b24b7c06d6010a404508ce9.jpg,True,False,False,True
833,1308,0.4117908,0.8067967,0.60929376,IND - K310 Kaos Kaki Polos Semata Kaki / Kaos Kaki Ankle Cute / Socks / Short Socks/ Sepatu,[5 SET] Kaos Kaki Bayi / Kaos Kaki Anak 0-12 Bulan,2aad4802f8cd247e7c785e9fbe8d3e96.jpg,429e222369930bab827ef3e1d32f32d7.jpg,False,False,False,True
833,4578,0.53023714,0.7000581,0.6151476,IND - K310 Kaos Kaki Polos Semata Kaki / Kaos Kaki Ankle Cute / Socks / Short Socks/ Sepatu,"KAOS KAKI BAYI, KAOS KAKI BULU ANAK, KAOS KAKI BINATANG, BABY SOCKS, KAOS BULU",2aad4802f8cd247e7c785e9fbe8d3e96.jpg,e5d24b26fcf034e9f6f7a92d043ff6f0.jpg,True,False,False,False
841,1226,0.58957916,0.72604674,0.65781295,SPEAKER MUROTTAL AL QURAN ANAK 30 JUZ 16 GB ADVANCE tp600bt,Speaker Tahfidz  Anak 30 Juz MEMORI 16 GB FULL / Speaker Al Quran/ Speaker Murottal/ Speker alquran,2b1ccdc3ff0cb1302a73928194e8456c.jpg,3e64bcf0f68a86bd562b6f45be0cc30e.jpg,True,False,False,True
841,2456,0.671442,0.7695062,0.7204741,SPEAKER MUROTTAL AL QURAN ANAK 30 JUZ 16 GB ADVANCE tp600bt,SPEAKER MUROTTAL AL QURAN ANAK/ Speaker al quran advance / somad,2b1ccdc3ff0cb1302a73928194e8456c.jpg,7d1d7aa273441216b59f3d17591a9aed.jpg,True,False,False,False
850,3384,0.64904,0.7940979,0.72156894,Adem Sari ChingKu Botol 350 ml,Adem Sari ChingKu Kaleng 320 ml,2b84e5f8d26626a45add452361b1ea33.jpg,abc6e854248740f36e71c8c1b9454e71.jpg,True,False,False,True
850,3667,0.59270626,0.680923,0.6368146,Adem Sari ChingKu Botol 350 ml,Adem Sari Ching Ku 320 ml,2b84e5f8d26626a45add452361b1ea33.jpg,b92c1089af694d872ba6ede5a9a027fa.jpg,True,False,False,True
854,996,0.8431743,0.840709,0.8419416,137 Degrees - Unsweetened Almond Milk 1000 ml,137 DEGREES REAL ALMOND MILK ORIGINAL UNSWEETENED 180ML,2bd2cb7edd4973a9cdfb723970cc8261.jpg,333b25d95621d55c4d6d1a1d2b40ea7e.jpg,True,True,False,True
854,1368,0.5515436,0.8955004,0.723522,137 Degrees - Unsweetened Almond Milk 1000 ml,137 Degrees - Nut Milk 180 ml,2bd2cb7edd4973a9cdfb723970cc8261.jpg,4601e574c72bdd2eb2f56a14a35b251f.jpg,True,True,False,True
854,1396,0.8431743,0.6578195,0.75049686,137 Degrees - Unsweetened Almond Milk 1000 ml,137 DEGREES 180ml Real Almond Milk Original Unsweetened,2bd2cb7edd4973a9cdfb723970cc8261.jpg,477db157def44ce3ecab32104231e348.jpg,True,False,False,True
854,4429,0.86408556,0.6961547,0.78012013,137 Degrees - Unsweetened Almond Milk 1000 ml,137 Degrees Almond Milk Original Unsweetened 180ml,2bd2cb7edd4973a9cdfb723970cc8261.jpg,de48f597a8d953e2631b0bdd2625373e.jpg,True,False,False,True
854,4468,0.669543,0.6399321,0.6547376,137 Degrees - Unsweetened Almond Milk 1000 ml,137 Degrees Almond Milk Original 180 ml,2bd2cb7edd4973a9cdfb723970cc8261.jpg,e0657762a1445f0e23091e5ae643a1bd.jpg,True,False,False,True
855,1512,0.46723092,0.85605615,0.6616435,JUICER PORTABLE USB & RECHARGEABLE TERMURAH / BLENDER PORTABLE [MMI- 500GR],Blender Portable Mini 6 pisau mirip vitamer juicer Take Go,2be966d2a44ebfcb166115c75bce5487.jpg,4d422d21dfb5426bdc2df1733dfc71d1.jpg,False,True,False,True
861,2565,0.7831541,0.7228192,0.75298667,Safi White Expert Oil Control & Anti Acne 2in1 Cleanser & Toner 150ml | Acne Facial Cleanser | Cream,Safi White Expert Cleanser 2in1 Cleanser & Toner 150ml,2c9f259e5226c6f80e6942bec94c5293.jpg,829bb176ae50ae04e94f7720b0789ffa.jpg,True,False,False,False
861,3772,0.6295656,0.72848666,0.6790261,Safi White Expert Oil Control & Anti Acne 2in1 Cleanser & Toner 150ml | Acne Facial Cleanser | Cream,Safi White Expert Purifying 2in1 Cleanser & Toner 150 mL,2c9f259e5226c6f80e6942bec94c5293.jpg,bd5a836c8d8a0a9d1689770d59cc27a9.jpg,True,False,False,False
861,4849,0.7831541,0.71098346,0.74706876,Safi White Expert Oil Control & Anti Acne 2in1 Cleanser & Toner 150ml | Acne Facial Cleanser | Cream,Safi White Expert Cleanser 2in1 Cleanser & Toner 150ml,2c9f259e5226c6f80e6942bec94c5293.jpg,f38cbe8e9456453d45dc7e121c1647bb.jpg,True,False,False,False
862,1833,0.48151606,0.7805656,0.6310408,Jilbab anak topi alesha 2,Jilbab anak LED LOL,2cb048f9d0f288a3f09d9f37de8bda00.jpg,5ec28dc61b39954c0b2eb10baff04899.jpg,True,False,False,False
867,2716,0.6380192,0.7665018,0.7022605,GF : LUVITA DRESS matt MOSCREPE HQ size S M L XL busana muslim terbaruL,GF : MECCA SYARI size S M L XL matt MOSCREPE HQ fashion muslim GAMIS TERBARU,2cf0d1536beaba89a92bac55f76f04a0.jpg,8ac7bf691ccc73b8af008b86a8995154.jpg,True,False,False,False
868,2716,0.45750168,0.7665018,0.6120017,"[S.G] LUVITA DRESS matt MOSCREPE HQ size S M L XL busana muslim kekinian, cassual dress",GF : MECCA SYARI size S M L XL matt MOSCREPE HQ fashion muslim GAMIS TERBARU,2cf0d1536beaba89a92bac55f76f04a0.jpg,8ac7bf691ccc73b8af008b86a8995154.jpg,False,False,False,False
870,3916,0.6525017,0.78211445,0.71730804,MANGKUK MASKER SET MURAH ( KUAS MASKER + MANGKOK MASKER ) 4IN1,Mangkok Masker Set 4 in 1 Korean DIY MAKEUP MASK BOWL mangkuk masker,2d0d474af238e9bc60026a3958d65ed3.jpg,c50a4877d1298de75af9d8d030d1de81.jpg,True,False,False,False
870,4049,0.6712726,0.72812814,0.69970036,MANGKUK MASKER SET MURAH ( KUAS MASKER + MANGKOK MASKER ) 4IN1,KUAS MASKER KUAS MASKER SILIKON MANGKOK MASKER SPATULA,2d0d474af238e9bc60026a3958d65ed3.jpg,cbe113d2a0225aff3cd6b3702aa91171.jpg,True,False,False,False
870,4247,0.61303455,0.64437747,0.628706,MANGKUK MASKER SET MURAH ( KUAS MASKER + MANGKOK MASKER ) 4IN1,Mangkok Masker Set / Mask Bowl masker Mangkok DIY 4 in 1 Kosmetik,2d0d474af238e9bc60026a3958d65ed3.jpg,d51fe878d3b7f399c0efc3d0ae21cde9.jpg,True,False,False,False
871,3091,0.5108335,0.74666286,0.6287482,Somethinc Niacinamide + Moisture Beet Serum - 20ml / 40ml,SOMETHINC Niacinamide || SomethinC AHA BHA Peeling || Somethinc HYALuronic B5 || LEVEL 1% RETINOL,2d4b94d04b79ccf016cc5e4590614f45.jpg,9d8c58924955ad5f2d3458b2062e28ab.jpg,True,False,False,True
871,4216,0.6456862,0.60635746,0.62602186,Somethinc Niacinamide + Moisture Beet Serum - 20ml / 40ml,Somethinc Niacinamide Moisture Beet Somethinc Hyaluronic B5 Somethinc AHA BHA Peeling Solutions,2d4b94d04b79ccf016cc5e4590614f45.jpg,d3b9cd53cdee66b1116c0afda728e5fe.jpg,True,False,False,True
876,2186,0.52825546,0.697576,0.61291575,[ COD ] KURMA TUNISIA MADU 250 Gr / TUNIS NON TANGKAI /OLEH OLEH HAJI DAN UMROH,Kurma tunisia tangkai1 Kg,2d6283975f28fcc5c6b2b815098a1cd0.jpg,6f6d1072a70e47f5c1099c9b80d7ea79.jpg,True,False,False,True
876,2419,0.58342105,0.8243309,0.703876,[ COD ] KURMA TUNISIA MADU 250 Gr / TUNIS NON TANGKAI /OLEH OLEH HAJI DAN UMROH,[ COD ] KURMA SAYER 1 KG / KURMA EMIRATES / KURMA MURAH / KURMA ENAK /  OLEH OLEH HAJI dan UMROH,2d6283975f28fcc5c6b2b815098a1cd0.jpg,7b031e56878b89ba5b4d224a143b7d58.jpg,True,False,False,True
880,3650,0.6525057,0.7721153,0.7123105,Lada bubuk putih cap koepoe koepoe 1KG,Koepoe koepoe Baking powder 1000 gr,2dbaadb2bd235576e96b6e2c0f1bb020.jpg,b883860e3e85c5da34bdbba845a22019.jpg,True,False,False,True
880,3796,0.7258445,0.71660554,0.721225,Lada bubuk putih cap koepoe koepoe 1KG,Koepoe Koepoe Baking Powder 1kg,2dbaadb2bd235576e96b6e2c0f1bb020.jpg,bea400ebb910442339859b64680c586f.jpg,True,False,False,False
886,1603,0.5063867,0.7997211,0.6530539,Pixy 4 Beauty Benefit Loose Powder 9 gr,Pixy Uv Whitening BB Cream 01- Ochre (4 Beauty Benefits),2dee7c4f0fb3c72ebc551bb9f0dfc0d5.jpg,52640d5765c2366f014608e94cc85db6.jpg,True,False,False,True
886,1821,0.54714113,0.8050302,0.6760857,Pixy 4 Beauty Benefit Loose Powder 9 gr,Pixy Uv Whitening Bb Cream 03 - Beige (4 Beauty Benefit),2dee7c4f0fb3c72ebc551bb9f0dfc0d5.jpg,5de86ecdcf9ddd2eb636dba96fb6eb34.jpg,True,False,False,True
896,1456,0.53716946,0.8118712,0.6745203,Sling Bag Wanita STEVANI KUNCI | Tas Selempang Wanita,Totebag wanita / tas slempang wanita,2e74d8896c45af32ac6d8b83ec24ac14.jpg,4a35dd27f57fabd6118c5f910ec9d365.jpg,True,False,False,False
896,3376,0.53350997,0.6891167,0.61131334,Sling Bag Wanita STEVANI KUNCI | Tas Selempang Wanita,Tas Selempang Wanita Fashion,2e74d8896c45af32ac6d8b83ec24ac14.jpg,ab7847ad639ceca26257e0566b99aba8.jpg,True,False,False,False
897,959,0.52675647,0.68927145,0.608014,Tas selempang wanita STEVANI KUNCI | sling bag Wanita | Tas Murah,Tas Selempang Wanita Fairly Mini Murah,2e74d8896c45af32ac6d8b83ec24ac14.jpg,31ad6e6ad258033f4dc16948df02e20f.jpg,True,False,False,False
897,1456,0.535125,0.8118712,0.6734981,Tas selempang wanita STEVANI KUNCI | sling bag Wanita | Tas Murah,Totebag wanita / tas slempang wanita,2e74d8896c45af32ac6d8b83ec24ac14.jpg,4a35dd27f57fabd6118c5f910ec9d365.jpg,True,False,False,False
897,3376,0.53991276,0.6891167,0.6145147,Tas selempang wanita STEVANI KUNCI | sling bag Wanita | Tas Murah,Tas Selempang Wanita Fashion,2e74d8896c45af32ac6d8b83ec24ac14.jpg,ab7847ad639ceca26257e0566b99aba8.jpg,True,False,False,False
901,2655,0.5677686,0.8449015,0.70633507,(GROSIR) Baju Setelan Karakter Anak Cowok Cewek 1-10th,KAOS ANAK KARAKTER CEWEK COWOK 3POINT,2ea8578267c0c2838c2468d2001285bf.jpg,871cd796cfe1c49bc2b0c3eeeb1c0421.jpg,True,True,False,True
911,2339,0.6597321,0.7191621,0.6894471,DASTER BALI XL TERMURAH,DASTER KAOS JUMBO / DASTER TERMURAH,2ef3c71e138b4d915851f328596863e2.jpg,76d746a7cb2237e476bd4191ace858af.jpg,True,False,False,False
914,2919,0.7594067,0.74670166,0.75305414,E BOOK 3 BAHASA - MAINAN EDUKASI EDUKATIF ANAK,EBOOK 4 BAHASA & 3 BAHASA - MAINAN EDUKASI EDUKATIF BUKU PINTAR E BOOK MUSLIM B27C,2f10b4011b80801d36d03d79c16e986b.jpg,95787b165887d00c336e8f3f0ebdc94f.jpg,True,False,False,True
914,4635,0.7675017,0.72980046,0.7486511,E BOOK 3 BAHASA - MAINAN EDUKASI EDUKATIF ANAK,R27C E BOOK 4 BAHASA & 3 BAHASA - MAINAN EDUKASI EDUKATIF BUKU PINTAR EBOOK MUSLIM,2f10b4011b80801d36d03d79c16e986b.jpg,e9027d6c3706d0a1109d6c67d1e61e25.jpg,True,False,False,True
915,2919,0.7543228,0.74670166,0.75051224,E BOOK 3 BAHASA - MAINAN EDUKASI EDUKATIF ANAK 1,EBOOK 4 BAHASA & 3 BAHASA - MAINAN EDUKASI EDUKATIF BUKU PINTAR E BOOK MUSLIM B27C,2f10b4011b80801d36d03d79c16e986b.jpg,95787b165887d00c336e8f3f0ebdc94f.jpg,True,False,False,True
915,4635,0.7623637,0.72980046,0.74608207,E BOOK 3 BAHASA - MAINAN EDUKASI EDUKATIF ANAK 1,R27C E BOOK 4 BAHASA & 3 BAHASA - MAINAN EDUKASI EDUKATIF BUKU PINTAR EBOOK MUSLIM,2f10b4011b80801d36d03d79c16e986b.jpg,e9027d6c3706d0a1109d6c67d1e61e25.jpg,True,False,False,True
916,2919,0.79941064,0.74670166,0.77305615,E BOOK 3 BAHASA - MAINAN EDUKASI EDUKATIF ANAK MUSLIM,EBOOK 4 BAHASA & 3 BAHASA - MAINAN EDUKASI EDUKATIF BUKU PINTAR E BOOK MUSLIM B27C,2f10b4011b80801d36d03d79c16e986b.jpg,95787b165887d00c336e8f3f0ebdc94f.jpg,True,False,False,True
916,4635,0.80797124,0.72980046,0.76888585,E BOOK 3 BAHASA - MAINAN EDUKASI EDUKATIF ANAK MUSLIM,R27C E BOOK 4 BAHASA & 3 BAHASA - MAINAN EDUKASI EDUKATIF BUKU PINTAR EBOOK MUSLIM,2f10b4011b80801d36d03d79c16e986b.jpg,e9027d6c3706d0a1109d6c67d1e61e25.jpg,True,False,False,True
920,2986,0.507581,0.7545755,0.63107824,Xiaomi Redmi Note 5 6 Pro 7 8 Pro Mi6X Mi8 9 SE Pro Mi Max 2 3 Mi Mix 2 2s Hard Case Armor kickstand,Hidup Keren-Hardcase Dove Xiaomi Redmi 8A Redmi 8/8A Pro Note 7 Note 8 Note 8 Pro Note 5 Pro,2f5c66fc9bb86bc81dd461cc6ad574e1.jpg,985b63502d78961d32af14704f233042.jpg,True,False,False,True
926,3395,0.48819345,0.7299499,0.6090717,Yummy Bites Organic Noodle 200gr,Yummy Bites Bebe Roll,2fe9ec44d3b58ac340cb7f286761f687.jpg,ac52d1db3f98a5100052d69c93780dcd.jpg,True,False,False,False
927,1592,0.72007865,0.63693666,0.6785077,Dudukan Plat Nomor Carbon Racing - Tatakan Cover Logo Model JDM,Dudukan Plat Nomor JDM Warna Carbon,2fea504a16f0ffaa80db6b9e4ae58463.jpg,51f0ab256a81215ffe850ee2e4d59546.jpg,True,False,False,False
930,3010,0.08328517,0.7492257,0.4162554,Evangeline Hand Spray Lavender 100ml,Stella Aerosol Rose 400ml,302f10595389e8f0db45afa47e95dcc9.jpg,999e76b87043fc99737ef28432a61060.jpg,False,False,False,True
934,4106,0.4593346,0.7687082,0.6140214,Mouse Gaming Fantech RHASTA G10,Fantech ZEUS X5s Mouse Gaming Macro RGB,303e4d6322fe3043224804d06f602b10.jpg,cea4460084414673041025e4a0a9a20f.jpg,False,False,False,True
938,1350,0.43708554,0.77410215,0.60559386,[GL01] Hardcase Premium Kilau Glossy Oppo Vivo Realme Samsung Xiaomi / Kesing hp / Case hp / Sarung,Dii Case Tpu Casing Softcase Silikon Candy Macaroon Oppo Samsung Xiaomi Vivo Iphone Realme All type,306e0e0d27670e108127e81f4ac14cfd.jpg,451b108436f28c18b2dc8bf63b712c08.jpg,False,False,False,False
945,982,0.5304025,0.7829406,0.6566715,mukena anak bayi balita karakter disney tsum pink usia 1 -2 tahun bahan full katun adem tas ransel,Mukena Anak Katun Tsum Alphabet Pink ( Tas Ransel ),30d264a1ab99282cac81ef44af8d24dd.jpg,32a15f080f34e6182bdf7aa01c0f4774.jpg,True,False,False,False
945,4298,0.5304025,0.68688315,0.6086428,mukena anak bayi balita karakter disney tsum pink usia 1 -2 tahun bahan full katun adem tas ransel,Mukena Anak Katun Tsum Alphabet Pink ( Tas Ransel ),30d264a1ab99282cac81ef44af8d24dd.jpg,d8103f65d13df445c5755e71ce6bae93.jpg,True,False,False,False
949,2394,0.4179631,0.7921179,0.6050405,GROSIR HIJABKU Jilbab bergo jersey jumbo  jilbab jersey zipper mutiara (zafira),Jilbab Cadar Bergo Masker Bergo Lengan Panjang Jilbab Masker Jumbo Kania 4in1,3118c6da4a235b1ea43877fb1856c4c6.jpg,79da5c549dc932aeeca58795c28e4dbe.jpg,False,False,False,False
953,1161,0.55224574,0.70489395,0.62856984,Headset Earphone Handsfree Original,Headset Bluetooth Earbuds Wireless TWS-4 Earphone Handsfree TWS4 Isi 2,31485f8f14df52d6b74a02b9e7f5682b.jpg,3b24b3b5679b5f8281a66c709f096ba6.jpg,True,False,False,False
953,1680,0.5004537,0.8550448,0.6777493,Headset Earphone Handsfree Original,ROBOT RE701 Earphone Headset Android Headset iPhone Garansi Resmi,31485f8f14df52d6b74a02b9e7f5682b.jpg,570145b370ac3f50809c552d5c1634a7.jpg,True,True,False,False
953,2930,0.55335814,0.7996913,0.67652476,Headset Earphone Handsfree Original,Plextone G20 Gaming Earphone Sport Earphone Headset Magnetic Original,31485f8f14df52d6b74a02b9e7f5682b.jpg,95eb770da42f2d9d89c374093a5b49ef.jpg,True,False,False,False
953,4318,0.5877101,0.68162495,0.6346675,Headset Earphone Handsfree Original,MM - Handsfree headset earphone bando J XB-450 extra bass / earphone J XB 450 stereo headphones,31485f8f14df52d6b74a02b9e7f5682b.jpg,d92e639cd0e88b51a7ccf2861f18b508.jpg,True,False,False,False
953,4807,0.47621948,0.82562673,0.65092313,Headset Earphone Handsfree Original,Earphone Robot Asli RE701/Headset Robot/Headset Premium,31485f8f14df52d6b74a02b9e7f5682b.jpg,f1f2ccd66edb007427bd1e7284be196f.jpg,False,False,False,False
953,4873,0.5771948,0.7973429,0.68726885,Headset Earphone Handsfree Original,P47 Headphone Wireless Portable Bluetooth Headset Bass Handsfree Earphone Earpods Audio Music Gaming,31485f8f14df52d6b74a02b9e7f5682b.jpg,f47e5cbd02615de818987d214c05460e.jpg,True,False,False,False
953,5095,0.6210443,0.72843826,0.67474127,Headset Earphone Handsfree Original,[Promo murah ]HEADSET HIPPO HIP / HANDSFRE HIPPO BAS MANTAP / EARPHONE ORIGINAL,31485f8f14df52d6b74a02b9e7f5682b.jpg,fec7d0a7da0a9e88678b9af320e6cd12.jpg,True,False,False,False
959,2778,0.40463582,0.7960112,0.6003235,Tas Selempang Wanita Fairly Mini Murah,Tas Selempang Murah Jims Honey JH Kimi Bag Daily Hangout / Tas Sling Bag Fashion Wanita,31ad6e6ad258033f4dc16948df02e20f.jpg,8ee56d3287963a0126d5e9be4186089b.jpg,False,False,False,False
959,2985,0.56463325,0.65738076,0.611007,Tas Selempang Wanita Fairly Mini Murah,Tas PRILY - Tas Selempang Wanita,31ad6e6ad258033f4dc16948df02e20f.jpg,984eba18a3ac92c8669c0d727e238a89.jpg,True,False,False,False
959,4055,0.47035512,0.7443703,0.6073627,Tas Selempang Wanita Fairly Mini Murah,Tas Selempang Kunci STEVANI Cantik| Sling Bag Murah|Tas Wanita,31ad6e6ad258033f4dc16948df02e20f.jpg,cc5486349531112153a2d2bc69f4a847.jpg,False,False,False,False
962,4232,0.523139,0.68709034,0.6051147,MORYMONY NICE - Tote Bag Wanita,MORYMONY WAISTBAG JOJO - Tas Pinggang Wanita,31b523da3904d660e412f1d9a63cfad1.jpg,d4b63dc9c94acb204868d05583812f40.jpg,True,False,False,False
962,4924,0.5655899,0.67740166,0.6214958,MORYMONY NICE - Tote Bag Wanita,MORYMONY ANA - Dompet  Panjang Wanita,31b523da3904d660e412f1d9a63cfad1.jpg,f662b88d58d63ab91bdc7234230aea38.jpg,True,False,False,False
969,5042,0.48738045,0.7162309,0.6018057,SEDOTAN STAINLESS STEEL SILVER STAINLESS STRAW POUCH TAS HITAM,Sedotan sendok stainless/sendok teh kopi / spoon straw hx128,322d0a8917cb09929f097b30455eef35.jpg,fc9817fdba5fc6d6d22ee3d85f7df8ba.jpg,True,False,False,False
982,2441,0.37226552,0.84358615,0.60792583,Mukena Anak Katun Tsum Alphabet Pink ( Tas Ransel ),Mukena Anak Unicorn Pink ( Tas Sajadah ),32a15f080f34e6182bdf7aa01c0f4774.jpg,7c4503cae485f371a460a8cdf8250425.jpg,False,True,False,False
982,2442,0.36135736,0.84358615,0.60247177,Mukena Anak Katun Tsum Alphabet Pink ( Tas Ransel ),Mukena Anak Unicorn Pink ( Tas Sejadah ),32a15f080f34e6182bdf7aa01c0f4774.jpg,7c4503cae485f371a460a8cdf8250425.jpg,False,True,False,False
982,2769,0.43493387,0.79791534,0.6164246,Mukena Anak Katun Tsum Alphabet Pink ( Tas Ransel ),Mukena Anak Bayi Karakter Size XXS Balita 1-2 Tahun Mukenah Baby Terbaru Tsum Pink,32a15f080f34e6182bdf7aa01c0f4774.jpg,8e715451ecaa25565405d5a168c87c97.jpg,False,False,False,False
982,3011,0.4824371,0.7814208,0.631929,Mukena Anak Katun Tsum Alphabet Pink ( Tas Ransel ),MUKENA ANAK DISNEY TSUM PINK (BABY/1-2 TAHUN),32a15f080f34e6182bdf7aa01c0f4774.jpg,99ada7a6246ec481cbfc5ab335cf3c6c.jpg,True,False,False,False
982,4893,0.4200232,0.8398899,0.62995654,Mukena Anak Katun Tsum Alphabet Pink ( Tas Ransel ),GROSIR MUKENA ANAK KATUN UNICORN PINK TAS SAJADAH,32a15f080f34e6182bdf7aa01c0f4774.jpg,f5618596db0079de5d8346cf783df5ed.jpg,False,False,False,False
982,4894,0.37226552,0.8398899,0.6060777,Mukena Anak Katun Tsum Alphabet Pink ( Tas Ransel ),MUKENA ANAK UNICORN PINK (TAS SAJADAH),32a15f080f34e6182bdf7aa01c0f4774.jpg,f5618596db0079de5d8346cf783df5ed.jpg,False,False,False,False
984,3620,0.45103598,0.77489245,0.6129642,Everwhite Acnepair Cream BPOM,Everwhite Green Tea Clay Mask,32aab7e8a82ad0b8d9e7a24f65b9e295.jpg,b6f37f74a833c5d69d40db6cadbc7b6a.jpg,False,False,False,False
991,4091,0.58506197,0.6624582,0.6237601,Polymailer Plastik Packing 25x35 cm Putih (100pcs),TERMURAH polymailer import PUTIH TEBAL packing bag plastik olshop amplop plastik poly mailer,33151b58eb078c52cf9473a87c673f62.jpg,ce2a33c312dc2a2b4b8389f839c785b0.jpg,True,False,False,False
993,1125,0.73128355,0.6393002,0.6852919,Rak Dinding Toilet DIY - Rak Toilet Vintage,Rak Dinding Toilet DIY - Rak Toilet Vintage kosmetik tempat obat serbaguna pajangan dekorasi murah,33226ddf6fa77999546ed42da5b94eac.jpg,3984aa21f5f07082db5a8471a99a891f.jpg,True,False,False,False
993,1371,0.925904,0.80370104,0.8648025,Rak Dinding Toilet DIY - Rak Toilet Vintage,Rak Dinding Toilet DIY - Rak Toilet Vintage MG641,33226ddf6fa77999546ed42da5b94eac.jpg,463cff296bb518b8290c259a8e084621.jpg,True,False,False,False
993,3739,0.9327215,0.87407964,0.90340054,Rak Dinding Toilet DIY - Rak Toilet Vintage,Rak Dinding Toilet DIY - Rak Toilet Vintage M641,33226ddf6fa77999546ed42da5b94eac.jpg,bb2d8925aea75020893595d963d3d7a4.jpg,True,True,False,False
995,4213,0.60542864,0.59785485,0.6016418,[ACQ] Mainan Gigitan Bayi / Rattle Stick Teether,Teether gigitan bayi buah,3336166304ecc5016d99f93f0ca62e5d.jpg,d3987796d4ebab6882e1068deed3b11c.jpg,True,False,False,False
997,1759,0.361587,0.8440362,0.6028116,Miniso Official Minigo Folding Boston bag/ Tas Wanita,Miniso Official Princess Fashion Large Capacity Cosmetic Pouch,334a9fda578e0b97fbcf728d5b9d2197.jpg,5b62cffc48f6eb8f7904602cfd6a3b5c.jpg,False,True,False,False
997,3682,0.5047696,0.74994665,0.62735814,Miniso Official Minigo Folding Boston bag/ Tas Wanita,Miniso Official Stylish Simple Handbag Shoulder Bag/ Tas Wanita,334a9fda578e0b97fbcf728d5b9d2197.jpg,b9b38276661afe7c54b5997916d01be5.jpg,True,False,False,False
999,2696,0.52726996,0.727323,0.62729645,12 pcs per set Kuas Make Up Tabung,LoveFashion Kuas Make up Kosmetik Rias isi 20 Pcs Brush Make UP 20 Set In 1 Set Paket Kuas Makeup,33517088d7d3d2d5198f41017185cfd6.jpg,8a006a95da09dcb196c3de7d3be87678.jpg,True,False,False,True
999,4040,0.5580109,0.82418054,0.6910957,12 pcs per set Kuas Make Up Tabung,Kuas Make up Kosmetik Rias isi 20 Pcs Brush Make UP 20 Set In 1 Set Paket Kuas Makeup,33517088d7d3d2d5198f41017185cfd6.jpg,cba8b750acb461ff7c1e4cc7fdfda6f8.jpg,True,False,False,True
999,4041,0.52503353,0.82418054,0.67460704,12 pcs per set Kuas Make Up Tabung,RK fashion ||Kuas Make up Kosmetik Rias isi 20 Pcs Brush Make UP 20 Set In 1 Set Paket Kuas Makeup,33517088d7d3d2d5198f41017185cfd6.jpg,cba8b750acb461ff7c1e4cc7fdfda6f8.jpg,True,False,False,True
1000,2696,0.64134127,0.727323,0.68433213,Brush 12 Set In Tube Kuas Tabung Rias Make Up 12 Set Kuas Make Up,LoveFashion Kuas Make up Kosmetik Rias isi 20 Pcs Brush Make UP 20 Set In 1 Set Paket Kuas Makeup,33517088d7d3d2d5198f41017185cfd6.jpg,8a006a95da09dcb196c3de7d3be87678.jpg,True,False,False,True
1000,4040,0.676339,0.82418054,0.75025976,Brush 12 Set In Tube Kuas Tabung Rias Make Up 12 Set Kuas Make Up,Kuas Make up Kosmetik Rias isi 20 Pcs Brush Make UP 20 Set In 1 Set Paket Kuas Makeup,33517088d7d3d2d5198f41017185cfd6.jpg,cba8b750acb461ff7c1e4cc7fdfda6f8.jpg,True,False,False,True
1000,4041,0.6397918,0.82418054,0.73198617,Brush 12 Set In Tube Kuas Tabung Rias Make Up 12 Set Kuas Make Up,RK fashion ||Kuas Make up Kosmetik Rias isi 20 Pcs Brush Make UP 20 Set In 1 Set Paket Kuas Makeup,33517088d7d3d2d5198f41017185cfd6.jpg,cba8b750acb461ff7c1e4cc7fdfda6f8.jpg,True,False,False,True
1001,2696,0.61608183,0.727323,0.6717024,HH12 Brush 12 Set In Tube Kuas Tabung Rias Make Up 12 Set Kuas Make Up,LoveFashion Kuas Make up Kosmetik Rias isi 20 Pcs Brush Make UP 20 Set In 1 Set Paket Kuas Makeup,33517088d7d3d2d5198f41017185cfd6.jpg,8a006a95da09dcb196c3de7d3be87678.jpg,True,False,False,True
1001,4040,0.6497011,0.82418054,0.73694086,HH12 Brush 12 Set In Tube Kuas Tabung Rias Make Up 12 Set Kuas Make Up,Kuas Make up Kosmetik Rias isi 20 Pcs Brush Make UP 20 Set In 1 Set Paket Kuas Makeup,33517088d7d3d2d5198f41017185cfd6.jpg,cba8b750acb461ff7c1e4cc7fdfda6f8.jpg,True,False,False,True
1001,4041,0.6145934,0.82418054,0.71938694,HH12 Brush 12 Set In Tube Kuas Tabung Rias Make Up 12 Set Kuas Make Up,RK fashion ||Kuas Make up Kosmetik Rias isi 20 Pcs Brush Make UP 20 Set In 1 Set Paket Kuas Makeup,33517088d7d3d2d5198f41017185cfd6.jpg,cba8b750acb461ff7c1e4cc7fdfda6f8.jpg,True,False,False,True
1002,2696,0.59849685,0.727323,0.6629099,Kuas Make Up Tabung 12pcs Make Up Brush 12 Set In Tube Kuas Rias Make Up - Kaylie,LoveFashion Kuas Make up Kosmetik Rias isi 20 Pcs Brush Make UP 20 Set In 1 Set Paket Kuas Makeup,33517088d7d3d2d5198f41017185cfd6.jpg,8a006a95da09dcb196c3de7d3be87678.jpg,True,False,False,True
1002,4040,0.63139415,0.82418054,0.7277874,Kuas Make Up Tabung 12pcs Make Up Brush 12 Set In Tube Kuas Rias Make Up - Kaylie,Kuas Make up Kosmetik Rias isi 20 Pcs Brush Make UP 20 Set In 1 Set Paket Kuas Makeup,33517088d7d3d2d5198f41017185cfd6.jpg,cba8b750acb461ff7c1e4cc7fdfda6f8.jpg,True,False,False,True
1002,4041,0.59696066,0.82418054,0.7105706,Kuas Make Up Tabung 12pcs Make Up Brush 12 Set In Tube Kuas Rias Make Up - Kaylie,RK fashion ||Kuas Make up Kosmetik Rias isi 20 Pcs Brush Make UP 20 Set In 1 Set Paket Kuas Makeup,33517088d7d3d2d5198f41017185cfd6.jpg,cba8b750acb461ff7c1e4cc7fdfda6f8.jpg,True,False,False,True
1003,2696,0.581694,0.727323,0.6545085,Tube Make Up Brush Set / Kuas makeup 12pcs Tabung,LoveFashion Kuas Make up Kosmetik Rias isi 20 Pcs Brush Make UP 20 Set In 1 Set Paket Kuas Makeup,33517088d7d3d2d5198f41017185cfd6.jpg,8a006a95da09dcb196c3de7d3be87678.jpg,True,False,False,True
1003,4040,0.61373484,0.82418054,0.71895766,Tube Make Up Brush Set / Kuas makeup 12pcs Tabung,Kuas Make up Kosmetik Rias isi 20 Pcs Brush Make UP 20 Set In 1 Set Paket Kuas Makeup,33517088d7d3d2d5198f41017185cfd6.jpg,cba8b750acb461ff7c1e4cc7fdfda6f8.jpg,True,False,False,True
1003,4041,0.5792267,0.82418054,0.7017036,Tube Make Up Brush Set / Kuas makeup 12pcs Tabung,RK fashion ||Kuas Make up Kosmetik Rias isi 20 Pcs Brush Make UP 20 Set In 1 Set Paket Kuas Makeup,33517088d7d3d2d5198f41017185cfd6.jpg,cba8b750acb461ff7c1e4cc7fdfda6f8.jpg,True,False,False,True
1009,3376,0.6113989,0.59536326,0.60338104,TAS IMPORT FASHION SELEMPANG 93120,Tas Selempang Wanita Fashion,33a6766c39d740813c719a64eb20b6ef.jpg,ab7847ad639ceca26257e0566b99aba8.jpg,True,False,False,False
1010,2091,0.7322919,0.64641094,0.68935144,Frame kacamata Photocromic,PAKET LENSA PHOTOCROMIC Frame Kacamata Minus Kacamata Antiradiasi Kacamata Fashion Wanita,33ac294dfe3c0f61513aab60f2ca0029.jpg,6b2ba03df5ce013ca267fca47501098d.jpg,True,False,True,False
1010,3294,0.5308908,0.7514348,0.6411628,Frame kacamata Photocromic,Paket Frame+Lensa photocromic Anti radiasi. kacamata minus anti radiasi supersin. Normal antiradiasi,33ac294dfe3c0f61513aab60f2ca0029.jpg,a76d5fd4f1898794164c5e4122b51890.jpg,True,False,True,False
1010,4952,0.5308908,0.72136056,0.6261257,Frame kacamata Photocromic,Paket Frame+Lensa photocromic Anti radiasi. kacamata minus anti radiasi supersin. Normal antiradiasi,33ac294dfe3c0f61513aab60f2ca0029.jpg,f7af24cf546276277d5fc2c28b2fbbb2.jpg,True,False,True,False
1012,3610,0.58250135,0.68440247,0.63345194,Tabita Exclusive Original (Paket Besar Tabita) Set Lengkap,Paket Tabita Exclusive 40Gr Barcode + Exp Date,33c29d7005ac6f5bd7fdb2fb4891c51b.jpg,b67d5dbe915bfbb9f7f9fe81580196f3.jpg,True,False,False,False
1013,1035,0.35161752,0.8752841,0.61345077,KIPAS ANGIN MIYAKO BERDIRI KAS 1618 KB 2IN1 LOW WATT 3 KECEPATAN LEVEL,KIPAS ANGIN COSMOS  TWINO 2 IN1 16 INCH LOW WATT BEKASI 16 SEN,33d335ab340a54be6791df54c83be4fb.jpg,34a25ee8828b368ef0c2c5c49d143239.jpg,False,True,False,True
1018,1308,0.6186532,0.6847882,0.6517207,Kaos Kaki Anak Bulu Motif,[5 SET] Kaos Kaki Bayi / Kaos Kaki Anak 0-12 Bulan,33f28f89b2b316dd609db05efa0e1a9f.jpg,429e222369930bab827ef3e1d32f32d7.jpg,True,False,False,False
1018,2897,0.5797381,0.72213995,0.650939,Kaos Kaki Anak Bulu Motif,Kaos Kaki 3 warna Ankle Kaos kaki Cute Kaos Kaki Aneka Motif semata kaki,33f28f89b2b316dd609db05efa0e1a9f.jpg,94416fc9fdc43af1a35fdae411c62491.jpg,True,False,False,False
1018,4471,0.58943075,0.642998,0.6162144,Kaos Kaki Anak Bulu Motif,Kaos Kaki Motif Polos Imut,33f28f89b2b316dd609db05efa0e1a9f.jpg,e089b7618af708e339beee23471f15ea.jpg,True,False,False,False
1018,4472,0.68716085,0.642998,0.6650794,Kaos Kaki Anak Bulu Motif,Kaos kaki Motif PoLos,33f28f89b2b316dd609db05efa0e1a9f.jpg,e089b7618af708e339beee23471f15ea.jpg,True,False,False,False
1023,2414,0.6674109,0.53289086,0.6001509,(BISA C O D bayar ditempat)Helm Retro Bogo Dewasa,helm bogo dewasa,343962d0710fc83a52dc3eafd257963d.jpg,7ac655a43852ad969422b9ece0c133f1.jpg,True,False,True,False
1023,4528,0.6595577,0.5930706,0.62631416,(BISA C O D bayar ditempat)Helm Retro Bogo Dewasa,BISA COD.!!! BAYAR DI TEMPAT.!! HELM RETRO BOGO DEWASA MURAH FULL KULIT MOTIF PLUS KACA CEMBUNG,343962d0710fc83a52dc3eafd257963d.jpg,e307cdc7cc3b3108203396a8625de927.jpg,True,False,False,False
1029,1164,0.46284372,0.8112029,0.6370233,ZAFFAR SHOES SNEAKERS WANITA DN 08,Sneakers Wanita RDI 02,346f016c28efcddd88e426ee083a5928.jpg,3b6051f2d12c5cd8a59428064d2557f3.jpg,False,False,False,True
1032,2352,0.45346156,0.77121043,0.612336,JILBAB/HIJAB KHIMAR SEGITIGA BOBAL 2LAYER DIAMOND,Khimar Kirana 2 layer oval bahan diamond,348d3d89d78a37feb965c09ecbd71ecf.jpg,77a5e09fc4c43c861faadf98d6444814.jpg,False,False,False,False
1044,2021,0.45142663,0.80354327,0.6274849,HW JEANS SNOW / HW SNOW,ZELLO JEANS TALI / HW TALI JEANS  / CELANA JEANS,35410ddeff73f0e7264a2d464f9f0bd5.jpg,67d424949aa8fcdb6f683402542e8f30.jpg,False,False,False,False
1061,2091,0.69687706,0.63488877,0.66588295,Kacamata paket frame+fhotocromic,PAKET LENSA PHOTOCROMIC Frame Kacamata Minus Kacamata Antiradiasi Kacamata Fashion Wanita,362c49879f8a76040fc253c6344c7f1a.jpg,6b2ba03df5ce013ca267fca47501098d.jpg,True,False,True,False
1061,3294,0.50726116,0.73760664,0.6224339,Kacamata paket frame+fhotocromic,Paket Frame+Lensa photocromic Anti radiasi. kacamata minus anti radiasi supersin. Normal antiradiasi,362c49879f8a76040fc253c6344c7f1a.jpg,a76d5fd4f1898794164c5e4122b51890.jpg,True,False,True,False
1061,4952,0.50726116,0.6975697,0.60241544,Kacamata paket frame+fhotocromic,Paket Frame+Lensa photocromic Anti radiasi. kacamata minus anti radiasi supersin. Normal antiradiasi,362c49879f8a76040fc253c6344c7f1a.jpg,f7af24cf546276277d5fc2c28b2fbbb2.jpg,True,False,True,False
1071,1369,0.60563976,0.9111475,0.75839365,Gery Sereal Snack - Netto 30 gr,Gery Pillow Snack - Netto 10 bks x 15 gr,36c69b8095eccc2773fd1a486bda2647.jpg,461409749e3cdc7582ed6a73f452d538.jpg,True,True,False,True
1071,1946,0.41288364,0.8633741,0.6381289,Gery Sereal Snack - Netto 30 gr,Gery Krekeres Beras Asin - Netto 10 bks x 5.6 gr,36c69b8095eccc2773fd1a486bda2647.jpg,647e2eadd13c11f31870af572a02411b.jpg,False,True,False,True
1071,2329,0.41288364,0.86657405,0.63972884,Gery Sereal Snack - Netto 30 gr,Gery Krekeres Beras Asin - Netto 10 bks x 5.6 gr,36c69b8095eccc2773fd1a486bda2647.jpg,7658512ab1401efb3d7207a9c17c9bbe.jpg,False,True,False,True
1071,4970,0.502037,0.7934148,0.6477259,Gery Sereal Snack - Netto 30 gr,Gery Meses - Netto 10 bks x 7 gr,36c69b8095eccc2773fd1a486bda2647.jpg,f8b153cc147a81628cab289c54c2e697.jpg,True,False,False,True
1072,4000,0.53192645,0.6824028,0.6071646,SEMPROTAN MANDI BURUNG 2 LITER KYOKAN,Semprotan tanaman 2 liter/semprotan disinfektan/semprotan hama,36d1fead950c67df97aaf5a6e633715b.jpg,c9704446065315d74482645f2b66103c.jpg,True,False,False,False
1079,1608,0.7493012,0.92951626,0.83940876,Lock&Lock Food Container HPL806C - Rectangular Short 350mL With Divider,Lock&Lock Food Container HPL805 - Rectangular Short 180mL,37107ac8ad42fb07732b5b86a3b55b02.jpg,52bb569ed6cb794e1461fae950d1c36c.jpg,True,True,False,True
1079,3201,0.5130475,0.92157364,0.71731055,Lock&Lock Food Container HPL806C - Rectangular Short 350mL With Divider,RECTANGULAR 180ML LOCK&LOCK (HPL-805),37107ac8ad42fb07732b5b86a3b55b02.jpg,a2b268450eb462a87e4b86802066c983.jpg,True,True,False,True
1102,1761,0.69057155,0.76438975,0.72748065,Casing Lucu Soft Case VIVO V20 Y20 Y50 Y30 Y30i V19 S1 Z1 pro Y19 Y12 V9 Y91 Y17 V15 Y93 Y71 Y95 Y81 V5 Y15 V11 V15 pro Y83 V11i hy012,Vivo S1 Y19 Y12 Y15 Y17 V5s V5 V7 Plus V9 Z1 Pro V11 V15 Y55  Y65 Y71 Y81 Y91 Y93 Y95 Kaws Case,3837d14335a37e6b62cae928c15e3cc2.jpg,5b6de2f83031a8915c9f4fb3d7e1eb07.jpg,True,False,False,True
1102,3716,0.6713764,0.75070393,0.71104014,Casing Lucu Soft Case VIVO V20 Y20 Y50 Y30 Y30i V19 S1 Z1 pro Y19 Y12 V9 Y91 Y17 V15 Y93 Y71 Y95 Y81 V5 Y15 V11 V15 pro Y83 V11i hy012,Case VIVO S1 Z1 Pro Y12 Y15 Y17 Y11 Y91 Y93 Y95 Y91C Y19 V15 V11 Y81 Y71 V9 V7 Plus V5S Motif Kaws Air Soft TPU Phone Case,3837d14335a37e6b62cae928c15e3cc2.jpg,ba764ef954dd46490b87f0c3d7677a51.jpg,True,False,False,True
1102,4337,0.6713764,0.77352285,0.72244966,Casing Lucu Soft Case VIVO V20 Y20 Y50 Y30 Y30i V19 S1 Z1 pro Y19 Y12 V9 Y91 Y17 V15 Y93 Y71 Y95 Y81 V5 Y15 V11 V15 pro Y83 V11i hy012,Case VIVO S1 Z1 Pro Y12 Y15 Y17 Y11 Y91 Y93 Y95 Y91C Y19 V15 V11 Y81 Y71 V9 V7 Plus V5S Motif Kaws Air Soft TPU Phone Case,3837d14335a37e6b62cae928c15e3cc2.jpg,da315fe1f822c585793b421ad81b48ac.jpg,True,False,False,True
1102,5075,0.6828111,0.8063717,0.74459136,Casing Lucu Soft Case VIVO V20 Y20 Y50 Y30 Y30i V19 S1 Z1 pro Y19 Y12 V9 Y91 Y17 V15 Y93 Y71 Y95 Y81 V5 Y15 V11 V15 pro Y83 V11i hy012,Soft Case Desain Kartun Kuda Nil VIVO Y12 Y30 V19 Y91C Y15 Y91 Y20 Y20i Y50 S1 Y17 Y19 Y11 Y71 S1 PRO Z1 PRO Y93 Y95 V5 Y30i Y12i Y71i Y91i Z5 U10 U3 U20 V5 lite V5S Y66 Y70 Y90,3837d14335a37e6b62cae928c15e3cc2.jpg,fdb8bd7e8d00a0e5f85578ea9ccfeced.jpg,True,False,False,True
1103,1791,0.67403096,0.7053073,0.68966913,Casing Soft Case OPPO A53 A33 A52 A92 A31 A91 A12 Reno 4 4F 2 2f A5s A3s A37 F1s A1k A5 A9 2020 F11 F9 pro F7 F5 A83 A93 HY012,OPPO A9 A53 A5 2020 A33 F11 Pro F9 F7 F5 F1S A37 A83 A71 A3S A31 A5S A7 A1K Glitter Quicksand DIY Phone Case,3837d14335a37e6b62cae928c15e3cc2.jpg,5cd7c5ebf1133a4e5a941c63030e1967.jpg,True,False,False,True
1103,2138,0.62461954,0.7346634,0.6796415,Casing Soft Case OPPO A53 A33 A52 A92 A31 A91 A12 Reno 4 4F 2 2f A5s A3s A37 F1s A1k A5 A9 2020 F11 F9 pro F7 F5 A83 A93 HY012,OPPO A12 A9 A5 2020 F11 F9 Pro F7 F5 F3 F1S A37 A39 A5S A3S A7 Motif Panda Kartun Lucu Bahan Soft Case,3837d14335a37e6b62cae928c15e3cc2.jpg,6d8401fb09b8754224399cc62defaeb0.jpg,True,False,False,True
1103,2158,0.71342546,0.7950578,0.7542416,Casing Soft Case OPPO A53 A33 A52 A92 A31 A91 A12 Reno 4 4F 2 2f A5s A3s A37 F1s A1k A5 A9 2020 F11 F9 pro F7 F5 A83 A93 HY012,OPPO A53 2020 Reno 4 A5S A5 2020 A3S A92 A31 A12 A9 2020 F9 PRO A37 A37F F1S F11 A1K F7 A52 A71 F5 Youth A7 A31 A33 2020 A91 Reno 2f Reno 3 A72 A12E Realme C15 C12 5i C11 C2 C3 3 3i 5 5S 6 C1 6i Soft TPU Case,3837d14335a37e6b62cae928c15e3cc2.jpg,6e73d4d0a64b6412a76aa724762ce05e.jpg,True,False,False,True
1103,4987,0.58421427,0.6505279,0.6173711,Casing Soft Case OPPO A53 A33 A52 A92 A31 A91 A12 Reno 4 4F 2 2f A5s A3s A37 F1s A1k A5 A9 2020 F11 F9 pro F7 F5 A83 A93 HY012,Case Glitter OPPO A53 A52 A92 A1K A5 A9 2020 Relame C15 C11 C12 Reno 4 OPPO A37F A37 A39 A57 A5S A7 A71 F5 Youth F9 F11 Realme C1 C2 3 5 Pro 5 Reno 2F 2Z,3837d14335a37e6b62cae928c15e3cc2.jpg,f9813150ef6aa161fcb613c811e7b9f8.jpg,True,False,False,True
1105,2195,0.53278744,0.74558574,0.6391866,BOYFRIEND JEANS / BAGGY JEANS POLOS PREMIUM - 1KG ISI 3PCS,BOYFRIEND JEANS  NONSTRETCH MURAH TWO TONE BOYFRIEND / ZIG LINE BOYFRIEND JEANS / MOUREEN FRINGE,385d91fb70abd3becc96553efed02c8b.jpg,6fa90ee73a8015550b7fcb384cd7cd2f.jpg,True,False,False,False
1106,4769,0.48707134,0.72077024,0.6039208,BAJU TSHIRT KAOS DISTRO BUSHIDO / ATASAN PRIA / T-SHIRT PRIA,Kaos Tshirt Cotton Combed 30s Distro Baju PUMA,38608c32ae3bc684f9f072284b34df99.jpg,f054ca0668f629e4684bba190429f072.jpg,True,False,False,False
1108,2454,0.6872629,0.68385637,0.68555963,BUBBLE WRAP / SAFETY PACKING,BUBBLE WRAP,38842ea6fb5d39e1e86a9d52e91ed36e.jpg,7d109a5c2d9caa09e6bc71c35f9ac830.jpg,True,False,True,False
1111,3191,0.66610324,0.81908554,0.74259436,SEPATU PATROBAS EQUIP BLACK WHITE LOW,Sepatu Patrobas Equip High Black White Size 37-44 Original Made In Indonesia,38b2539142bbc2eb7f7cf2823d28bd8f.jpg,a213db7809b1e439ef56a5535f8b4569.jpg,True,False,False,False
1111,4101,0.66807795,0.8302958,0.7491869,SEPATU PATROBAS EQUIP BLACK WHITE LOW,Sepatu Patrobas Equip High Black White Size 38-44 Original Made In Indonesia,38b2539142bbc2eb7f7cf2823d28bd8f.jpg,ce7868655d4abbb17f095aeafc7f4a45.jpg,True,False,False,False
1124,1125,0.9860791,0.9999999,0.9930395,Rak Dinding Toilet DIY - Rak Toilet Vintage kosmetik tempat obat serbaguna pajangan dekorasi,Rak Dinding Toilet DIY - Rak Toilet Vintage kosmetik tempat obat serbaguna pajangan dekorasi murah,3984aa21f5f07082db5a8471a99a891f.jpg,3984aa21f5f07082db5a8471a99a891f.jpg,True,True,False,False
1124,1371,0.6864962,0.66576755,0.67613184,Rak Dinding Toilet DIY - Rak Toilet Vintage kosmetik tempat obat serbaguna pajangan dekorasi,Rak Dinding Toilet DIY - Rak Toilet Vintage MG641,3984aa21f5f07082db5a8471a99a891f.jpg,463cff296bb518b8290c259a8e084621.jpg,True,False,False,False
1124,3739,0.6915509,0.6527593,0.67215514,Rak Dinding Toilet DIY - Rak Toilet Vintage kosmetik tempat obat serbaguna pajangan dekorasi,Rak Dinding Toilet DIY - Rak Toilet Vintage M641,3984aa21f5f07082db5a8471a99a891f.jpg,bb2d8925aea75020893595d963d3d7a4.jpg,True,False,False,False
1126,3206,0.56564647,0.6484896,0.60706806,Renu fresh multi-purpose solution 60ml,Cairan Pembersih Softlens i look 60ml Vision Care Multi Purpose Solution,398b10e7175f86edb8be21599cc3ae60.jpg,a2d2ca03219deb2b97b7d89c6feab1f1.jpg,True,False,False,False
1129,1512,0.52137315,0.7493653,0.63536924,Botol Juicer Blender Portable & rechargeable BOTOL JUZZ PRAKTIS  New Shake & Take JUICER BLENDER,Blender Portable Mini 6 pisau mirip vitamer juicer Take Go,399e3f49114171437d7a279637382e1d.jpg,4d422d21dfb5426bdc2df1733dfc71d1.jpg,True,False,False,False
1133,3365,0.52085626,0.94892853,0.73489237,SPA BODY HANASUI BPOM,Hanasui Body Spa Peeling Gel With Colagen Original 100%,39a74068eca03159613b2e718c210768.jpg,aaffc7a90b92b51fbd256704f680f017.jpg,True,True,False,False
1141,1330,0.5974181,0.6240386,0.6107284,Joystick tombol trigger game L1R1 PUBG versi 3 packing box hitam gamepad mobile joystick,Gamepad SR Joystick PUBG FF Cooling Fan L1R1 Trigger Powerbank 2000mAh,39f895d5528069d5304d7f65b7e92cea.jpg,43b834afa9def35983b4a49f21bc3cbb.jpg,True,False,False,True
1152,1755,0.6032593,0.66979957,0.63652945,Amazing Jaket Twotone Wanita / Jaket Gunung / Jaket Parasut Murah / Jaket Outdoor Wanita,(BISA COD) Jaket Summit Jaket Muncak Jaket Outdoor Murah Jaket Gunung Jaket Waterproof Anti Air,3aa940177d8bfd3f6e1b6330efe4892f.jpg,5b3b6c347372aef6241dd3847afef9a4.jpg,True,False,False,False
1156,1453,0.5290558,0.7303637,0.6297097,Celana Sirwal Kantor dan Kerja/ Celana Santai/ Celana Casual/ Celana Katun/,CELANA PANJANG SIRWAL PANGSI SANTAI PRIA COWOK,3aee9ae484b60de269b8f9957f9b055c.jpg,4a1d1cefe6412ce20e8c3a784ebfd322.jpg,True,False,False,False
1157,1308,0.43956095,0.7781738,0.6088674,K312 Kaos Kaki Polos Semata Kaki / Kaos Kaki Ankle Cute / Socks / Short Socks,[5 SET] Kaos Kaki Bayi / Kaos Kaki Anak 0-12 Bulan,3b0243ede594954b72df14d2a47f974c.jpg,429e222369930bab827ef3e1d32f32d7.jpg,False,False,False,True
1159,1906,0.72405946,0.7504904,0.73727494,KOREK KUPING SENTER LED NYALA EARPICK FLASH LIGHT LAMPU ANAK SOUVENIR,Korek Kuping Nyala Earpick With Flashlight Alat Korek Kuping Pembersih Telinga Lampu Senter LED,3b13c7b483d8b6db1b13d757898463db.jpg,61b451b1faf23ab6f25c335ed5b643ba.jpg,True,False,False,False
1161,4873,0.5909498,0.68231475,0.63663226,Headset Bluetooth Earbuds Wireless TWS-4 Earphone Handsfree TWS4 Isi 2,P47 Headphone Wireless Portable Bluetooth Headset Bass Handsfree Earphone Earpods Audio Music Gaming,3b24b3b5679b5f8281a66c709f096ba6.jpg,f47e5cbd02615de818987d214c05460e.jpg,True,False,False,True
1164,1640,0.42656633,0.7982689,0.61241764,Sneakers Wanita RDI 02,SEPATU SNEAKERS B03 IDR04,3b6051f2d12c5cd8a59428064d2557f3.jpg,54a75f09fbc41fb147a8ffcaaf2fe3ac.jpg,False,False,False,True
1164,1937,0.49053493,0.7150412,0.6027881,Sneakers Wanita RDI 02,DN 08 SNEAKERS,3b6051f2d12c5cd8a59428064d2557f3.jpg,63decdee2e05967a9727fed922f54780.jpg,True,False,True,True
1164,4891,0.5285067,0.6728123,0.6006595,Sneakers Wanita RDI 02,Sepatu Wanita Sneakers Flat Balenciaga Style Sneakers Wanita Kasual Tinggi,3b6051f2d12c5cd8a59428064d2557f3.jpg,f55803578b9b245c7aaaedf11dfa1f70.jpg,True,False,False,False
1166,3249,0.5384068,0.73514074,0.63677377,LKM040 (LED Light) Sepatu sneakers anak laki-laki / perempuan,(skic) Sepatu Sneakers Bayi Laki-Laki / Perempuan Bahan Rajut Breathable Sol Lembut Warna Polos,3b6b6052a312be676470cc4a2181305d.jpg,a4d3a2a4bd13b43985258410ae41a897.jpg,True,False,False,False
1166,4094,0.65687245,0.7347498,0.69581115,LKM040 (LED Light) Sepatu sneakers anak laki-laki / perempuan,Mybaby Sepatu Sneakers Anti Slip untuk Laki-Laki / Perempuan,3b6b6052a312be676470cc4a2181305d.jpg,ce2f14b00e042e4f9acde6a2ef47e203.jpg,True,False,False,False
1169,1176,0.67112535,0.7190752,0.6951003,1KG MUAT 3PCS | SABRINA OVERALL JEANS / SHABBY MIDI OVERALL JEANSWASH,1KG MUAT 3PCS | MOZY OVERALL / OVERALL LONG JEANS / LONG OVERALL JEANS WANITA,3ba0bb28f79ac002a1a0af1d7202763c.jpg,3bb7de5a689558535167724bc8b60e83.jpg,True,False,False,False
1169,3117,0.55185455,0.72695136,0.639403,1KG MUAT 3PCS | SABRINA OVERALL JEANS / SHABBY MIDI OVERALL JEANSWASH,OVERALL LONG JEANS / LONG OVERALL JEANS WANITA / MOZY OVERALL,3ba0bb28f79ac002a1a0af1d7202763c.jpg,9ec1203b4149b18375eb7563eb068c40.jpg,True,False,False,False
1170,1749,0.57179546,0.6294498,0.60062265,SQUARE BLOUSE / KEMEJA KOTAK,KIRANAOFFICIAL - ( COD )KEMEJA MONALISA kotak SQUARE BLOUSE / gridA top  ( J07 / AF09 ),3ba11bc2d6da657ff237e72352966981.jpg,5ac5f7091802035b31c5585116b843d4.jpg,True,False,False,False
1175,4415,0.5646089,0.67755324,0.62108105,Jilbab Instan Salwa - Kerudung Wanita,Jilbab Nafisa Hanita/Hijab murah/Kerudung instan/Berkualitas,3bb66fcdfdf374368fe623662653fc98.jpg,ddc91566f53f243169de70d3e7c41a01.jpg,True,False,False,False
1176,1795,0.64279574,0.7298012,0.6862985,1KG MUAT 3PCS | MOZY OVERALL / OVERALL LONG JEANS / LONG OVERALL JEANS WANITA,1KG BISA 3PCS | SABRINA OVERALL JEANS / SHABBY OVERALL JEANSWASH,3bb7de5a689558535167724bc8b60e83.jpg,5cf5be67633faebe8d5023bb939552f8.jpg,True,False,False,False
1176,2763,0.51388574,0.7825941,0.6482399,1KG MUAT 3PCS | MOZY OVERALL / OVERALL LONG JEANS / LONG OVERALL JEANS WANITA,Buna Overall,3bb7de5a689558535167724bc8b60e83.jpg,8e530ae743cc9d80c1f92e7cc002ce6c.jpg,True,False,True,False
1181,1870,0.5052037,0.74954945,0.62737656,IKAT PINGGANG CEWEK/ BELT MURAH/ SABUK WANITA,VANILLESHOP - Ikat Pinggang Wanita Ring Belt GC,3bf6a8611dd77a035104c1ee1d5ccf9d.jpg,60096b4c445541ae9b73bb8e213259cf.jpg,True,False,False,False
1190,1196,0.4922506,0.7704651,0.63135785,1KG = 4PCS | VEE  DRESS FREE BELT / GAMIS MUSLIM / DRESS MUSLIM MODERN TERBARU,GRB - PAJERA Maxi | Dress Gamis Mutiara | Baju Muslim Modern,3c9e8d93f1925c5b8701c9c30d570f74.jpg,3cf1c96fe79f2cdd987262231328a50e.jpg,True,False,False,False
1190,1197,0.49027404,0.7704651,0.63036954,1KG = 4PCS | VEE  DRESS FREE BELT / GAMIS MUSLIM / DRESS MUSLIM MODERN TERBARU,NJ - Pajera Maxi | Dress Gamis Mutiara | Baju Muslim Modern,3c9e8d93f1925c5b8701c9c30d570f74.jpg,3cf1c96fe79f2cdd987262231328a50e.jpg,True,False,False,False
1190,1198,0.5053574,0.7704651,0.6379112,1KG = 4PCS | VEE  DRESS FREE BELT / GAMIS MUSLIM / DRESS MUSLIM MODERN TERBARU,TGO - Pajera Maxi | Dress Gamis Mutiara | Baju Muslim Modern,3c9e8d93f1925c5b8701c9c30d570f74.jpg,3cf1c96fe79f2cdd987262231328a50e.jpg,True,False,False,False
1190,2277,0.51123464,0.7472158,0.62922525,1KG = 4PCS | VEE  DRESS FREE BELT / GAMIS MUSLIM / DRESS MUSLIM MODERN TERBARU,DRESS MUSLIM TERBARU / GAMIS RAHNEM GM - 22 / FASHION MUSLIM 20% OFF,3c9e8d93f1925c5b8701c9c30d570f74.jpg,7379f15dfaa529305991c5b14b8b6ec7.jpg,True,False,False,True
1191,1196,0.50418746,0.7704651,0.63732624,DAISHA DRESS / VEE DRESS FREE BELT / GAMIS MUSLIM / DRESS MUSLIM MODERN TERBARU,GRB - PAJERA Maxi | Dress Gamis Mutiara | Baju Muslim Modern,3c9e8d93f1925c5b8701c9c30d570f74.jpg,3cf1c96fe79f2cdd987262231328a50e.jpg,True,False,False,False
1191,1197,0.5025217,0.7704651,0.6364934,DAISHA DRESS / VEE DRESS FREE BELT / GAMIS MUSLIM / DRESS MUSLIM MODERN TERBARU,NJ - Pajera Maxi | Dress Gamis Mutiara | Baju Muslim Modern,3c9e8d93f1925c5b8701c9c30d570f74.jpg,3cf1c96fe79f2cdd987262231328a50e.jpg,True,False,False,False
1191,1198,0.51790756,0.7704651,0.6441863,DAISHA DRESS / VEE DRESS FREE BELT / GAMIS MUSLIM / DRESS MUSLIM MODERN TERBARU,TGO - Pajera Maxi | Dress Gamis Mutiara | Baju Muslim Modern,3c9e8d93f1925c5b8701c9c30d570f74.jpg,3cf1c96fe79f2cdd987262231328a50e.jpg,True,False,False,False
1191,2277,0.52120113,0.7472158,0.63420844,DAISHA DRESS / VEE DRESS FREE BELT / GAMIS MUSLIM / DRESS MUSLIM MODERN TERBARU,DRESS MUSLIM TERBARU / GAMIS RAHNEM GM - 22 / FASHION MUSLIM 20% OFF,3c9e8d93f1925c5b8701c9c30d570f74.jpg,7379f15dfaa529305991c5b14b8b6ec7.jpg,True,False,False,False
1195,4785,0.5436852,0.7258601,0.63477266,CS - Jilbab Anak LOL LED NYALA / Kerudung Hijab Loly,Hijab anak / krudung anak / jilbab anak lucu,3cd8fd7b6c63f2558174c7f90ac47d91.jpg,f12082dd3b19fb4537a116b518e9151b.jpg,True,False,False,False
1211,2551,0.71681464,0.7025635,0.7096891,SERUM HANASUI GOLD BPOM,Hanasui serum pemutih wajah whitening gold bpom,3db93da5fd95023f15acdf3c24391c27.jpg,82052879698c4cbde839623a5df3bb6a.jpg,True,False,False,False
1211,3449,0.71693,0.5849031,0.6509166,SERUM HANASUI GOLD BPOM,[BPOM] Hanasui Serum Gold Whitening 100% Original Termurah,3db93da5fd95023f15acdf3c24391c27.jpg,ae2da533d75381b416a3b8f6d581d5f3.jpg,True,False,False,False
1211,3536,0.6035692,0.67759645,0.6405828,SERUM HANASUI GOLD BPOM,SERUM WHITENING GOLD HANASUI / SERGOLD / JAYA MANDIRI / SERUM WAJAH ORIGINAL,3db93da5fd95023f15acdf3c24391c27.jpg,b23fa607c9c3947b0f0b93df9b50286b.jpg,True,False,False,False
1217,2834,0.5151967,0.71935844,0.61727756,Elshe Skin Matte Lipstick,HEY GIRL LIPSTICK KOREA 4 Warna Matte Tahan Lama Lipstick,3ddd44872077c1667ad648f4077f2cb0.jpg,913e6bc445fe93eb5feb0667f7452820.jpg,True,False,False,False
1217,4677,0.3707996,0.8424626,0.6066311,Elshe Skin Matte Lipstick,Wardah Intense Matte Lipstick 05 Easy Brownie 2.3 gr,3ddd44872077c1667ad648f4077f2cb0.jpg,eb56efc1ddc5b7582980bec1ed1930e4.jpg,False,True,False,False
1217,4823,0.38476148,0.81943345,0.60209745,Elshe Skin Matte Lipstick,Lakme Make Up Lipstik Argan Lip Matte Peach Beach Absolute Lipstik Matte,3ddd44872077c1667ad648f4077f2cb0.jpg,f289a85325b33a1887ea408958cbf384.jpg,False,False,False,False
1226,4012,0.62179285,0.69756156,0.6596772,Speaker Tahfidz  Anak 30 Juz MEMORI 16 GB FULL / Speaker Al Quran/ Speaker Murottal/ Speker alquran,(BISA PAKAI NAMA) SPEAKER ALQURAN/16 GB FULL KONTEN/SPEAKER ALQURAN,3e64bcf0f68a86bd562b6f45be0cc30e.jpg,c9eb0be422e2e7beadbce91aa3ecfd1d.jpg,True,False,False,True
1226,4332,0.5797678,0.729789,0.6547784,Speaker Tahfidz  Anak 30 Juz MEMORI 16 GB FULL / Speaker Al Quran/ Speaker Murottal/ Speker alquran,[BISA PAKAI NAMA] SPEAKER MUROTTAL AL QURAN ANAK advance tp600bt 30 juz 16 GB FULL,3e64bcf0f68a86bd562b6f45be0cc30e.jpg,d9fcaaa551a6735b5a664c1f31ce6c9a.jpg,True,False,False,True
1229,1308,0.52294934,0.72932935,0.62613934,Kaos Kaki Anak Bayi CUTE ANIMAL 3D Impor.,[5 SET] Kaos Kaki Bayi / Kaos Kaki Anak 0-12 Bulan,3e730446a4c9217affbfe4358b3f3428.jpg,429e222369930bab827ef3e1d32f32d7.jpg,True,False,False,True
1229,2897,0.47067446,0.74433845,0.60750645,Kaos Kaki Anak Bayi CUTE ANIMAL 3D Impor.,Kaos Kaki 3 warna Ankle Kaos kaki Cute Kaos Kaki Aneka Motif semata kaki,3e730446a4c9217affbfe4358b3f3428.jpg,94416fc9fdc43af1a35fdae411c62491.jpg,False,False,False,False
1229,4056,0.47772023,0.7282468,0.60298353,Kaos Kaki Anak Bayi CUTE ANIMAL 3D Impor.,[5 SET] Kaos Kaki Bayi Kaos Kaki Anak 012 Bulan BIRU MUDA H8L1 BabyCute,3e730446a4c9217affbfe4358b3f3428.jpg,cc5baca87f8e4720591c3584b28039af.jpg,False,False,False,True
1246,2964,0.5272877,0.7494843,0.638386,JAMIN  100%ORIGINAL KOREA PROMO READYSTOCK NATURE REPUBLIC Aloe Vera 92% Soothing Moisture Gel 300ml,[READY STOCK] Npure Cactus Aloe Vera 92 Soothing Gel,3f6cd586dddb41b97190a5bd367e8667.jpg,9717891f3764b1c83f7c6b6b3e7f0fba.jpg,True,False,False,True
1248,4818,0.44094673,0.7666216,0.60378414,Sepatu Pria Walkers Mocasin Italian Casual Santai Formal Kerja Kantor Slip On,KICKERS BANDIT  sepatu pria casual boots formal,3f8a781a429640f97e473cdf40b37dc8.jpg,f27a2fbc0d0dfdd60f531ee2f0c2c4bd.jpg,False,False,False,False
1248,5028,0.4125158,0.81903386,0.6157748,Sepatu Pria Walkers Mocasin Italian Casual Santai Formal Kerja Kantor Slip On,"b""Panarybody Sepatu Pria sepatu casual pria sepatu slip on pria Sepatu Kasual Impor Men's shoes""",3f8a781a429640f97e473cdf40b37dc8.jpg,fbf380b9bf6de8bcb98c2bdbc0d7eae3.jpg,False,False,False,False
1260,4456,0.5142411,0.7921146,0.65317786,Dettol Antiseptic Liquid 245 ml - Cairan Antiseptik,"Tisu basah antiseptic/ anti bacterial Dettol, Softies, paseo",40473f20e1b799b8971e281e8cad8c66.jpg,dfbc7541813040caabe847a483469e2b.jpg,True,False,False,False
1264,1472,0.715516,0.6701841,0.69285,Bayar Ditempat-KLINSKIN Beauty Soap Original,KLINSKIN ORIGINAL BEAUTY SOAP PEMUTIH KULIT,404a6fddc1d1305bc1f30c9ec57beaf8.jpg,4b2e482d56077b309fabf04ea4ecd2c6.jpg,True,False,False,False
1264,1506,0.71710217,0.5328746,0.6249884,Bayar Ditempat-KLINSKIN Beauty Soap Original,KLINSKIN Beauty Soap Original BPOM BELI 2 DAPAT 3,404a6fddc1d1305bc1f30c9ec57beaf8.jpg,4ceef729ed0521965fc845c9ed250b59.jpg,True,False,False,False
1265,1833,0.58336455,0.6328312,0.6080979,jilbab anak elmo,Jilbab anak LED LOL,404be35a25ecd96b02fa8fe9c58b3f1e.jpg,5ec28dc61b39954c0b2eb10baff04899.jpg,True,False,True,False
1276,2913,0.48155764,0.7501003,0.615829,Tas selempang kulit import kiba,JS_Tas Selempang GNEI/Tas Selempang Termurah/Tas Selempang Cewek/Tas Selempang Elmo,40b45d4d21307ae65f20c4b15ca53d07.jpg,952b466c02191657fece5b6c66a46a3f.jpg,True,False,False,False
1277,2693,0.39496678,0.86783046,0.6313986,Innisfree Olive Real Cleansing Oil 150ml + Innisfree Sample / Shipping from Korea,INNISFREE Jeju Cherry Blossom Skin 200ml,40b98946a1ba9726ff4f843e9a6b75f3.jpg,89f664c03923bef84b5e856b491fcf4a.jpg,False,True,False,True
1280,5042,0.5671906,0.6693219,0.6182562,1 SET 5 IN 1 Sedotan Stainless (STAINLESS STRAW),Sedotan sendok stainless/sendok teh kopi / spoon straw hx128,40d1126fa07e08b4b5dd8a78afdb9538.jpg,fc9817fdba5fc6d6d22ee3d85f7df8ba.jpg,True,False,False,True
1285,2580,0.4908735,0.84163564,0.6662546,Healthy Choice Broccoli Noodle 200 gr,Healthy Choice Beras Merah Organik 1 kg,41335a16de948d0ba6e6c968fbe5def8.jpg,83596f3e491cf55194e71a4ba7db792d.jpg,True,True,False,True
1287,2690,0.44088402,0.79092777,0.6159059,Wardah Refill BB Lightening Cake Powder,(REFILL) Wardah Instaperfect Matte Fit Powder Foundation,414f33c792ec491efe07f80278b75d7c.jpg,898ad104b0bbd2a7cb289c08bdec7608.jpg,False,False,False,False
1287,3729,0.40410438,0.79735744,0.6007309,Wardah Refill BB Lightening Cake Powder,Wardah Refill Instaperfect Matte Fit Powder Foundation 11. FAIR 13 g,414f33c792ec491efe07f80278b75d7c.jpg,baadc20a66bdc374e712543bd7141724.jpg,False,False,False,False
1302,2685,0.42712364,0.78434527,0.60573447,KAOS ANAK KARAKTER CUTE GIRL II PINK  1 - 10 THN,Setelan Baju Anak SABRINA Karakter Motif Oshkosh Cute Girl,4232f5e4ce4b37912857456137d8dab6.jpg,89385b32eab0af2dbb2ef1eb6066adb3.jpg,False,False,False,False
1308,2897,0.54688805,0.8095592,0.6782236,[5 SET] Kaos Kaki Bayi / Kaos Kaki Anak 0-12 Bulan,Kaos Kaki 3 warna Ankle Kaos kaki Cute Kaos Kaki Aneka Motif semata kaki,429e222369930bab827ef3e1d32f32d7.jpg,94416fc9fdc43af1a35fdae411c62491.jpg,True,False,False,True
1308,3801,0.4928358,0.76160216,0.62721896,[5 SET] Kaos Kaki Bayi / Kaos Kaki Anak 0-12 Bulan,Kaos kaki spandex,429e222369930bab827ef3e1d32f32d7.jpg,bf57badb33ec4dd212a0f0a129f8f8b7.jpg,True,False,True,False
1308,3805,0.5290073,0.72564113,0.6273242,[5 SET] Kaos Kaki Bayi / Kaos Kaki Anak 0-12 Bulan,Kaos kaki polos semata kaki import,429e222369930bab827ef3e1d32f32d7.jpg,bf8b7bcb8278faa9ad147443e5509299.jpg,True,False,False,False
1308,3808,0.48462835,0.7582984,0.62146336,[5 SET] Kaos Kaki Bayi / Kaos Kaki Anak 0-12 Bulan,FUNSTORE KAOS KAKI POLOS WARNA WARNI REMAJA / KAOS KAKI PENDEK MATA KAKI / KAOS KAKI WANITA,429e222369930bab827ef3e1d32f32d7.jpg,bfa7c595e97cf7a9b6228d16bb908500.jpg,True,False,False,False
1308,4471,0.45078927,0.7795964,0.61519283,[5 SET] Kaos Kaki Bayi / Kaos Kaki Anak 0-12 Bulan,Kaos Kaki Motif Polos Imut,429e222369930bab827ef3e1d32f32d7.jpg,e089b7618af708e339beee23471f15ea.jpg,False,False,False,False
1308,4472,0.5227907,0.7795964,0.6511935,[5 SET] Kaos Kaki Bayi / Kaos Kaki Anak 0-12 Bulan,Kaos kaki Motif PoLos,429e222369930bab827ef3e1d32f32d7.jpg,e089b7618af708e339beee23471f15ea.jpg,True,False,False,False
1308,4578,0.6824526,0.7629536,0.7227031,[5 SET] Kaos Kaki Bayi / Kaos Kaki Anak 0-12 Bulan,"KAOS KAKI BAYI, KAOS KAKI BULU ANAK, KAOS KAKI BINATANG, BABY SOCKS, KAOS BULU",429e222369930bab827ef3e1d32f32d7.jpg,e5d24b26fcf034e9f6f7a92d043ff6f0.jpg,True,False,False,False
1313,3236,0.5871321,0.6602886,0.62371033,piyama hp dewasa motif teddy,Piyama Daster Motif   LD 100 Cm Dewasa,42e959472b145dc04905dfdd744d474b.jpg,a43685c4ea8ce9a8e9c771327a721984.jpg,True,False,False,False
1315,2352,0.4405261,0.8148629,0.6276945,Khimar Kayla 2 layers,Khimar Kirana 2 layer oval bahan diamond,42f7dac5c5bba3518d0365c809ad08b5.jpg,77a5e09fc4c43c861faadf98d6444814.jpg,False,False,False,False
1326,3376,0.70934016,0.64151573,0.6754279,Tas Wanita Z4ra Selempang Original Fashion,Tas Selempang Wanita Fashion,436c7c6bdbcf6c1121bab5a4e89bf80b.jpg,ab7847ad639ceca26257e0566b99aba8.jpg,True,False,False,False
1336,2513,0.47331437,0.7302102,0.6017623,Minyak Telon Huki 60 ml #288,Konicare Minyak Telon Plus 30 ml,4439071f587bd285e7f575544f651545.jpg,7fc0cc0541ca3e42c209767f3cb6e4ec.jpg,False,False,False,True
1341,2445,0.42355877,0.8624969,0.64302784,cutbray  kirien kulot.BAHAN scuba.ONESIZE.PJG_+90.CM. LP_+58.S/D.105.CM.bahan melar pingang karet,Cutbray Scuba / Scuba Pant,447bd3a88bc99b453d1be157bef87c1f.jpg,7c8f6762c586063672577b7161f7b74d.jpg,False,True,False,False
1341,3931,0.44965625,0.76029515,0.6049757,cutbray  kirien kulot.BAHAN scuba.ONESIZE.PJG_+90.CM. LP_+58.S/D.105.CM.bahan melar pingang karet,CUTBRAY SCUBA,447bd3a88bc99b453d1be157bef87c1f.jpg,c599f844bc47ce7e0bf176db1a3cce16.jpg,False,False,True,False
1342,2201,0.5063096,0.7809566,0.6436331,sepatu converse allstar special edition,sepatu conver,44862e9f04bcaf8d2060c9ce0a608387.jpg,6fec29bcde516244e1b7b3e506236713.jpg,True,False,True,False
1342,2202,0.52165014,0.7809566,0.6513034,sepatu converse allstar special edition,sepatu convers,44862e9f04bcaf8d2060c9ce0a608387.jpg,6fec29bcde516244e1b7b3e506236713.jpg,True,False,True,False
1346,3256,0.45458156,0.79916173,0.62687165,Pressure sprayer / sprayer pompa 2 liter,Alat Semprotan Disinfektan 2 Liter Hand Sprayer tanaman spray,44af6c444a5952b6759b8fe57c4fa4db.jpg,a59d11e7ff29bb13225c3fdc555cda0e.jpg,False,False,False,False
1348,2209,0.69723654,0.5362226,0.61672956,Garam Himalaya 1Kg - Natural Himalayan Pink Salt,HIMALAYA,44ca16b39246604c2e66b20f1b6f89f9.jpg,7038526163f056ed536d74c01b0f81d3.jpg,True,False,True,False
1350,1930,0.56606823,0.6400155,0.6030419,Dii Case Tpu Casing Softcase Silikon Candy Macaroon Oppo Samsung Xiaomi Vivo Iphone Realme All type,"Fashion Glitter Diamond Case Xiaomi, Oppo, Vivo, Samsung, Realme & Iphone",451b108436f28c18b2dc8bf63b712c08.jpg,639db96d2a203a479483fa941110c49c.jpg,True,False,False,False
1350,3703,0.55206513,0.71752954,0.63479733,Dii Case Tpu Casing Softcase Silikon Candy Macaroon Oppo Samsung Xiaomi Vivo Iphone Realme All type,SOFTCASE BONEKA TIMBUL DISNEY SAMSUNG XIAOMI OPPO VIVO REALME,451b108436f28c18b2dc8bf63b712c08.jpg,ba4d251e13aa4196971a4b6fca4955d9.jpg,True,False,False,False
1350,4698,0.62652594,0.76744723,0.69698656,Dii Case Tpu Casing Softcase Silikon Candy Macaroon Oppo Samsung Xiaomi Vivo Iphone Realme All type,CASE SILIKON CANDY KARAKTER 4D CASING OPPO SAMSUNG XIAOMI VIVO,451b108436f28c18b2dc8bf63b712c08.jpg,ec4dc3669d5767e89151caa0a5368091.jpg,True,False,False,False
1364,1536,0.52792466,0.7967411,0.6623329,Dispenser Odol,[WiriWana] - RUMAH UNIK Dispenser Odol Kotak Sikat Gigi Unik,45eabd2cdbad34ca2b077a2d71200531.jpg,4e6474bb059b0799f97c7e6822130a52.jpg,True,False,True,False
1364,2706,0.8064003,0.79878426,0.8025923,Dispenser Odol,DISPENSER ODOL BARU TERMURAH !!,45eabd2cdbad34ca2b077a2d71200531.jpg,8a5f92d3d158ef5c045f751aa451f778.jpg,True,False,True,False
1364,3181,0.7992653,0.72014964,0.75970745,Dispenser Odol,DISPENSER ODOL VERSI BARU..,45eabd2cdbad34ca2b077a2d71200531.jpg,a150b4796865cdb160a0d8b744e346b9.jpg,True,False,True,False
1365,1536,0.48734453,0.7967411,0.6420428,Dispenser Tempat Odol Pasta Gigi dan Rak Sikat Gigi Polos Praktis Elegan,[WiriWana] - RUMAH UNIK Dispenser Odol Kotak Sikat Gigi Unik,45eabd2cdbad34ca2b077a2d71200531.jpg,4e6474bb059b0799f97c7e6822130a52.jpg,True,False,False,False
1365,2706,0.4109852,0.79878426,0.60488474,Dispenser Tempat Odol Pasta Gigi dan Rak Sikat Gigi Polos Praktis Elegan,DISPENSER ODOL BARU TERMURAH !!,45eabd2cdbad34ca2b077a2d71200531.jpg,8a5f92d3d158ef5c045f751aa451f778.jpg,False,False,False,False
1372,4126,0.49626732,0.763975,0.6301212,[LOKAL] POKY - D1093 TOTE NICE - Tote Bag Tas Wanita MORYMONY  BISA COD DARI JAKARTA,[LOKAL] FOREVER YOUNG - D1154 TOTEBAG NEW - Tote Bag Wanita JAKARTA Tas Tore BISA COD BAYAR DITEMPAT,4654c1dde5b02e70f16dd284e3eb0fd4.jpg,cf7b44f609870aad238862b2763aed29.jpg,True,False,False,True
1373,2208,0.74824274,0.7394645,0.7438536,Konicare - Minyak Telon 125ml,Konicare Minyak Telon Plus 30 mL,465561ac5afa6db2abcb9edd30d3a184.jpg,70210b9fc70349815c6bd31f21e1956d.jpg,True,False,False,True
1373,2513,0.74824274,0.79940784,0.7738253,Konicare - Minyak Telon 125ml,Konicare Minyak Telon Plus 30 ml,465561ac5afa6db2abcb9edd30d3a184.jpg,7fc0cc0541ca3e42c209767f3cb6e4ec.jpg,True,False,False,True
1373,2816,0.74824274,0.60218847,0.6752156,Konicare - Minyak Telon 125ml,Konicare minyak telon plus 30 ml,465561ac5afa6db2abcb9edd30d3a184.jpg,9095211bb81714a42075c97e5694c400.jpg,True,False,False,True
1373,4409,0.73408484,0.75960356,0.7468442,Konicare - Minyak Telon 125ml,KONICARE MINYAK TELON PLUS 30ML,465561ac5afa6db2abcb9edd30d3a184.jpg,dd6898a09bc829bef4738ac6236c8e9f.jpg,True,False,False,True
1384,3002,0.85816574,0.7726771,0.81542146,LB 133 - TAS BATAM TAS WANITA TAS MURAH TAS IMPORT TAS HANDBAG WANITA TAS KONDANGAN TAS PESTA 1212,LB 662 - TAS DOCTOR HANDBAG WANITA TAS KONDANGAN WANITA TAS PESTA TAS BATAM TAS IMPORT MURAH 1212,4707bf0a9cae7ed01c4129d59cd50b2a.jpg,9949c99b3ed2c1511be8a64ef71baded.jpg,True,False,False,True
1384,3077,0.4706884,0.7388618,0.6047751,LB 133 - TAS BATAM TAS WANITA TAS MURAH TAS IMPORT TAS HANDBAG WANITA TAS KONDANGAN TAS PESTA 1212,ROWLING TAS IMPORT TAS FASHION TAS BATAM MURAH TAS WANITA RANSEL,4707bf0a9cae7ed01c4129d59cd50b2a.jpg,9d2450f8e261fd2da69a873f548015fb.jpg,False,False,False,False
1384,3446,0.7926174,0.89993966,0.84627855,LB 133 - TAS BATAM TAS WANITA TAS MURAH TAS IMPORT TAS HANDBAG WANITA TAS KONDANGAN TAS PESTA 1212,LB 582 - HANDBAG WANITA TAS IMPORT TAS KONDANGAN WANITA TAS DOCTOR TAS PESTA TAS BATAM TAS MURAH,4707bf0a9cae7ed01c4129d59cd50b2a.jpg,ae29c62e02d14054d7a4bb8563c22f2e.jpg,True,True,False,True
1386,3630,0.495778,0.73174745,0.61376274,Tunik Wolfis premium,Promo!!! Rok Polos wolfis,473acfec7b6e7ab22a37ac008a1307d3.jpg,b7a96d8af63f0394ba3dcd9100b8474a.jpg,True,False,True,False
1386,3669,0.44722173,0.7827146,0.6149682,Tunik Wolfis premium,(1kg=6PCS ) KEMEJA RETRO PANJANG VINTAGE BAHAN PREMIUM WOLFIS PRINTING,473acfec7b6e7ab22a37ac008a1307d3.jpg,b948f5e59cd392c69297331b9528c008.jpg,False,False,True,False
1386,4852,0.46710113,0.78347075,0.6252859,Tunik Wolfis premium,VEE DRESS GAMIS WOLFIS,473acfec7b6e7ab22a37ac008a1307d3.jpg,f3c7b0283b3d32f5380f4b2c0ed851b3.jpg,False,False,True,False
1398,4211,0.44037127,0.7714993,0.6059353,RUBI SLINGBAG BLACK,Sling bag,47942dce83bca83bbfb37229b34d8e53.jpg,d369409fe426237dbe2b9afa835298d7.jpg,False,False,True,False
1398,4961,0.48028204,0.74069643,0.61048925,RUBI SLINGBAG BLACK,C684 slingbag,47942dce83bca83bbfb37229b34d8e53.jpg,f817b15a5f6ec45391f5491b22d16140.jpg,True,False,True,False
1406,1976,0.42002118,0.81196225,0.6159917,Kenmaster Lem Power Glue 3 Pcs,Kenmaster Gantungan Baju Warna Hanger H04 1 Set - 6 Pcs,47d531ad1e834ece76ff429956f9d89e.jpg,660a6e12047bb19115c5075c940fedd5.jpg,False,False,False,True
1409,2096,0.6015205,0.7283002,0.6649103,Bra SOREX Super Soft Tanpa Kawat Aneka Warna TIPE 17238 (6 WARNA BISA DIPILIH),WW Bra Tanpa Kawat - SOREX 17238 - Super Soft (CUP A) bh - Pakaian Dalam Wanita,48061dbbef7896e2d32a78f198c4b6b1.jpg,6b5ea21577fbe7510a3dcbab66588e58.jpg,True,False,False,True
1409,4382,0.53292733,0.7821102,0.65751874,Bra SOREX Super Soft Tanpa Kawat Aneka Warna TIPE 17238 (6 WARNA BISA DIPILIH),Bra Sorex BH 17238 Cup A Super Soft (Only Bra),48061dbbef7896e2d32a78f198c4b6b1.jpg,dbd728d1a061660d2b2c4bf84cd24084.jpg,True,False,False,True
1412,3025,0.55451643,0.6675391,0.6110278,Teether Bahan Silikon / Gigitan Bayi / Teether Gigitan Bentuk Buah,Babysafe Teether Gigitan Bayi Baby Safe,48242a97aa31c96e8c378b61732454f0.jpg,9a3654fcf2c4630a93b93afeb302bf94.jpg,True,False,False,False
1412,4006,0.6667853,0.5864534,0.62661934,Teether Bahan Silikon / Gigitan Bayi / Teether Gigitan Bentuk Buah,Mainan Gigitan Bayi / Teether Baby Toy,48242a97aa31c96e8c378b61732454f0.jpg,c9b00f39e55843f743e3336cac46e60a.jpg,True,False,False,False
1412,4025,0.56558746,0.66831833,0.6169529,Teether Bahan Silikon / Gigitan Bayi / Teether Gigitan Bentuk Buah,Baby Safe Teether Bayi / Baby Safe Gigitan Bayi,48242a97aa31c96e8c378b61732454f0.jpg,cabe8e26188ee6ffb36325b6dff126cd.jpg,True,False,False,False
1412,4900,0.6179658,0.5866324,0.6022991,Teether Bahan Silikon / Gigitan Bayi / Teether Gigitan Bentuk Buah,Mainan Gigitan Bayi / Rattle Stick Teether,48242a97aa31c96e8c378b61732454f0.jpg,f595791368c23579b6e8446aa16c8e76.jpg,True,False,False,False
1413,3435,0.6735239,0.7028228,0.68817335,[ACQ] Timbangan Dapur Digital,Free Baterai Timbangan Kue Digital 10kg Timbangan Dapur Timbangan Digital Kitchen Scale,4850833b1a22a38a1c013ad7e8d513d4.jpg,ad6e02ecdd99ea30c1dd7f2d6eae4770.jpg,True,False,False,False
1413,3986,0.5474366,0.7030442,0.6252404,[ACQ] Timbangan Dapur Digital,LP TIMBANGAN DIGITAL MANGKOK  Timbangan Kue Digital Electronic 5 kg B05,4850833b1a22a38a1c013ad7e8d513d4.jpg,c899c2305d11e5be5be1723e0c96dd55.jpg,True,False,False,False
1418,3968,0.61277914,0.7637238,0.6882515,*MUKENA SYR SYAHRINI(boleh ecer)*,Mukena Dewasa Lace Syahrini,487204854e6b5d6d0a03ed6a122754cc.jpg,c71863eea4aa2278641fc2778d2625c7.jpg,True,False,False,False
1422,3381,0.5806893,0.65835774,0.6195235,Powerful Hook 6 pcs Gantungan Tempel Serbaguna,Cantolan isi 6 pcs Powerfull Hook Gantungan baju celana handuk Hooks,48a027137c5bc7c904746d3c8a3a1993.jpg,ab9cd104a8a6c3aa5e16b82a9d9c55c8.jpg,True,False,False,False
1423,4107,0.60891867,0.67288405,0.6409013,COVER STIR MBTECH ENVILAND- SARUNG STIR UNIVERSAL - COVER STIR MOBIL PREMIUM,Cover Setir Sarung Stir Mobil Bahan Kulit,48a117590682d7b618a82ad236c14495.jpg,cea95b18fb2acd220cfef04e591c7332.jpg,True,False,False,False
1427,4213,0.5513063,0.66600156,0.6086539,TEETHER (gigitan bayi) dgn KERINCING BARANG IMPORT BERLIN,Teether gigitan bayi buah,48b1230abb15f173786ea509144dae70.jpg,d3987796d4ebab6882e1068deed3b11c.jpg,True,False,False,False
1437,2783,0.43366185,0.80083466,0.61724824,PAKET 2 IN 1 Tempered Glass Layar dan Kamera XIAOMI REDMI NOTE 8,1 Set Tempered Glass Pelindung Layar Depan+Belakang dan Lensa Kamera iPhone 11 Pro Max XS XR X 7+,4938ba7bef071edbb5b6624d1eab5104.jpg,8f5227ff3eaa40fee0107a4e8c11e294.jpg,False,False,False,True
1443,2383,0.3838358,0.8585587,0.6211972,BATERAI BATRE BATTERY SAMSUNG I9082 / GRAND DUOS ORI 99,Batterai samsung j510 2016 j5 original 100% new batt baterai,498d081221dfd280d3e09659d0fbc502.jpg,794fd459db742ce16abdeefe042d56ed.jpg,False,True,False,True
1444,1878,0.7472708,0.8392563,0.79326355,Selimut Bulu 130x190 Tebal 350gr Halus Lembut Motif Dewasa Impor Murah,Selimut Bulu 150x200 tebal 500gr Halus Lembut Motif Dewasa Impor Murah,49a0aef392e437b14ca83ae3c2d5a765.jpg,6042e5ad404d87d01797ac8485e1e7f5.jpg,True,False,False,True
1444,2346,0.605005,0.71368736,0.6593462,Selimut Bulu 130x190 Tebal 350gr Halus Lembut Motif Dewasa Impor Murah,COD Kamar Tidur Selimut Bulu Selimut Murah Dewasa Motif Ukuran 150 x 200cm Import Halus dan Lembut,49a0aef392e437b14ca83ae3c2d5a765.jpg,776670aad9d07aeaeea97fc147cd0cfa.jpg,True,False,False,True
1453,2688,0.6889892,0.5439463,0.6164678,CELANA PANJANG SIRWAL PANGSI SANTAI PRIA COWOK,TERLARIS Celana Pria Panjang Pangsi Sirwal Komprang,4a1d1cefe6412ce20e8c3a784ebfd322.jpg,895d39457e57a83826a77f142c7b2dd4.jpg,True,False,False,False
1456,2985,0.52027714,0.8140367,0.66715693,Totebag wanita / tas slempang wanita,Tas PRILY - Tas Selempang Wanita,4a35dd27f57fabd6118c5f910ec9d365.jpg,984eba18a3ac92c8669c0d727e238a89.jpg,True,False,False,False
1456,3259,0.39546308,0.81253695,0.60400003,Totebag wanita / tas slempang wanita,HOT PROMO SLINGBAG JAIT !! TAS BATAM / TAS BANDUNG /TAS MURAH / SLINGBAG WANITA / TAS WANITA,4a35dd27f57fabd6118c5f910ec9d365.jpg,a5aaf60a866e95b13b2acf489120288f.jpg,False,False,False,False
1456,3260,0.46553168,0.81253695,0.63903433,Totebag wanita / tas slempang wanita,[BISA COD] TAS PRILY - Tas Selempang Wanita,4a35dd27f57fabd6118c5f910ec9d365.jpg,a5aaf60a866e95b13b2acf489120288f.jpg,False,False,False,False
1456,3261,0.42872432,0.81253695,0.6206306,Totebag wanita / tas slempang wanita,[BISA COD]TERMURAH!!! TAS PRILY - Tas Selempang Wanita,4a35dd27f57fabd6118c5f910ec9d365.jpg,a5aaf60a866e95b13b2acf489120288f.jpg,False,False,False,False
1456,3376,0.5249794,0.710343,0.61766124,Totebag wanita / tas slempang wanita,Tas Selempang Wanita Fashion,4a35dd27f57fabd6118c5f910ec9d365.jpg,ab7847ad639ceca26257e0566b99aba8.jpg,True,False,False,False
1456,4055,0.43994254,0.80377674,0.62185967,Totebag wanita / tas slempang wanita,Tas Selempang Kunci STEVANI Cantik| Sling Bag Murah|Tas Wanita,4a35dd27f57fabd6118c5f910ec9d365.jpg,cc5486349531112153a2d2bc69f4a847.jpg,False,False,False,False
1456,4264,0.44641218,0.7675465,0.6069793,Totebag wanita / tas slempang wanita,Tas Selempang Wanita Fairly Mini,4a35dd27f57fabd6118c5f910ec9d365.jpg,d641ed9e3bda947e09fbc615fc3a5291.jpg,False,False,False,False
1456,4265,0.44641218,0.7675465,0.6069793,Totebag wanita / tas slempang wanita,Tas Wanita Selempang Fairly Mini,4a35dd27f57fabd6118c5f910ec9d365.jpg,d641ed9e3bda947e09fbc615fc3a5291.jpg,False,False,False,False
1456,4381,0.4771015,0.741266,0.6091838,Totebag wanita / tas slempang wanita,SALE!!  Tas Selempang Wanita Tas Slempang bordir jahit Polos - Natalie Slingbag,4a35dd27f57fabd6118c5f910ec9d365.jpg,dbd305fe9a64f4e334936283d7be0939.jpg,False,False,False,False
1456,5008,0.4239793,0.78605735,0.6050183,Totebag wanita / tas slempang wanita,Tas Selempang Wanita Gantungan Motif  Rusa,4a35dd27f57fabd6118c5f910ec9d365.jpg,fb290f8ee6bddd03f764e36f0c57d0d3.jpg,False,False,False,False
1456,5033,0.4611738,0.7755468,0.6183603,Totebag wanita / tas slempang wanita,Tas Selempang Wanita Rantai MEGA,4a35dd27f57fabd6118c5f910ec9d365.jpg,fc489ba169d2360a37be3a3ea7d892bc.jpg,False,False,False,False
1462,1826,0.6433112,0.72713655,0.6852239,PART I BANDANA RAJUT PREMIUM 2 WARNA,Bandana Rajut Salur Premium Anysa,4a8a979b662b659cf1934e783fade248.jpg,5e39037cea5fc73159623d5903434dc6.jpg,True,False,False,False
1462,1923,0.5412371,0.8214235,0.6813303,PART I BANDANA RAJUT PREMIUM 2 WARNA,CIPUT RAJUT PREMIUM,4a8a979b662b659cf1934e783fade248.jpg,633cd32da699ed6246038d4ec22fd2ec.jpg,True,False,True,False
1462,4346,0.64678943,0.82876694,0.7377782,PART I BANDANA RAJUT PREMIUM 2 WARNA,BANDANA PREMIUM ANISA / BANDANA RAJUT SALUR POLOS,4a8a979b662b659cf1934e783fade248.jpg,da6e1a32fe3fc1794c2397fe30ba14aa.jpg,True,False,False,False
1472,1506,0.693929,0.5624337,0.62818134,KLINSKIN ORIGINAL BEAUTY SOAP PEMUTIH KULIT,KLINSKIN Beauty Soap Original BPOM BELI 2 DAPAT 3,4b2e482d56077b309fabf04ea4ecd2c6.jpg,4ceef729ed0521965fc845c9ed250b59.jpg,True,False,False,False
1472,1970,0.7148464,0.5928535,0.65384996,KLINSKIN ORIGINAL BEAUTY SOAP PEMUTIH KULIT,Klinskin beauty soap. (Jaminan original) bisa COD!,4b2e482d56077b309fabf04ea4ecd2c6.jpg,65919a643cbdd30864fc25521dd0e221.jpg,True,False,False,False
1473,2985,0.50229514,0.76267195,0.63248354,PROMO!! Tas Selempang Wanita Gantungan Motif Rusa,Tas PRILY - Tas Selempang Wanita,4b52a57faa87495e1eff69c6b1e448d1.jpg,984eba18a3ac92c8669c0d727e238a89.jpg,True,False,False,False
1473,3260,0.46354222,0.75763154,0.6105869,PROMO!! Tas Selempang Wanita Gantungan Motif Rusa,[BISA COD] TAS PRILY - Tas Selempang Wanita,4b52a57faa87495e1eff69c6b1e448d1.jpg,a5aaf60a866e95b13b2acf489120288f.jpg,False,False,False,False
1473,5033,0.46061105,0.8369992,0.64880514,PROMO!! Tas Selempang Wanita Gantungan Motif Rusa,Tas Selempang Wanita Rantai MEGA,4b52a57faa87495e1eff69c6b1e448d1.jpg,fc489ba169d2360a37be3a3ea7d892bc.jpg,False,False,False,False
1481,2783,0.45142165,0.7811835,0.61630255,PAKET 2 IN 1 Tempered Glass Layar dan Kamera Oppo A9 2020,1 Set Tempered Glass Pelindung Layar Depan+Belakang dan Lensa Kamera iPhone 11 Pro Max XS XR X 7+,4b967d8deed0c1afcab0d65adfa60a3d.jpg,8f5227ff3eaa40fee0107a4e8c11e294.jpg,False,False,False,True
1483,2183,0.59220594,0.62807786,0.6101419,(NEW) SCARLETT HAND SANITIZER - MERK SCARLETT,PAKET 3in1 SCARLETT,4ba8e47b2a1264bd5a616975c1028648.jpg,6f5b0ad60c8804f0035549358e121533.jpg,True,False,True,False
1501,2590,0.86937565,0.4289218,0.6491487,MASKER SCUBA TEBAL / MASKER KAIN / MASKER SCUBA MURAH,MASKER POLOS KAIN SCUBA MURAH / MASKER KOREA SCUBA / MASKER KAIN,4caa5d055d5e401808c97e26905754da.jpg,83c95211f0d81b268539817f29505350.jpg,True,False,False,False
1501,2885,0.8808953,0.50336033,0.6921278,MASKER SCUBA TEBAL / MASKER KAIN / MASKER SCUBA MURAH,masker scuba,4caa5d055d5e401808c97e26905754da.jpg,93a72d35c9cca0a0f29d04c302469463.jpg,True,False,True,False
1501,3289,0.7403109,0.49085557,0.61558324,MASKER SCUBA TEBAL / MASKER KAIN / MASKER SCUBA MURAH,MASKER SCUBA / MASKER KAIN / MASKER BISA DICUCI,4caa5d055d5e401808c97e26905754da.jpg,a7364426079c2ae527d646850270d9ca.jpg,True,False,False,False
1501,3593,0.7278926,0.65443563,0.69116414,MASKER SCUBA TEBAL / MASKER KAIN / MASKER SCUBA MURAH,TERMURAH!!! MASKER SCUBA POLOS / MASKER SCUBA KOREA POLOS / MASKER POLOS  / MASKER WAJAH MURAH,4caa5d055d5e401808c97e26905754da.jpg,b54f69d3a8635ee67212f9a527ea226f.jpg,True,False,False,False
1506,1970,0.6963327,0.59690535,0.646619,KLINSKIN Beauty Soap Original BPOM BELI 2 DAPAT 3,Klinskin beauty soap. (Jaminan original) bisa COD!,4ceef729ed0521965fc845c9ed250b59.jpg,65919a643cbdd30864fc25521dd0e221.jpg,True,False,False,False
1507,4692,0.63545865,0.6604942,0.6479764,C3 Ikat Rambut Elastis Bahan Satin Warna Polos Untuk Wanita,50Pcs Ikat Rambut Elastis untuk Wanita,4cf8d51e52eb7ea8aa93b2cc8b9e1be8.jpg,ebf8ab5430ab43bfd322a67e99041d79.jpg,True,False,False,True
1512,1569,0.60743874,0.792856,0.7001474,Blender Portable Mini 6 pisau mirip vitamer juicer Take Go,Shake n take portable rechargeable / juicer mini / blender mini,4d422d21dfb5426bdc2df1733dfc71d1.jpg,5044ffd8ef64998579afc6944663e40b.jpg,True,False,False,False
1520,2189,0.50201577,0.6984298,0.6002228,Tempat Tissue Toilet Roll - Tissu Dispenser Roll - Tempat Tisu WC Tisu Gulung,TISSUE TEMPERED GLASS TISU,4d811e5bb74aacaf8d9e38fcd37eb44e.jpg,6f6df3b1bd78ff26b81d564e898b711e.jpg,True,False,False,False
1520,2247,0.50201577,0.7629987,0.6325072,Tempat Tissue Toilet Roll - Tissu Dispenser Roll - Tempat Tisu WC Tisu Gulung,TISSUE TISU TEMPERED GLASS,4d811e5bb74aacaf8d9e38fcd37eb44e.jpg,71cedba31e63a3785acb189e61c8e380.jpg,True,False,False,False
1520,3034,0.4632514,0.75830334,0.6107774,Tempat Tissue Toilet Roll - Tissu Dispenser Roll - Tempat Tisu WC Tisu Gulung,Tissue Tisue Tisu Tempered Glass 1set Tisu Basah Dan Kering,4d811e5bb74aacaf8d9e38fcd37eb44e.jpg,9afe8d20cac0fa5ce9dc5a3ff083810b.jpg,False,False,False,False
1520,3262,0.47932857,0.7642412,0.6217849,Tempat Tissue Toilet Roll - Tissu Dispenser Roll - Tempat Tisu WC Tisu Gulung,Tissue Tisue Tisu Tempered Glass 1 Set Tisu Basah dan Kering,4d811e5bb74aacaf8d9e38fcd37eb44e.jpg,a5af66690482c45e235217cbbc041099.jpg,False,False,False,False
1526,3729,0.4086709,0.81115764,0.6099143,Wardah Refill Lightening BB Cake Powder 03 Natural 11 g,Wardah Refill Instaperfect Matte Fit Powder Foundation 11. FAIR 13 g,4dd3140acc23be70956a1054e7b1b925.jpg,baadc20a66bdc374e712543bd7141724.jpg,False,False,False,True
1536,1623,0.5439666,0.7808567,0.6624117,[WiriWana] - RUMAH UNIK Dispenser Odol Kotak Sikat Gigi Unik,[ACQ] [Kode D1] Dispenser Odol & Sikat Gigi,4e6474bb059b0799f97c7e6822130a52.jpg,53902c5231d5f9d325bc349b8337c1b5.jpg,True,False,False,False
1536,4648,0.58818036,0.7844991,0.68633974,[WiriWana] - RUMAH UNIK Dispenser Odol Kotak Sikat Gigi Unik,Dispenser Odol Pasta Gigi & Tempat Sikat Gigi,4e6474bb059b0799f97c7e6822130a52.jpg,e9a64d429390dfeffe102fb02b33b294.jpg,True,False,False,False
1536,4903,0.5300594,0.79680544,0.6634324,[WiriWana] - RUMAH UNIK Dispenser Odol Kotak Sikat Gigi Unik,DISPENSER ODOL / DISPENSER PASTA GIGI TERMURAH!,4e6474bb059b0799f97c7e6822130a52.jpg,f5be3aac36d4644423fbdfc250f28c1a.jpg,True,False,False,False
1562,2583,0.6520096,0.58071375,0.6163617,Morinaga Chil Kid Platinum Moricare+ Vanila 400 G,Morinaga Chil Kid Platinum Stick Pack 12 \xc3\x97 16g Vanila,500a0cba2f4b0a6d59815a02f00954f5.jpg,8382d392165e4c94b8dc9c6f1c1d2e31.jpg,True,False,False,True
1562,4915,0.8052699,0.7360996,0.7706847,Morinaga Chil Kid Platinum Moricare+ Vanila 400 G,Morinaga Chil Kid Platinum Moricare+ Vanilla 12x16gr,500a0cba2f4b0a6d59815a02f00954f5.jpg,f604743d755a8a00ed6248642c593f12.jpg,True,False,False,True
1575,2325,0.8135971,0.7084512,0.7610241,Blue Band Cake & Cookie 200 gr,Blue Band Cake & Cookies 200g,50b26012ca8a024e4a7124b6a41944de.jpg,7640775c0ca8ca038cb7e11019a85905.jpg,True,False,False,False
1581,3388,0.38849968,0.8710533,0.6297765,KABEL DATA VIVAN CSM 100S MICRO USB 1 METER-CABLE CSM 100S FAST,MICRO USB REALME KABEL DATA MICRO USB ORIGINAL 2A,512959ac828dabf4935f2c4d7267c401.jpg,abf4fe22e641b77185c1061bc035272b.jpg,False,True,False,True
1592,2494,0.6504779,0.64017797,0.6453279,Dudukan Plat Nomor JDM Warna Carbon,Dudukan Plat Nomor Carbon Racing Mobil Tatakan Cover Logo Model JDM Sparco,51f0ab256a81215ffe850ee2e4d59546.jpg,7ee500b7e2e3ae09a4e5264c2fef9a32.jpg,True,False,False,False
1592,3281,0.7467068,0.65108085,0.6988938,Dudukan Plat Nomor JDM Warna Carbon,Tempat Cover Dudukan Plat Nomor Motif Karbon JDM ORIGINAL,51f0ab256a81215ffe850ee2e4d59546.jpg,a6a24268e7945b8e2edefae9a2762658.jpg,True,False,False,False
1597,3091,0.5108335,0.8102006,0.66051704,(20ml / 40ml) SOMETHINC Niacinamide + Moisture Beet Serum,SOMETHINC Niacinamide || SomethinC AHA BHA Peeling || Somethinc HYALuronic B5 || LEVEL 1% RETINOL,5219dfde5ddcdc59deecee276eae8bef.jpg,9d8c58924955ad5f2d3458b2062e28ab.jpg,True,False,False,True
1597,4216,0.6456862,0.69939977,0.672543,(20ml / 40ml) SOMETHINC Niacinamide + Moisture Beet Serum,Somethinc Niacinamide Moisture Beet Somethinc Hyaluronic B5 Somethinc AHA BHA Peeling Solutions,5219dfde5ddcdc59deecee276eae8bef.jpg,d3b9cd53cdee66b1116c0afda728e5fe.jpg,True,False,False,True
1597,4959,0.4472159,0.80450463,0.6258603,(20ml / 40ml) SOMETHINC Niacinamide + Moisture Beet Serum,"Somethinc Niacinamide, AHA-BHA-PHA, Retinol, Hyaluronic, Gold",5219dfde5ddcdc59deecee276eae8bef.jpg,f80e0fcc1aa0fa6ad057db04e6a3414e.jpg,False,False,False,False
1601,2935,0.42700326,0.837608,0.6323056,Casing Case Liquid / Cairan Glitter untuk Apple iPhone 11 / 11 Pro Max,Casing Full Cover Bahan Silikon untuk iPhone 6/7/8 Plus/XS/XR/XS Max/11pro max/11/12 pro/12 mini/12 pro max,5259816ae8abda68752def6da411f8ab.jpg,960d1138fa261a34e030db16df6aaaaf.jpg,False,False,False,True
1601,3888,0.4479551,0.762956,0.6054556,Casing Case Liquid / Cairan Glitter untuk Apple iPhone 11 / 11 Pro Max,Premium Leather Case FULL Iphone 7+ 8Plus X xs xs max xr 11 pro 11 pro max iphone 11,5259816ae8abda68752def6da411f8ab.jpg,c370277eb522526224c5a0520ec188b8.jpg,False,False,False,True
1603,2502,0.40814728,0.8090062,0.6085768,Pixy Uv Whitening BB Cream 01- Ochre (4 Beauty Benefits),Pixy UV Whitening Loose Powder,52640d5765c2366f014608e94cc85db6.jpg,7f504024cd7aa37dc11e9f936be46147.jpg,False,False,False,False
1603,4637,0.52198666,0.7966178,0.65930223,Pixy Uv Whitening BB Cream 01- Ochre (4 Beauty Benefits),Pixy Uvw Loose Powder 01 - Ivory (4 Beauty Benefit),52640d5765c2366f014608e94cc85db6.jpg,e90dae65850a478d76ff84a5fe78a7fa.jpg,True,False,False,False
1606,4818,0.46271902,0.7790624,0.62089074,Sepatu Pria Walkers Mocasin Casual Santai Formal Kerja Kantor Slip On,KICKERS BANDIT  sepatu pria casual boots formal,52a1efe11d5798c069a20b5ea316b548.jpg,f27a2fbc0d0dfdd60f531ee2f0c2c4bd.jpg,False,False,False,False
1606,5028,0.4306587,0.8429496,0.63680416,Sepatu Pria Walkers Mocasin Casual Santai Formal Kerja Kantor Slip On,"b""Panarybody Sepatu Pria sepatu casual pria sepatu slip on pria Sepatu Kasual Impor Men's shoes""",52a1efe11d5798c069a20b5ea316b548.jpg,fbf380b9bf6de8bcb98c2bdbc0d7eae3.jpg,False,True,False,False
1608,4233,0.7493012,0.9361415,0.84272134,Lock&Lock Food Container HPL805 - Rectangular Short 180mL,Lock&Lock Food Container HPL806C - Rectangular Short 350mL With Divider,52bb569ed6cb794e1461fae950d1c36c.jpg,d4c0b965d7226af54fa2bb6b8f9f6e5b.jpg,True,True,False,True
1623,2706,0.50929284,0.7840693,0.6466811,[ACQ] [Kode D1] Dispenser Odol & Sikat Gigi,DISPENSER ODOL BARU TERMURAH !!,53902c5231d5f9d325bc349b8337c1b5.jpg,8a5f92d3d158ef5c045f751aa451f778.jpg,True,False,False,False
1623,3181,0.5105204,0.7068528,0.60868657,[ACQ] [Kode D1] Dispenser Odol & Sikat Gigi,DISPENSER ODOL VERSI BARU..,53902c5231d5f9d325bc349b8337c1b5.jpg,a150b4796865cdb160a0d8b744e346b9.jpg,True,False,False,False
1631,4029,0.54643947,0.6746441,0.6105418,ELM 02 FLIPFLOP SOLE HITAM,SANDAL FLIPFLOP BELLA,53f58b984f33b432344d8f82fe8408fd.jpg,cb22a003307b3687bbcd106eb2960146.jpg,True,False,True,False
1640,1937,0.46263766,0.7608541,0.6117459,SEPATU SNEAKERS B03 IDR04,DN 08 SNEAKERS,54a75f09fbc41fb147a8ffcaaf2fe3ac.jpg,63decdee2e05967a9727fed922f54780.jpg,False,False,True,True
1640,3124,0.48278087,0.7578582,0.62031955,SEPATU SNEAKERS B03 IDR04,RD102 SNEAKERS,54a75f09fbc41fb147a8ffcaaf2fe3ac.jpg,9f15e4785cc58c03fdf298003f8c2652.jpg,True,False,True,True
1640,4891,0.49275026,0.7583632,0.6255567,SEPATU SNEAKERS B03 IDR04,Sepatu Wanita Sneakers Flat Balenciaga Style Sneakers Wanita Kasual Tinggi,54a75f09fbc41fb147a8ffcaaf2fe3ac.jpg,f55803578b9b245c7aaaedf11dfa1f70.jpg,True,False,False,False
1666,2829,0.40296316,0.91772485,0.660344,Kikkoman Hoisin Sauce - BB 300gr,Kikkoman Soy Sauce Halal 150ml Shoyu Kecap Asin khas Jepang HALAL,5660e8dbe532e7e91bcb05f1d94e9c7c.jpg,90fdb5c3a4fcdd9912f1a13f81b44c22.jpg,False,True,False,True
1669,3142,0.62231404,0.63392514,0.6281196,Hanasui Body Spa Body Exfoliating Gel 300ml,Body Spa Exfoliating Gel With Collagen Coffee,5686a879d060e4748a5b60c2a6ad8fe0.jpg,9fb5c2e77889b37ff0c2cf0e339b524a.jpg,True,False,False,False
1669,3365,0.47076797,0.96134233,0.71605515,Hanasui Body Spa Body Exfoliating Gel 300ml,Hanasui Body Spa Peeling Gel With Colagen Original 100%,5686a879d060e4748a5b60c2a6ad8fe0.jpg,aaffc7a90b92b51fbd256704f680f017.jpg,False,True,False,True
1680,2930,0.4213032,0.8333408,0.627322,ROBOT RE701 Earphone Headset Android Headset iPhone Garansi Resmi,Plextone G20 Gaming Earphone Sport Earphone Headset Magnetic Original,570145b370ac3f50809c552d5c1634a7.jpg,95eb770da42f2d9d89c374093a5b49ef.jpg,False,False,False,True
1680,4873,0.3875502,0.8206424,0.6040963,ROBOT RE701 Earphone Headset Android Headset iPhone Garansi Resmi,P47 Headphone Wireless Portable Bluetooth Headset Bass Handsfree Earphone Earpods Audio Music Gaming,570145b370ac3f50809c552d5c1634a7.jpg,f47e5cbd02615de818987d214c05460e.jpg,False,False,False,True
1681,2454,0.8038336,0.63265324,0.7182434,TAMBAHAN Bubble Wrap,BUBBLE WRAP,5703c390f72efc228e3505d7c0a39325.jpg,7d109a5c2d9caa09e6bc71c35f9ac830.jpg,True,False,True,False
1681,3269,0.6001242,0.7407986,0.6704614,TAMBAHAN Bubble Wrap,PACKING TAMBAHAN UNTUK ORDER DI CLOVER LYNN STORE DUS DAN BUBBLE buble wrap,5703c390f72efc228e3505d7c0a39325.jpg,a645eab9c88429837885d7875923c42c.jpg,True,False,True,False
1683,4830,0.894137,0.4136338,0.6538854,Sabun Tzuki Ori dijamin asli 100%,Sabun Tzuki Dijamin Asli Original 1000%,570f0239ebfa281dfef1840b6f5e3ad5.jpg,f30b8cda0eda1e699ad3ad38e437cc8d.jpg,True,False,False,True
1712,2024,0.46754882,0.887084,0.6773164,Tutup pentil led 7 warna,Tutup Pentil Ban Roda Lampu Led Motor Mobil Sensor Gerak Sepeda Light,592835ebc4ab201c77d1ca981f80ad2f.jpg,67fce1084895e96facb87739e493a171.jpg,False,True,False,False
1713,1851,0.71227634,0.6479391,0.6801077,Perajang bawang / pemotong bawang,[BEST SELLER] Perajang bawang / irisan bawang praktis / pemotong bawang NIKITA kualitas TOP,5937ab7c9ae3a518aaba8ba938130fa5.jpg,5f0f98cbc710cb7b64ef8d7c43b37429.jpg,True,False,False,False
1713,4020,0.746867,0.6062867,0.67657685,Perajang bawang / pemotong bawang,[COD] PARUTAN BAWANG - PERAJANG BAWANG,5937ab7c9ae3a518aaba8ba938130fa5.jpg,ca4f1e6ac755693726cf2d70dba3dbb4.jpg,True,False,False,False
1716,3091,0.5108335,0.77223754,0.6415355,Somethinc Niacinamide + Moisture Beet Serum - 20ml 40ml,SOMETHINC Niacinamide || SomethinC AHA BHA Peeling || Somethinc HYALuronic B5 || LEVEL 1% RETINOL,595e68abeb8d8926e77c5f6941ff4951.jpg,9d8c58924955ad5f2d3458b2062e28ab.jpg,True,False,False,True
1716,4216,0.6456862,0.7207798,0.683233,Somethinc Niacinamide + Moisture Beet Serum - 20ml 40ml,Somethinc Niacinamide Moisture Beet Somethinc Hyaluronic B5 Somethinc AHA BHA Peeling Solutions,595e68abeb8d8926e77c5f6941ff4951.jpg,d3b9cd53cdee66b1116c0afda728e5fe.jpg,True,False,False,True
1742,1879,0.625937,0.7241879,0.6750624,Annata dompet lipat wanita / dompet lipat murah / grosir dompet lipat / dompet lipat anak anak,"[BISA_COD]_M45_Dompet Kult Lipat HAPPY, Dompet Murah, Dompet Bandung, Dompet Wanita Terbaru 2020",5a9b4f73030f094559e46aea2eb732d5.jpg,60450becdc0e9935dc015ff3648140fe.jpg,True,False,False,False
1742,1897,0.6124865,0.6957061,0.6540963,Annata dompet lipat wanita / dompet lipat murah / grosir dompet lipat / dompet lipat anak anak,MORYMONY DOMPET TASEL - Dompet Lipat Mini,5a9b4f73030f094559e46aea2eb732d5.jpg,61279eb22f53528ad1f1584f70c0c548.jpg,True,False,False,False
1749,3431,0.6710661,0.59927034,0.6351682,KIRANAOFFICIAL - ( COD )KEMEJA MONALISA kotak SQUARE BLOUSE / gridA top  ( J07 / AF09 ),GRIDA TOP / KEMEJA KOTAK / SQUARE BLOUSE,5ac5f7091802035b31c5585116b843d4.jpg,ad4df0be9a5b43c279cb5a721aebdc9b.jpg,True,False,False,False
1754,2398,0.54805636,0.6601049,0.6040806,[ COD ] PAKET FITNESS RUMAH JOGGING PLATE & TUMMY TRIMMER,JOGGING BODY TRIMMER,5b0cb9a3e718d446f0e950e603ac98c0.jpg,7a035ef68c75a159b211d27d0168f0b2.jpg,True,False,True,False
1755,3978,0.5718529,0.729856,0.65085447,(BISA COD) Jaket Summit Jaket Muncak Jaket Outdoor Murah Jaket Gunung Jaket Waterproof Anti Air,Jaket Amazing Two-Tone / Jaket Parasut / Jaket Pria / Jaket Gunung / Jaket Parasut / Jaket Outdoor,5b3b6c347372aef6241dd3847afef9a4.jpg,c7f62e06cad072254f179fa4f0df9b62.jpg,True,False,False,False
1756,2368,0.574407,0.7408793,0.65764314,\xe2\xad\x90Bobastore\xe2\xad\x90 R108 KAOS KAKI PENDEK POLOS PRIA WANITA MURAH GROSIR IMPORT BATAM/ANAK REMAJA DAN DEWASA,"\xe2\xad\x90Bobastore\xe2\xad\x90 R148 KAOS KAKI BAYI KOREA , KAOSKAKI ANTI SLIP CUTE ANIMAL 3D lucu enak pakai nyaman",5b447db3a0f55f6014e2a5ce7f5d35fb.jpg,781e67f637cf01f8702882b84ac880d9.jpg,True,False,False,True
1761,5075,0.5986947,0.7046442,0.65166944,Vivo S1 Y19 Y12 Y15 Y17 V5s V5 V7 Plus V9 Z1 Pro V11 V15 Y55  Y65 Y71 Y81 Y91 Y93 Y95 Kaws Case,Soft Case Desain Kartun Kuda Nil VIVO Y12 Y30 V19 Y91C Y15 Y91 Y20 Y20i Y50 S1 Y17 Y19 Y11 Y71 S1 PRO Z1 PRO Y93 Y95 V5 Y30i Y12i Y71i Y91i Z5 U10 U3 U20 V5 lite V5S Y66 Y70 Y90,5b6de2f83031a8915c9f4fb3d7e1eb07.jpg,fdb8bd7e8d00a0e5f85578ea9ccfeced.jpg,True,False,False,True
1763,2522,0.5015863,0.7491999,0.62539315,Vitamin C IPI [READY STOCK],Ready... Vitacimin vitamin c 500mg per strip,5b7e7311c12ab529895ad72458550b2e.jpg,807376932b2b7359d7358e322f963184.jpg,True,False,False,False
1765,2106,0.4856813,0.7470043,0.6163428,CELANA DALAM SUPER SOFT SOREX ART. 1253,Celana Dalam Remaja Sorex 1228,5b85fd83540798c2c61df2a0acc640cd.jpg,6c01cd87c78aadfc491d41b75aa85a73.jpg,True,False,False,True
1771,3425,0.4853709,0.74002624,0.61269855,Celana cargo panjang loreng original rebel one,celana joger cargo pria/ original bandung,5bb8b3a3b51d2f87606405b783ca813e.jpg,ad37e42e87f6d5fb8a7cb0eff2ee39b4.jpg,True,False,False,False
1771,3839,0.56345797,0.7015886,0.6325233,Celana cargo panjang loreng original rebel one,ORIGINAL CELANA TACTICAL CARGO OUTDOOR CELANA PANJANG PRIA,5bb8b3a3b51d2f87606405b783ca813e.jpg,c0ca376731b6a484cc36485f30c6b439.jpg,True,False,False,False
1776,3642,0.5256386,0.68050194,0.60307026,BLUEBAND MASTER 500gr - BLUE BAND MCM - MASTER CAKE MARGARINE 100% ASLI,Blue Band Cake & Cookie Margarin 200 gr,5be7626e921331b32eeaa38b8933e535.jpg,b82105504c5a0aaa30b33527e2455ddd.jpg,True,False,False,True
1781,3538,0.39842117,0.8504428,0.62443197,Alat Makan sendok sumpit garpu Perlengkapan Makan Peralatan Dapur Perlengkapan Travel A349,Set Alat Makan Portable Bahan Jerami Praktis Ramah Lingkungan Wheat Straw Set Sendok Garpu Sumpit,5c697d038f6f46e77cda48e4a15eaa7c.jpg,b253eac3dbeb8aea1ebcb5f7d6c741d3.jpg,False,True,False,False
1787,4818,0.46271902,0.7678747,0.61529684,sepatu pria walkers mocasin casual santai formal kerja kantor slip on,KICKERS BANDIT  sepatu pria casual boots formal,5c9d2b9385ecd8ec9251e6bd30d01b3d.jpg,f27a2fbc0d0dfdd60f531ee2f0c2c4bd.jpg,False,False,False,False
1787,5028,0.4306587,0.80408067,0.61736965,sepatu pria walkers mocasin casual santai formal kerja kantor slip on,"b""Panarybody Sepatu Pria sepatu casual pria sepatu slip on pria Sepatu Kasual Impor Men's shoes""",5c9d2b9385ecd8ec9251e6bd30d01b3d.jpg,fbf380b9bf6de8bcb98c2bdbc0d7eae3.jpg,False,False,False,False
1791,2138,0.61842316,0.68314743,0.6507853,OPPO A9 A53 A5 2020 A33 F11 Pro F9 F7 F5 F1S A37 A83 A71 A3S A31 A5S A7 A1K Glitter Quicksand DIY Phone Case,OPPO A12 A9 A5 2020 F11 F9 Pro F7 F5 F3 F1S A37 A39 A5S A3S A7 Motif Panda Kartun Lucu Bahan Soft Case,5cd7c5ebf1133a4e5a941c63030e1967.jpg,6d8401fb09b8754224399cc62defaeb0.jpg,True,False,False,True
1791,2158,0.5975251,0.6058326,0.60167885,OPPO A9 A53 A5 2020 A33 F11 Pro F9 F7 F5 F1S A37 A83 A71 A3S A31 A5S A7 A1K Glitter Quicksand DIY Phone Case,OPPO A53 2020 Reno 4 A5S A5 2020 A3S A92 A31 A12 A9 2020 F9 PRO A37 A37F F1S F11 A1K F7 A52 A71 F5 Youth A7 A31 A33 2020 A91 Reno 2f Reno 3 A72 A12E Realme C15 C12 5i C11 C2 C3 3 3i 5 5S 6 C1 6i Soft TPU Case,5cd7c5ebf1133a4e5a941c63030e1967.jpg,6e73d4d0a64b6412a76aa724762ce05e.jpg,True,False,False,True
1791,2279,0.72431636,0.69474036,0.7095283,OPPO A9 A53 A5 2020 A33 F11 Pro F9 F7 F5 F1S A37 A83 A71 A3S A31 A5S A7 A1K Glitter Quicksand DIY Phone Case,Casing Phone Aksen Quicksand Glitter + Ring Holder untuk oppo F9 F11 PRO F7 F5 a37 a83 f1s A71 A3S,5cd7c5ebf1133a4e5a941c63030e1967.jpg,737e4565bbef87ce48e2373a8b31ce39.jpg,True,False,False,True
1791,2399,0.62065303,0.6532779,0.63696545,OPPO A9 A53 A5 2020 A33 F11 Pro F9 F7 F5 F1S A37 A83 A71 A3S A31 A5S A7 A1K Glitter Quicksand DIY Phone Case,Be Happy Case OPPO A52 A92 A91 A31 A12 Reno 3 2 2F A5s A3s A5 A9 2020 A37 F1s A1k F11 F9 pro F7 F5 A83 K5 A57 A39 HY012,5cd7c5ebf1133a4e5a941c63030e1967.jpg,7a0641efdc493d9067373832a87006c7.jpg,True,False,False,True
1795,3117,0.57469136,0.7512607,0.662976,1KG BISA 3PCS | SABRINA OVERALL JEANS / SHABBY OVERALL JEANSWASH,OVERALL LONG JEANS / LONG OVERALL JEANS WANITA / MOZY OVERALL,5cf5be67633faebe8d5023bb939552f8.jpg,9ec1203b4149b18375eb7563eb068c40.jpg,True,False,False,False
1809,4025,0.6100277,0.59057385,0.6003008,LC329  Mainan Gigitan Bayi /Teether baby Toy,Baby Safe Teether Bayi / Baby Safe Gigitan Bayi,5d67375d5796c2865afe1e15eb21af3c.jpg,cabe8e26188ee6ffb36325b6dff126cd.jpg,True,False,False,False
1809,4213,0.63722014,0.58574605,0.6114831,LC329  Mainan Gigitan Bayi /Teether baby Toy,Teether gigitan bayi buah,5d67375d5796c2865afe1e15eb21af3c.jpg,d3987796d4ebab6882e1068deed3b11c.jpg,True,False,False,False
1821,1921,0.4200821,0.7834488,0.60176545,Pixy Uv Whitening Bb Cream 03 - Beige (4 Beauty Benefit),Pixy UV Whitening Loose Powder,5de86ecdcf9ddd2eb636dba96fb6eb34.jpg,62fb29c283dc560c04dbabd7d03c758c.jpg,False,False,False,False
1821,2502,0.4200821,0.808604,0.61434305,Pixy Uv Whitening Bb Cream 03 - Beige (4 Beauty Benefit),Pixy UV Whitening Loose Powder,5de86ecdcf9ddd2eb636dba96fb6eb34.jpg,7f504024cd7aa37dc11e9f936be46147.jpg,False,False,False,False
1821,4637,0.5121118,0.80644935,0.65928054,Pixy Uv Whitening Bb Cream 03 - Beige (4 Beauty Benefit),Pixy Uvw Loose Powder 01 - Ivory (4 Beauty Benefit),5de86ecdcf9ddd2eb636dba96fb6eb34.jpg,e90dae65850a478d76ff84a5fe78a7fa.jpg,True,False,False,True
1826,2182,0.6410122,0.725059,0.6830356,Bandana Rajut Salur Premium Anysa,"PART 2 BANDANA RAJUT PREMIUM 2 WARNA,",5e39037cea5fc73159623d5903434dc6.jpg,6f58699e3b04b6fec52f3101e8ea198c.jpg,True,False,False,False
1826,2246,0.6494647,0.5625483,0.6060065,Bandana Rajut Salur Premium Anysa,Bandana Rajut Premium 2 Warna Part 1,5e39037cea5fc73159623d5903434dc6.jpg,71ca133f5d3894b55ba56e63501e832e.jpg,True,False,False,False
1829,3206,0.6343097,0.5677595,0.60103464,Air Softlens Dream Color I 60mL ORIGINAL / Cairan Dream Color 1 Multi Purpose Solution 60 mL,Cairan Pembersih Softlens i look 60ml Vision Care Multi Purpose Solution,5e5b9ff1d0b391ad2c822bbe26925673.jpg,a2d2ca03219deb2b97b7d89c6feab1f1.jpg,True,False,False,True
1833,4506,0.45709372,0.7806244,0.61885905,Jilbab anak LED LOL,Hijab anak topi pita polos jilbab murah,5ec28dc61b39954c0b2eb10baff04899.jpg,e2849afe8c8517d3cac5c4bc855479a1.jpg,False,False,False,False
1833,4785,0.4948876,0.7496753,0.62228143,Jilbab anak LED LOL,Hijab anak / krudung anak / jilbab anak lucu,5ec28dc61b39954c0b2eb10baff04899.jpg,f12082dd3b19fb4537a116b518e9151b.jpg,True,False,False,False
1834,1923,0.42714015,0.8140045,0.6205723,(1KG =165PCS) 2 warna Ciput bandana rajut BestSeller,CIPUT RAJUT PREMIUM,5ed1addc1c05873d8f4bba301e19ade0.jpg,633cd32da699ed6246038d4ec22fd2ec.jpg,False,False,True,False
1834,4276,0.46883148,0.75212574,0.61047864,(1KG =165PCS) 2 warna Ciput bandana rajut BestSeller,Ciput / Bandana / Inner Rajut Anti Pusing,5ed1addc1c05873d8f4bba301e19ade0.jpg,d7135858d0b639062f9d6be773cc62e6.jpg,False,False,False,False
1851,2149,0.5522454,0.6586264,0.60543585,[BEST SELLER] Perajang bawang / irisan bawang praktis / pemotong bawang NIKITA kualitas TOP,123 STORE Termurah! Pengiris Bawang Manual/ Pemotong Bawang / Penggiling Bawang /Perajang,5f0f98cbc710cb7b64ef8d7c43b37429.jpg,6e32792de27a084f3d8f02281e5f8a92.jpg,True,False,False,False
1851,3354,0.59016,0.6233133,0.60673666,[BEST SELLER] Perajang bawang / irisan bawang praktis / pemotong bawang NIKITA kualitas TOP,Alat Perajang Bawang/Pengiris Bawang,5f0f98cbc710cb7b64ef8d7c43b37429.jpg,aaaab23e744be29b4189392df445468d.jpg,True,False,False,False
1852,3096,0.55387974,0.65565795,0.6047689,hotpant rent,MARS - HOTPANT SALUR BLASTER | HOTPANTS SALUR BLASTER,5f1548e4a76dcafb3f11f5acfdfd9352.jpg,9dd998017848e902ee1d08052e7bb3dc.jpg,True,False,True,False
1854,4695,0.48683953,0.78723085,0.6370352,[PREMIUM] Pashmina Tali - Karet Ceruty Babydoll instan pasmina Sabyan,"[PROMO] Pashmina Instan Zafina, Pastan,  Pasmina,pastan Instan, Murah, sala",5f2c41dbb2fbca71442dbe5d2496918a.jpg,ec29b33789bbecb8e4e3eae4ea923be4.jpg,True,False,False,False
1870,3533,0.47887182,0.74395853,0.61141515,VANILLESHOP - Ikat Pinggang Wanita Ring Belt GC,SOLOGROSIR(COD)IKAT PINGGANG MINI BELT GAMIS WANITA,60096b4c445541ae9b73bb8e213259cf.jpg,b22216a4b9c82861f41fc720056ea3fd.jpg,False,False,False,False
1874,3788,0.6527778,0.5670668,0.6099223,Aksesoris tas gantungan boneka,Gantungan Aksesoris 2 susun Kawat,60151fa175ea9fb91039d3a2b2a391ab.jpg,be2a74e596a23340d0e3f356a871cca9.jpg,True,False,False,False
1877,2516,0.56796134,0.78001994,0.6739906,(COUPLE) ANAK&DEWASA Kaos Distro DEWASA,Kaos Distro Anak,603dd2cac99445237a617356e7fed9c8.jpg,80042497119e2cddca24fe8d83372f86.jpg,True,False,True,False
1878,4694,0.718924,0.83680916,0.7778666,Selimut Bulu 150x200 tebal 500gr Halus Lembut Motif Dewasa Impor Murah,Selimut Bulu 135x190 Tebal 350gr Murah Halus Lembut Motif Dewasa Impor,6042e5ad404d87d01797ac8485e1e7f5.jpg,ec0e356c35d0bc352402f6056bbfc300.jpg,True,False,False,True
1879,4047,0.6053324,0.8121995,0.7087659,"[BISA_COD]_M45_Dompet Kult Lipat HAPPY, Dompet Murah, Dompet Bandung, Dompet Wanita Terbaru 2020",[ BISA COD ] DOMPET PITA LIPAT / DOMPET MINI ALEESHA,60450becdc0e9935dc015ff3648140fe.jpg,cbdcf4f476181e8af8e1f1d90627fd47.jpg,True,False,False,False
1890,2090,0.61541146,0.6026344,0.6090229,Boci Baso Aci,Baso aci original,60c73614267e328dda4388cd7057af84.jpg,6b1468fc8ccbbfc16bf0bb06f3c05fab.jpg,True,False,True,False
1890,2923,0.5653128,0.71449876,0.6399058,Boci Baso Aci,BOCI BAso aCI Extra Pedas BASRANGER 200gr HALAL MUI,60c73614267e328dda4388cd7057af84.jpg,95bb86bc9514caa9e608b94212531202.jpg,True,False,True,False
1895,2404,0.73596966,0.74809813,0.7420339,Kaoa zolaqu,Kaos Zolaqu Wanita Panjang,60e5da28907e708ce4305a9a8016d59b.jpg,7a6767ed089124abd221e63c5f6bf37a.jpg,True,False,True,False
1895,3567,0.6429633,0.84846306,0.7457132,Kaoa zolaqu,KAOS WANITA MOTIF ZOLAQU LENGAN PANJANG,60e5da28907e708ce4305a9a8016d59b.jpg,b3e1cb22a393468316d54776020450f3.jpg,True,True,True,False
1895,4343,0.54946107,0.85642636,0.7029437,Kaoa zolaqu,KAOS CEWE ZOLAQU LENGAN PANJANG SABLON DEPAN,60e5da28907e708ce4305a9a8016d59b.jpg,da541ef184e3f3cf67c3620f97cad420.jpg,True,True,True,False
1897,4047,0.59356254,0.755085,0.6743238,MORYMONY DOMPET TASEL - Dompet Lipat Mini,[ BISA COD ] DOMPET PITA LIPAT / DOMPET MINI ALEESHA,61279eb22f53528ad1f1584f70c0c548.jpg,cbdcf4f476181e8af8e1f1d90627fd47.jpg,True,False,False,False
1897,4924,0.69404894,0.7319085,0.7129787,MORYMONY DOMPET TASEL - Dompet Lipat Mini,MORYMONY ANA - Dompet  Panjang Wanita,61279eb22f53528ad1f1584f70c0c548.jpg,f662b88d58d63ab91bdc7234230aea38.jpg,True,False,False,False
1899,4011,0.7056908,0.6487094,0.6772001,(BLUETOOTH Chip 16) Speaker Al-Quran 99 Qori Advance TP 600 memori 16GB Terlengkap,(BISA PAKAI NAMA) Speaker Quran 149+Qori Memori 16GB Advance TP600 (BLUETOOTH),615fce960dcf232a0025b3c050ba56d6.jpg,c9e353d0db0d37c485f09973a04cea6e.jpg,True,False,False,True
1905,3848,0.5685059,0.6877441,0.62812495,Spex Symbol A+ Rewetter 10ml,Spex Symbol X2 Chic All Color,61a1eabf69fa3772f7befbf41cc85304.jpg,c151c0c331c1cc76cd48ba367f21f252.jpg,True,False,False,True
1906,4977,0.72405946,0.8278166,0.77593803,Korek Kuping Nyala Earpick With Flashlight Alat Korek Kuping Pembersih Telinga Lampu Senter LED,KOREK KUPING SENTER LED NYALA EARPICK FLASH LIGHT LAMPU ANAK SOUVENIR,61b451b1faf23ab6f25c335ed5b643ba.jpg,f8dffc11421fdfa6ec573f95d6dc0418.jpg,True,False,False,False
1920,2696,0.6039328,0.6752484,0.6395906,Brush Set Tube Kuas Rias Make Up 12 Pcs Kuas Make Up Foundation Brush Free Tabung,LoveFashion Kuas Make up Kosmetik Rias isi 20 Pcs Brush Make UP 20 Set In 1 Set Paket Kuas Makeup,62df88c495d5b13c56f7af633fe9d95c.jpg,8a006a95da09dcb196c3de7d3be87678.jpg,True,False,False,True
1920,4040,0.62287813,0.74182963,0.68235385,Brush Set Tube Kuas Rias Make Up 12 Pcs Kuas Make Up Foundation Brush Free Tabung,Kuas Make up Kosmetik Rias isi 20 Pcs Brush Make UP 20 Set In 1 Set Paket Kuas Makeup,62df88c495d5b13c56f7af633fe9d95c.jpg,cba8b750acb461ff7c1e4cc7fdfda6f8.jpg,True,False,False,True
1920,4041,0.6051397,0.74182963,0.6734847,Brush Set Tube Kuas Rias Make Up 12 Pcs Kuas Make Up Foundation Brush Free Tabung,RK fashion ||Kuas Make up Kosmetik Rias isi 20 Pcs Brush Make UP 20 Set In 1 Set Paket Kuas Makeup,62df88c495d5b13c56f7af633fe9d95c.jpg,cba8b750acb461ff7c1e4cc7fdfda6f8.jpg,True,False,False,True
1923,2182,0.5393028,0.8219373,0.6806201,CIPUT RAJUT PREMIUM,"PART 2 BANDANA RAJUT PREMIUM 2 WARNA,",633cd32da699ed6246038d4ec22fd2ec.jpg,6f58699e3b04b6fec52f3101e8ea198c.jpg,True,False,True,False
1924,2435,0.6071386,0.8552054,0.73117197,Kaos anak laki-laki karakter ELMO merah - KACO,kaos anak laki-laki karakter spongebob squarepants - KACO,6351bfb83e4afd1d38b7cfdebfd2ff43.jpg,7bef1f6d43aaa5b860c868313c67b146.jpg,True,True,False,False
1924,4163,0.57406735,0.7143463,0.6442068,Kaos anak laki-laki karakter ELMO merah - KACO,Kaos Anak Laki-Laki Karakter Spongebob Size 1-10 Tahun || Kaos Anak Cowok Karakter Termurah,6351bfb83e4afd1d38b7cfdebfd2ff43.jpg,d1643c48cef8d133cab8df7e0d5e3477.jpg,True,False,False,False
1928,4964,0.4189355,0.92087436,0.66990495,Dancow 1+ Vanila 400 Gr Box,dancow 3+ coklat 800gr,638c6d5e8f883d133da0b98936ac4670.jpg,f83bc36e5b7e3cfc9fd1e39f89487cb5.jpg,False,True,False,True
1930,2801,0.61437625,0.672167,0.6432716,"Fashion Glitter Diamond Case Xiaomi, Oppo, Vivo, Samsung, Realme & Iphone",SOFTCASE CANDY MACARON SAMSUNG OPPO VIVO IPHONE XIAOMI REALME ALL TYPE,639db96d2a203a479483fa941110c49c.jpg,9021f71fde97e52e39c14c725065d818.jpg,True,False,False,False
1931,4674,0.4508164,0.772869,0.6118427,Fair and Pink Whitening Body Serum,Azarine C White Lightening Tone Up Body Serum 100 ml,63a25db8eaee520b8e380a4a9fa4898b.jpg,eb30f218712e7afb4bac5e1b99ee81a9.jpg,False,False,False,False
1933,2331,0.61149484,0.7438669,0.67768085,ROK PLISKET JUMBO//ROK PLISKET JUMBO // Rok  Plisket JUMBO Muat Bb 50 s/d 80 Kg,ROK PLISKET PREMIUM / BELIA ROK PLISKET ELMIERA,63b13d2cef9a22a1938adf19cc080691.jpg,767ec63b93c6d957ed98a87e057e9da3.jpg,True,False,False,False
1933,2332,0.66583526,0.7438669,0.7048511,ROK PLISKET JUMBO//ROK PLISKET JUMBO // Rok  Plisket JUMBO Muat Bb 50 s/d 80 Kg,Rok Plisket - Rok Plisket Wanita bahan premium,63b13d2cef9a22a1938adf19cc080691.jpg,767ec63b93c6d957ed98a87e057e9da3.jpg,True,False,False,False
1933,2648,0.6732362,0.76123995,0.71723807,ROK PLISKET JUMBO//ROK PLISKET JUMBO // Rok  Plisket JUMBO Muat Bb 50 s/d 80 Kg,BELIA ROK PLISKET / ROK PLISKET PREMIUM,63b13d2cef9a22a1938adf19cc080691.jpg,86b5a5aaece7dfc552d707162f3e6649.jpg,True,False,False,False
1937,3124,0.53530544,0.67310476,0.60420513,DN 08 SNEAKERS,RD102 SNEAKERS,63decdee2e05967a9727fed922f54780.jpg,9f15e4785cc58c03fdf298003f8c2652.jpg,True,False,True,True
1942,4479,0.3574148,0.85813576,0.6077753,BBBC Kaos Kaki Wanita Motif 3 Warna Import Semata Kaki Bayar Ditempat (),Kaos Kaki Invisible Warna Warni,645d9141f91ce015c0a9888159b72b68.jpg,e0e5f660fa462d226c5cc12259e81e55.jpg,False,True,False,False
1964,2910,0.44346577,0.81304204,0.62825394,TANIA BLOUSE GOLD,AFI - EC - Kia Blouse,6515d63ee4f07951f2b1ab2e799277c3.jpg,950292ed4de319ca5678ad71c21203a4.jpg,False,False,True,False
1975,3652,0.4847462,0.752483,0.6186146,BATERAI 18650 SONY VTC6 3000mAh - Authentic,Battery Batre charger 18650 baterai 2200mAh baterai 18650 Cinicini,65f057981b25a6b3eec61c6f7e888fe0.jpg,b894b4e49e838370fafc79059b70e19f.jpg,True,False,False,True
1987,4155,0.44902024,0.8134335,0.6312269,\xe2\x9c\x94COD\xe2\x9c\x94 TERMURAH ! ATASAN ZLQ / ATASAN WANITA MUSLIM / BAJU ZOLAQU / BAJU MUSLIM / PAKAIAN WANITA,TERMURAH !!! ZOLAKU MIRING KAOS ATASAN WANITA LENGAN PANJANG.MUSLIM TERBARU,66a1dd3fb8df580c4c6e5f89c632e882.jpg,d0e31343fe8be0d8c63e76f814787d20.jpg,False,False,False,False
2007,2118,0.34672952,0.8571874,0.60195845,TAS RANSEL BACKPACK SOPHIE MARTIN AXELARD KULIT HITAM T6107B5 BD2001 DISKON MEMBER PROMO TERMURAH,Tas Ransel Backpack Hitam Wanita + Gantungan Import Murah Kaws,674d0c61cd4fd700e0df041eab57e044.jpg,6c872c8779a53359f99e5239352706c8.jpg,False,True,False,False
2021,2596,0.56330144,0.80505145,0.68417645,ZELLO JEANS TALI / HW TALI JEANS  / CELANA JEANS,HW JEANS SNOW / HW SNOW / JEANS,67d424949aa8fcdb6f683402542e8f30.jpg,841b3ee4cb83c7d4ed3f772b35e27b7e.jpg,True,False,False,False
2021,3547,0.4817621,0.80251366,0.6421379,ZELLO JEANS TALI / HW TALI JEANS  / CELANA JEANS,Theola Jeans,67d424949aa8fcdb6f683402542e8f30.jpg,b2cbc84aa2df4b79162fe11d21090af3.jpg,True,False,True,False
2023,3620,0.44486976,0.7863967,0.61563325,Everwhite Acnepair Cream 15g,Everwhite Green Tea Clay Mask,67e3b5d122c5523e08ae3c580f3a073c.jpg,b6f37f74a833c5d69d40db6cadbc7b6a.jpg,False,False,False,False
2049,3424,0.6520583,0.69758886,0.6748236,Mecca Syari S M L XL | Fashion Muslim Gamis Syari Terbaru | Bahan Moscrepe HQ,Gamis Syari Remaja Terbaru Avita Dress Moscrepe Fashion Muslim Murah,692c1ad1b1e5f9b373eab37f3d3f08ff.jpg,ad2a6d03aa123a5e6522274712ce0289.jpg,True,False,False,False
2053,3080,0.766399,0.74052954,0.7534643,HUKI MINYAK KAYU PUTIH 60 ML,Minyak kayu putih,695b1495e41784465f866cb12c277fe3.jpg,9d4753a717ac9812e33e03d0746e3151.jpg,True,False,True,False
2053,4665,0.5307079,0.7436461,0.637177,HUKI MINYAK KAYU PUTIH 60 ML,Minyak Kayu Putih Cap Lang 60ML/120ML/210ML,695b1495e41784465f866cb12c277fe3.jpg,ea50b634e27d6c7960b71db63f78168d.jpg,True,False,False,True
2065,3726,0.6107271,0.6264212,0.61857414,Rak sepatu portable 4 susun,Rak Susun Yoyo Portabel 4 susun,69fda36cfb4adca93a613d246196dcb7.jpg,baa630b1aa0b623f7a48511d3f125725.jpg,True,False,False,False
2071,4692,0.54295784,0.67584866,0.60940325,Ikat Rambut Scrunchie Kain Satin Sutra Elastis Warna Polos untuk Wanita,50Pcs Ikat Rambut Elastis untuk Wanita,6a487801e4dcdd35160ef801a3161d7d.jpg,ebf8ab5430ab43bfd322a67e99041d79.jpg,True,False,False,False
2074,2986,0.49339235,0.7791134,0.6362529,Case Hardcase Robot Kickstand Iron Man Ring For Redmi Note 5 Pro,Hidup Keren-Hardcase Dove Xiaomi Redmi 8A Redmi 8/8A Pro Note 7 Note 8 Note 8 Pro Note 5 Pro,6a66ee46bc3e7dd563208987b4dc9e27.jpg,985b63502d78961d32af14704f233042.jpg,True,False,False,True
2081,2096,0.7141151,0.6928916,0.7035034,Bra / BH Sorex 17238 Super Soft,WW Bra Tanpa Kawat - SOREX 17238 - Super Soft (CUP A) bh - Pakaian Dalam Wanita,6ab8a2d3c5b3222b5a97d7c050149d51.jpg,6b5ea21577fbe7510a3dcbab66588e58.jpg,True,False,False,False
2081,4382,0.87059647,0.7517172,0.81115687,Bra / BH Sorex 17238 Super Soft,Bra Sorex BH 17238 Cup A Super Soft (Only Bra),6ab8a2d3c5b3222b5a97d7c050149d51.jpg,dbd728d1a061660d2b2c4bf84cd24084.jpg,True,False,False,False
2084,2367,0.61428696,0.6613674,0.63782716,Disinfektan Saniter 200ml,Saniter sanitizer spray desinfektan 400 ml,6addfb15bae41b5b7adde6867be58f23.jpg,78189aab559acbd8c72174de6d5b732f.jpg,True,False,True,True
2093,2710,0.5403718,0.7071948,0.6237833,Set Pisau Dapur Full Set Talenan Dan Gunting Harga Termurah Import Pisau Dapur Anti Karat Bestseller,PISAU DAPUR / PISAU KECIL MURAH,6b3412744bf5f23b6ecf33e461327ca5.jpg,8a9ba52a14b0927c61b811e679877189.jpg,True,False,False,False
2110,2829,0.524222,0.9088578,0.7165399,Kikkoman Dark Sauce HALAL Botol 300 Gr,Kikkoman Soy Sauce Halal 150ml Shoyu Kecap Asin khas Jepang HALAL,6c3fe13664dd87c92e533c6087e7f970.jpg,90fdb5c3a4fcdd9912f1a13f81b44c22.jpg,True,True,False,True
2118,5002,0.53250676,0.71383286,0.6231698,Tas Ransel Backpack Hitam Wanita + Gantungan Import Murah Kaws,TAS RANSEL ANAK TAS RANSEL WANITA MURAH / TAS WANITA MURAH RANSEL,6c872c8779a53359f99e5239352706c8.jpg,fa8071dde0ab781c9232968498d13f87.jpg,True,False,False,False
2134,4830,0.81370085,0.73964953,0.7766752,Sabun Tzuki Original Di Jamin !00% Asli,Sabun Tzuki Dijamin Asli Original 1000%,6d780613799826e1e57c9a5e8f1bfe64.jpg,f30b8cda0eda1e699ad3ad38e437cc8d.jpg,True,False,False,True
2138,2152,0.44886285,0.84948254,0.64917266,OPPO A12 A9 A5 2020 F11 F9 Pro F7 F5 F3 F1S A37 A39 A5S A3S A7 Motif Panda Kartun Lucu Bahan Soft Case,HippoCat Case - Softcase Fullcover - IPHONE - XIAOMI - VIVO - OPPO A3S A5S F9 A7 A37 Y91 Y95 F1S,6d8401fb09b8754224399cc62defaeb0.jpg,6e4cbac87c89363bd91485ccd953a466.jpg,False,True,False,True
2138,2158,0.56271666,0.80044603,0.6815814,OPPO A12 A9 A5 2020 F11 F9 Pro F7 F5 F3 F1S A37 A39 A5S A3S A7 Motif Panda Kartun Lucu Bahan Soft Case,OPPO A53 2020 Reno 4 A5S A5 2020 A3S A92 A31 A12 A9 2020 F9 PRO A37 A37F F1S F11 A1K F7 A52 A71 F5 Youth A7 A31 A33 2020 A91 Reno 2f Reno 3 A72 A12E Realme C15 C12 5i C11 C2 C3 3 3i 5 5S 6 C1 6i Soft TPU Case,6d8401fb09b8754224399cc62defaeb0.jpg,6e73d4d0a64b6412a76aa724762ce05e.jpg,True,False,False,True
2138,2399,0.63632905,0.7095765,0.6729528,OPPO A12 A9 A5 2020 F11 F9 Pro F7 F5 F3 F1S A37 A39 A5S A3S A7 Motif Panda Kartun Lucu Bahan Soft Case,Be Happy Case OPPO A52 A92 A91 A31 A12 Reno 3 2 2F A5s A3s A5 A9 2020 A37 F1s A1k F11 F9 pro F7 F5 A83 K5 A57 A39 HY012,6d8401fb09b8754224399cc62defaeb0.jpg,7a0641efdc493d9067373832a87006c7.jpg,True,False,False,True
2140,3121,0.60861,0.7547997,0.6817049,Clip on Mic Microphone 3.5 mm  with clip,Microphone with Clip 3.5mm for Smartphone Laptop Tablet PC,6da43ce8ca74c1c4504331059c310169.jpg,9ef3fdb78947c99c9e56d09cf5196f70.jpg,True,False,False,False
2140,3915,0.57007766,0.7836956,0.6768866,Clip on Mic Microphone 3.5 mm  with clip,Mini Microphone Clip On Mic U Shape Audio Splitter,6da43ce8ca74c1c4504331059c310169.jpg,c4f984543189e8861e33c75b7b5c21a2.jpg,True,False,False,False
2141,4568,0.4374158,0.7702435,0.6038297,IMPLORA LIP TINT - Implora cheek & lip tint,O My Tint! (Lip Tint Halal 2 in 1),6db2bcd6de1bc3a50d33202eb8612c61.jpg,e5318745185c318cf97a42bd6c93047f.jpg,False,False,False,False
2149,4020,0.54359347,0.6923388,0.6179662,123 STORE Termurah! Pengiris Bawang Manual/ Pemotong Bawang / Penggiling Bawang /Perajang,[COD] PARUTAN BAWANG - PERAJANG BAWANG,6e32792de27a084f3d8f02281e5f8a92.jpg,ca4f1e6ac755693726cf2d70dba3dbb4.jpg,True,False,False,False
2151,2373,0.5517586,0.65822566,0.60499215,Celana Joger Jogger Pants Sweatpants New Balance premium Training Futsal,Celana Jogger Branded Grade Ori / Celana Training Import / Celana Joger Premium,6e43d259b4788df1bbb713ee60cc8fc5.jpg,7887855aa5d29156e3e3f23dbf12e5e6.jpg,True,False,False,False
2151,4426,0.51428664,0.6975548,0.60592073,Celana Joger Jogger Pants Sweatpants New Balance premium Training Futsal,Celana Joger Adidas Grade Ori / Celana Training Jogger,6e43d259b4788df1bbb713ee60cc8fc5.jpg,de3ed1f1e3b087ab0e31c3539df24d9c.jpg,True,False,False,False
2156,4048,0.65349,0.6500873,0.65178865,Souvenir Sumpit sudah di kemas mika Souvenir pernikahan,Souvenir gantungan kunci wayang rama sinta / souvenir pernikahan,6e5c1f56fe51e4ad04304ae825728b89.jpg,cbe0f1377d6954c149856b78a4a5fa52.jpg,True,False,False,False
2158,2399,0.65798646,0.7684026,0.7131945,OPPO A53 2020 Reno 4 A5S A5 2020 A3S A92 A31 A12 A9 2020 F9 PRO A37 A37F F1S F11 A1K F7 A52 A71 F5 Youth A7 A31 A33 2020 A91 Reno 2f Reno 3 A72 A12E Realme C15 C12 5i C11 C2 C3 3 3i 5 5S 6 C1 6i Soft TPU Case,Be Happy Case OPPO A52 A92 A91 A31 A12 Reno 3 2 2F A5s A3s A5 A9 2020 A37 F1s A1k F11 F9 pro F7 F5 A83 K5 A57 A39 HY012,6e73d4d0a64b6412a76aa724762ce05e.jpg,7a0641efdc493d9067373832a87006c7.jpg,True,False,False,True
2158,4987,0.76108277,0.5841167,0.67259973,OPPO A53 2020 Reno 4 A5S A5 2020 A3S A92 A31 A12 A9 2020 F9 PRO A37 A37F F1S F11 A1K F7 A52 A71 F5 Youth A7 A31 A33 2020 A91 Reno 2f Reno 3 A72 A12E Realme C15 C12 5i C11 C2 C3 3 3i 5 5S 6 C1 6i Soft TPU Case,Case Glitter OPPO A53 A52 A92 A1K A5 A9 2020 Relame C15 C11 C12 Reno 4 OPPO A37F A37 A39 A57 A5S A7 A71 F5 Youth F9 F11 Realme C1 C2 3 5 Pro 5 Reno 2F 2Z,6e73d4d0a64b6412a76aa724762ce05e.jpg,f9813150ef6aa161fcb613c811e7b9f8.jpg,True,False,False,True
2158,4988,0.709356,0.5841167,0.6467364,OPPO A53 2020 Reno 4 A5S A5 2020 A3S A92 A31 A12 A9 2020 F9 PRO A37 A37F F1S F11 A1K F7 A52 A71 F5 Youth A7 A31 A33 2020 A91 Reno 2f Reno 3 A72 A12E Realme C15 C12 5i C11 C2 C3 3 3i 5 5S 6 C1 6i Soft TPU Case,Glitter Bling Mewah Case Realme C15 C12 C11 OPPO A52 A92 Reno 4 Case A12 A12E A31 A1K A5 A9 2020 A5S A71 A39 Reno 3 2 2F Realme C3 C2 3 5 Pro A33 Neo7 Kasus,6e73d4d0a64b6412a76aa724762ce05e.jpg,f9813150ef6aa161fcb613c811e7b9f8.jpg,True,False,False,True
2175,4488,0.50720304,0.7519616,0.6295823,Charger casan 4A QUALCOMM QUICK CHARGE Charger vivo xiaomi oppo samsung asus realme,[PROMO] Charger VOOC 2usb PORT Fast Charging 2A Usb For Xiaomi / Oppo / Vivo / Samsung,6f0b421d598b4fe755da522b507e4ebc.jpg,e190af71c7d2f71f5779ffa1452bc360.jpg,True,False,False,True
2179,4870,0.60303134,0.6217947,0.61241305,Jepit Rambut Model Bobby Pin Motif Bunga Gaya Korea untuk Wanita,2PC -4Pcs Jepit Rambut Gaya Korea untuk Wanita,6f2ed51df8a2a017a13fc45997093b90.jpg,f478ffdd579688cab0fe6f414656582e.jpg,True,False,False,False
2182,4346,0.644478,0.8289192,0.7366986,"PART 2 BANDANA RAJUT PREMIUM 2 WARNA,",BANDANA PREMIUM ANISA / BANDANA RAJUT SALUR POLOS,6f58699e3b04b6fec52f3101e8ea198c.jpg,da6e1a32fe3fc1794c2397fe30ba14aa.jpg,True,False,False,False
2193,2454,0.8178993,0.6469487,0.732424,Bubble Wrap Extra,BUBBLE WRAP,6f927e92c503147c5c71e23e447a2668.jpg,7d109a5c2d9caa09e6bc71c35f9ac830.jpg,True,False,True,False
2208,3360,0.5957826,0.6508139,0.6232982,Konicare Minyak Telon Plus 30 mL,KONICARE TELON 60 ML/ 125ML,70210b9fc70349815c6bd31f21e1956d.jpg,aae00183286b3fe3870a8e1f3453b86b.jpg,True,False,False,True
2223,3651,0.7124734,0.8367678,0.7746206,Softex Comfort Slim Pembalut Non Wing 23 cm 20s,Softex Comfort Slim Pembalut 36 12s + 1,7119df9361c88462da5d108cdbf3577e.jpg,b88b3ed665a73c5ce8a9a3cd19830f8e.jpg,True,False,False,True
2231,4901,0.7360835,0.5999422,0.66801286,Saringan Filter Keran Air Kran Filter Keran - SRN (SARINGAN KRAN BIRU),[ACQ] Saringan Filter Keran Air,714178e42118ccb1ead6dd6ed44bc864.jpg,f5a1c3d688e49dc1290defd043012706.jpg,True,False,False,False
2232,4384,0.51439315,0.7022122,0.6083027,Kemeja koko anak lengan pendek bahan katun linen,[JUMBO] Baju Koko Muslim Pria Dewasa Lengan Pendek Grosir bahan katun,7154aef6b2b9dec4f41d383f1dfd448e.jpg,dc1d940058d748a129c8713eeab6299b.jpg,True,False,False,False
2237,2935,0.5940462,0.7993666,0.6967064,Casing Iphone 6 6s 7 8 Plus 11 Pro Max Xr X Xs Max Gambar Kartun Bunga Dan Unicorn,Casing Full Cover Bahan Silikon untuk iPhone 6/7/8 Plus/XS/XR/XS Max/11pro max/11/12 pro/12 mini/12 pro max,7187a4df3a013daddb5200451b5084f2.jpg,960d1138fa261a34e030db16df6aaaaf.jpg,True,False,False,True
2237,3888,0.57261044,0.78253114,0.6775708,Casing Iphone 6 6s 7 8 Plus 11 Pro Max Xr X Xs Max Gambar Kartun Bunga Dan Unicorn,Premium Leather Case FULL Iphone 7+ 8Plus X xs xs max xr 11 pro 11 pro max iphone 11,7187a4df3a013daddb5200451b5084f2.jpg,c370277eb522526224c5a0520ec188b8.jpg,True,False,False,True
2237,4797,0.5712091,0.82368773,0.6974484,Casing Iphone 6 6s 7 8 Plus 11 Pro Max Xr X Xs Max Gambar Kartun Bunga Dan Unicorn,Casing Full Cover Bahan Silikon untuk iPhone6/7/8 Plus/XS/XR/XS Max/11pro max/11/12 pro/12 mini/12 pro max,7187a4df3a013daddb5200451b5084f2.jpg,f191179dbf78be7c1c45c2d93aa7cd72.jpg,True,False,False,True
2238,2525,0.61647606,0.6036968,0.61008644,4A Type C USB Kabel Cable Data Charger Quick Charger Fast Charger Ori,Kabel Data Charger Game L Type Micro,7195aa2e299711068098144f7c91902c.jpg,8078f44b140cd42d48f29c362974bab9.jpg,True,False,False,False
2238,2595,0.6878811,0.60179484,0.644838,4A Type C USB Kabel Cable Data Charger Quick Charger Fast Charger Ori,TYPE C ! Kabel Data Original 100% Xiaomi USB TYPE-C Cable Data Charger,7195aa2e299711068098144f7c91902c.jpg,8405fe433b45fb80cbaafe71cf433836.jpg,True,False,False,True
2250,3388,0.37544957,0.8731983,0.6243239,"Kabel data vivan android Micro USB fast charging samsung , xiaomi, oppo, vivo, dan merk lainnya",MICRO USB REALME KABEL DATA MICRO USB ORIGINAL 2A,71f58cf99b39ceead5852c8f931a8efc.jpg,abf4fe22e641b77185c1061bc035272b.jpg,False,True,False,False
2250,4488,0.54874396,0.665744,0.607244,"Kabel data vivan android Micro USB fast charging samsung , xiaomi, oppo, vivo, dan merk lainnya",[PROMO] Charger VOOC 2usb PORT Fast Charging 2A Usb For Xiaomi / Oppo / Vivo / Samsung,71f58cf99b39ceead5852c8f931a8efc.jpg,e190af71c7d2f71f5779ffa1452bc360.jpg,True,False,False,False
2260,2431,0.8142674,0.78621745,0.8002424,Wardah Instaperfect MATTE FIT Powder Foundation,Wardah Refill Instaperfect Matte Fit Powder Foundation 12. IVORY 13 g,728d5751794d1aed985408c169641b67.jpg,7bc365154a69659871ee5ab28d0e827b.jpg,True,False,False,False
2260,2690,0.9315408,0.7773316,0.85443616,Wardah Instaperfect MATTE FIT Powder Foundation,(REFILL) Wardah Instaperfect Matte Fit Powder Foundation,728d5751794d1aed985408c169641b67.jpg,898ad104b0bbd2a7cb289c08bdec7608.jpg,True,False,False,False
2260,2691,0.802942,0.7773316,0.7901368,Wardah Instaperfect MATTE FIT Powder Foundation,Wardah Refill Instaperfect MATTE FIT Powder Foundation 13 BEIGE 13 g,728d5751794d1aed985408c169641b67.jpg,898ad104b0bbd2a7cb289c08bdec7608.jpg,True,False,False,False
2260,3729,0.8511282,0.7851425,0.8181354,Wardah Instaperfect MATTE FIT Powder Foundation,Wardah Refill Instaperfect Matte Fit Powder Foundation 11. FAIR 13 g,728d5751794d1aed985408c169641b67.jpg,baadc20a66bdc374e712543bd7141724.jpg,True,False,False,False
2273,3908,0.4904125,0.7205181,0.6054653,Dot / Nipple / Teat Avent Natural 2.0 Fast Flow 9m+ / Lubang Level Size 5,Dot Untuk Philips Avent Natural/Nipple Philips Avent Natural,735c22c487503cecfb8029149f615731.jpg,c48da7ed5f071a643ada1e66ea82f3cd.jpg,True,False,False,False
2277,2716,0.3957851,0.81221867,0.6040019,DRESS MUSLIM TERBARU / GAMIS RAHNEM GM - 22 / FASHION MUSLIM 20% OFF,GF : MECCA SYARI size S M L XL matt MOSCREPE HQ fashion muslim GAMIS TERBARU,7379f15dfaa529305991c5b14b8b6ec7.jpg,8ac7bf691ccc73b8af008b86a8995154.jpg,False,False,False,False
2277,3836,0.429903,0.77298224,0.60144264,DRESS MUSLIM TERBARU / GAMIS RAHNEM GM - 22 / FASHION MUSLIM 20% OFF,Ghania dress/fashion murah/fashion terbaru,7379f15dfaa529305991c5b14b8b6ec7.jpg,c0c0c220c3ae9f976369db2b9029042d.jpg,False,False,False,False
2284,3435,0.6209135,0.62038094,0.6206472,TIMBANGAN DIGITAL MANGKOK / Timbangan Kue Digital Electronic 5 kg B05,Free Baterai Timbangan Kue Digital 10kg Timbangan Dapur Timbangan Digital Kitchen Scale,73b35494468126886c2a97f125f23c59.jpg,ad6e02ecdd99ea30c1dd7f2d6eae4770.jpg,True,False,False,True
2288,2783,0.44564506,0.80879605,0.6272206,iPhone 7 7G 8 8G  Kaca Kamera Belakang / Kaca Lensa Back Camera,1 Set Tempered Glass Pelindung Layar Depan+Belakang dan Lensa Kamera iPhone 11 Pro Max XS XR X 7+,73dbdeaa6d4297b62727e57b8a4bdc54.jpg,8f5227ff3eaa40fee0107a4e8c11e294.jpg,False,False,False,True
2305,4331,0.6386799,0.56295896,0.60081947,KAFTAN WANITA / KAFTAN GEMINI / KAFTAN PAYET / KAFTAN BORDIR PAYET / KAFTAN JUMBO,KAFTAN POLOS,754a3b60929bfe4e054a3caff4367533.jpg,d9fbb4392ecaa8b36671581d7f6f32d5.jpg,True,False,True,False
2318,2796,0.45855567,0.74947476,0.60401523,Sepatu Casual Converse Allstar Chuck Taylor Classic Premium Low End Pendek Sneakers Cowok Cewek,Converse premium kuning pendek,75c3ae81c8548fa0804f3b5dac867197.jpg,8fed68afcbeed6c0bfc3c090282367b2.jpg,False,False,False,False
2321,2613,0.5791359,0.6224979,0.6008169,Timbangan Dapur Digital 10 Kg Electronic Kitchen Scale Neraca Takaran Bumbu Tampilan LCD Berteknolog,Electronic Mini Kitchen Scale / Timbangan Dapur Digital SF 400 / Dus Orange,760d513ce8b5ffe4f6fd894d8ea6b4ec.jpg,84a9d3713e7007c2c90e1fa481b201db.jpg,True,False,False,True
2322,3191,0.4599854,0.74827296,0.6041292,Sepatu PATROBAS IVAN low black white / forest,Sepatu Patrobas Equip High Black White Size 37-44 Original Made In Indonesia,76191ba7eca78443afe2435149ffcf63.jpg,a213db7809b1e439ef56a5535f8b4569.jpg,False,False,False,False
2325,3642,0.6913887,0.6122484,0.6518186,Blue Band Cake & Cookies 200g,Blue Band Cake & Cookie Margarin 200 gr,7640775c0ca8ca038cb7e11019a85905.jpg,b82105504c5a0aaa30b33527e2455ddd.jpg,True,False,False,False
2326,4064,0.6770116,0.6763505,0.67668104,MUSK BY LILIAN ASHLEY EAU DE PARFUM 100ML,Musk By Lilian Ashley Eau de Toilette Green Tea 70ml,7645ab1674b88eb7f46fa7171d0f8f6b.jpg,cc977898f9ec61e6897dc9ce232cb7dc.jpg,True,False,False,True
2336,2999,0.81224006,0.76626563,0.7892529,BENTON SNAIL BEE HIGH CONTENT ESSENCE 60ML BENTON ESSENCE,Benton Snail Bee High Content Essence Travel Size 15 ml,76c35ab7439eefedc359ac42a0252c12.jpg,9919a66a5195246d975eff59ea6f6c11.jpg,True,False,False,True
2346,4694,0.5897325,0.6569015,0.623317,COD Kamar Tidur Selimut Bulu Selimut Murah Dewasa Motif Ukuran 150 x 200cm Import Halus dan Lembut,Selimut Bulu 135x190 Tebal 350gr Murah Halus Lembut Motif Dewasa Impor,776670aad9d07aeaeea97fc147cd0cfa.jpg,ec0e356c35d0bc352402f6056bbfc300.jpg,True,False,False,True
2347,2494,0.57380354,0.683361,0.62858224,DUDUKAN PLAT NOMOR JDM  WARNA TRD-MUGEN-MOMO-SPARCO-RALLYART,Dudukan Plat Nomor Carbon Racing Mobil Tatakan Cover Logo Model JDM Sparco,776ad6d0fd132ff80f64ac463a37ac2a.jpg,7ee500b7e2e3ae09a4e5264c2fef9a32.jpg,True,False,False,False
2347,3281,0.5200835,0.7093479,0.6147157,DUDUKAN PLAT NOMOR JDM  WARNA TRD-MUGEN-MOMO-SPARCO-RALLYART,Tempat Cover Dudukan Plat Nomor Motif Karbon JDM ORIGINAL,776ad6d0fd132ff80f64ac463a37ac2a.jpg,a6a24268e7945b8e2edefae9a2762658.jpg,True,False,False,False
2349,4592,0.44460517,0.8319942,0.6382997,PROMO.. Kapas silikon / silicon / dakron / dacron untuk isian boneka atau bantal,Dakron isi Boneka 100grm,777fde6e290c26901e3d5585ccf0874c.jpg,e6d0ca2b793deb5eb4d7970562bbae7e.jpg,False,False,False,False
2352,3987,0.45346156,0.7903476,0.62190455,Khimar Kirana 2 layer oval bahan diamond,JILBAB/HIJAB KHIMAR SEGITIGA BOBAL 2LAYER DIAMOND,77a5e09fc4c43c861faadf98d6444814.jpg,c8a4acff823c5bf73ac285e923d9dd73.jpg,False,False,False,False
2354,2417,0.6767185,0.76121634,0.71896744,MIXIO RING LIGHT LED 26CM Lampu 26 cm Make Up Vlog RingLight Lampu Ringlight,Ringlight/ Lampu Selfie Led/ Ring Light,77be4c77ce7b20e04572e9633381e963.jpg,7af5453ba3de45818b5b4a43c8046542.jpg,True,False,False,False
2359,2696,0.62936914,0.5947911,0.6120801,Brush Set Tube Kuas Rias Make Up 12 Pcs Kuas Make Up Foundation Brush Free Tabung Love,LoveFashion Kuas Make up Kosmetik Rias isi 20 Pcs Brush Make UP 20 Set In 1 Set Paket Kuas Makeup,77dbcbb35b22a1cbd83616728de389fc.jpg,8a006a95da09dcb196c3de7d3be87678.jpg,True,False,False,True
2367,3331,0.7043973,0.6423267,0.673362,Saniter sanitizer spray desinfektan 400 ml,Saniter Spray Aerosol 200 ML Desinfektan,78189aab559acbd8c72174de6d5b732f.jpg,a93f0b533a4b15b1cf91b53a64994d47.jpg,True,False,False,True
2367,4306,0.57757664,0.7125797,0.6450782,Saniter sanitizer spray desinfektan 400 ml,Saniter spray,78189aab559acbd8c72174de6d5b732f.jpg,d8bab009261f94fd0b7e452bc7424383.jpg,True,False,True,False
2372,4901,0.5126257,0.7238769,0.6182513,Saringan kran air sumur pam mini keran filter carbon tab water - pompa mini,[ACQ] Saringan Filter Keran Air,7885772e904cc85bbf6594609d1cb0f7.jpg,f5a1c3d688e49dc1290defd043012706.jpg,True,False,False,False
2397,2973,0.42005363,0.7984804,0.609267,FLIP FLOP Sendal Spon Mutiara,FLIPFLOP TALI BELLA - Sendal Bella Tali,79fe8bc9e1aadc17e7ed8d587d658f67.jpg,97d5886f96c9209ebed223d0f995a68d.jpg,False,False,False,False
2397,4029,0.4407336,0.82918906,0.63496137,FLIP FLOP Sendal Spon Mutiara,SANDAL FLIPFLOP BELLA,79fe8bc9e1aadc17e7ed8d587d658f67.jpg,cb22a003307b3687bbcd106eb2960146.jpg,False,False,True,False
2399,4987,0.61028516,0.60687506,0.6085801,Be Happy Case OPPO A52 A92 A91 A31 A12 Reno 3 2 2F A5s A3s A5 A9 2020 A37 F1s A1k F11 F9 pro F7 F5 A83 K5 A57 A39 HY012,Case Glitter OPPO A53 A52 A92 A1K A5 A9 2020 Relame C15 C11 C12 Reno 4 OPPO A37F A37 A39 A57 A5S A7 A71 F5 Youth F9 F11 Realme C1 C2 3 5 Pro 5 Reno 2F 2Z,7a0641efdc493d9067373832a87006c7.jpg,f9813150ef6aa161fcb613c811e7b9f8.jpg,True,False,False,True
2402,4583,0.5352539,0.7502176,0.6427357,[LOKAL] DOMMO - D1093 TOTE NICE - Tote Bag Tas Wanita MORYMONY BISA COD DARI JAKARTA,[LOKAL] DOMMO - D1122 TAS MISCAT Dari Jakarta Tas Ransel Backpack Tas Sekolah morymony,7a42d63df9346cc944e18b0a0bd1d3ef.jpg,e63081fb86c9e3c51a5cc8f4075a3a32.jpg,True,False,False,True
2403,4918,0.7021243,0.58903164,0.64557797,The Simplicity Flush Blush by YOU Makeups,The Simplicity Brow Styler  by You Makeups,7a4f15b9c332ff109fa7a52931aeebb4.jpg,f619f03c0c1f1228c5845c29333003a5.jpg,True,False,False,False
2414,3715,0.6558317,0.56717,0.61150086,helm bogo dewasa,[COD]Helm retro kacamata bogo ori dewasa all size,7ac655a43852ad969422b9ece0c133f1.jpg,ba7122627cf1fd97a3ef1b7c43059395.jpg,True,False,True,False
2443,3729,0.39892346,0.8151884,0.6070559,Wardah Refill Lightening BB Cake Powder 01 Light 11 g,Wardah Refill Instaperfect Matte Fit Powder Foundation 11. FAIR 13 g,7c63ebabda57e42048eff11e25876954.jpg,baadc20a66bdc374e712543bd7141724.jpg,False,False,False,True
2445,2885,0.6176136,0.6048874,0.6112505,Cutbray Scuba / Scuba Pant,masker scuba,7c8f6762c586063672577b7161f7b74d.jpg,93a72d35c9cca0a0f29d04c302469463.jpg,True,False,True,False
2449,3384,0.50306934,0.7294167,0.616243,Adem Sari Ching ku Botol 350ml,Adem Sari ChingKu Kaleng 320 ml,7ca40100175690823f01127be4b884f5.jpg,abc6e854248740f36e71c8c1b9454e71.jpg,True,False,False,True
2449,3667,0.65447694,0.6009294,0.6277032,Adem Sari Ching ku Botol 350ml,Adem Sari Ching Ku 320 ml,7ca40100175690823f01127be4b884f5.jpg,b92c1089af694d872ba6ede5a9a027fa.jpg,True,False,False,True
2456,4332,0.60988265,0.6593493,0.634616,SPEAKER MUROTTAL AL QURAN ANAK/ Speaker al quran advance / somad,[BISA PAKAI NAMA] SPEAKER MUROTTAL AL QURAN ANAK advance tp600bt 30 juz 16 GB FULL,7d1d7aa273441216b59f3d17591a9aed.jpg,d9fcaaa551a6735b5a664c1f31ce6c9a.jpg,True,False,False,False
2460,3166,0.63779527,0.77677536,0.7072853,Topi jepang masker topi pancing topi proyek topi kebun topi masker topi lapangan topi tentara jepang,topi jepang masker doreng,7d6c2f5dc97688a37f3c0c2586f1a932.jpg,a0a163c8cdbc1ba550c44ad56c9c39cc.jpg,True,False,False,False
2462,3221,0.63110864,0.8308453,0.73097694,SMART WATCH U9 / SMARTWATCH DZ09 All Variant SIMCARD MICRO MEMORY CARD ( BOX ) Berkualitas,U9 Smartwatch - Smartwatch DZ09 - Jam Tangan Pintar Support SIM card,7d78afc3e2ae5276b25bf9823b42903f.jpg,a33d9459e0e65c4ebda69ee49130703d.jpg,True,False,False,False
2480,4196,0.4883806,0.7427509,0.6155658,BISA COD Promo Lebaran | Mecca Syari Set Khimar | Gamis Muslim Wanita | Najibah Gamis Syari Asdf,"b""BEST SELLER Najibah Couple Syari Set Khimar | Baju Pasangan Syar'i""",7e1ad4c516dee2c0912c4e714294b64c.jpg,d2c64e5603b77c4b984e55001aa31a1a.jpg,True,False,False,False
2493,3915,0.50285906,0.71300197,0.60793054,Audio Splitter U Shape Male to Dual Female Jack 3.5mm Smule Mic,Mini Microphone Clip On Mic U Shape Audio Splitter,7ed9be786d69434e1fbd4207aead0250.jpg,c4f984543189e8861e33c75b7b5c21a2.jpg,True,False,False,False
2499,4224,0.60081524,0.6002752,0.6005452,B21B Unoo stackoo / stako balok susun mainan anak edukasi,Mainan Edukatif Edukasi Anak Balok Susun - PAKET Uno Stacko Tumbling Stacking Tower Dan Kartu Uno,7f44d3f2d6b2e96a0d6ba237b3c3b6d0.jpg,d3fbf787fbf02e190f6cc233a19b6e23.jpg,True,False,False,False
2502,3003,0.48973146,0.7366828,0.6132071,Pixy UV Whitening Loose Powder,Pixy Uv Whitening BB cream / Perlengkapan Make Up,7f504024cd7aa37dc11e9f936be46147.jpg,994e24cc20386df7602839fa8195db54.jpg,True,False,False,False
2503,4062,0.517012,0.7101259,0.61356896,\xe2\x9c\xa7YUKSHOPING\xe2\x9c\xa7R087 Kacamata Wanita Pria Frame Sunglasses Anti Radiasi Lensa Transparan Import Murahcod,\xe2\x9c\xa7YUKSHOPING\xe2\x9c\xa7 R108 Kaos Kaki D060 Kaos Kaki Polos Bahan Spandek Kaos Kaki Import Murah,7f562b4de2d52aee1e33d2405cf35a62.jpg,cc8b63c1c2099637f8635f96cb328afe.jpg,True,False,False,True
2513,3360,0.5957826,0.8477153,0.72174895,Konicare Minyak Telon Plus 30 ml,KONICARE TELON 60 ML/ 125ML,7fc0cc0541ca3e42c209767f3cb6e4ec.jpg,aae00183286b3fe3870a8e1f3453b86b.jpg,True,True,False,True
2516,4350,0.6751116,0.74860704,0.71185935,Kaos Distro Anak,Kaos Distro Anak Thirteen keren,80042497119e2cddca24fe8d83372f86.jpg,daabb2fc02ad0496688ebec29c09381a.jpg,True,False,True,False
2516,4687,0.5344897,0.6891918,0.6118407,Kaos Distro Anak,KAOS PATRICK SPONGEBOB F11 / KAOS PRIA/ KAOS DISTRO,80042497119e2cddca24fe8d83372f86.jpg,ebb51e235e3240699de8f07823f5f669.jpg,True,False,True,False
2521,3925,0.64563,0.59930724,0.6224686,Polymailer Plastik Packing Olshop Tebal Putih 25x35 cm (100pcs),TERMURAH polymailer import TEBAL packing bag plastik online shop olshop amplop plastik poly mailer,806a4beaecc9501f3530ff68a95f1754.jpg,c57f05d9a8c375f5111729c3b76b1367.jpg,True,False,False,False
2521,4091,0.7046279,0.69812787,0.70137787,Polymailer Plastik Packing Olshop Tebal Putih 25x35 cm (100pcs),TERMURAH polymailer import PUTIH TEBAL packing bag plastik olshop amplop plastik poly mailer,806a4beaecc9501f3530ff68a95f1754.jpg,ce2a33c312dc2a2b4b8389f839c785b0.jpg,True,False,False,False
2521,4092,0.64563,0.69812787,0.67187893,Polymailer Plastik Packing Olshop Tebal Putih 25x35 cm (100pcs),TERMURAH polymailer import TEBAL packing bag plastik online shop olshop amplop plastik poly mailer,806a4beaecc9501f3530ff68a95f1754.jpg,ce2a33c312dc2a2b4b8389f839c785b0.jpg,True,False,False,False
2522,3818,0.5068646,0.7765503,0.6417074,Ready... Vitacimin vitamin c 500mg per strip,Vitamin C IPI 50mg 45 Tablet [READY STOCK],807376932b2b7359d7358e322f963184.jpg,bffcbfc5c94c38952de0c4c091114b3a.jpg,True,False,False,True
2525,2595,0.62541074,0.6334361,0.6294234,Kabel Data Charger Game L Type Micro,TYPE C ! Kabel Data Original 100% Xiaomi USB TYPE-C Cable Data Charger,8078f44b140cd42d48f29c362974bab9.jpg,8405fe433b45fb80cbaafe71cf433836.jpg,True,False,False,False
2543,3256,0.49556386,0.79891586,0.64723986,Botol spray semprotan 500 ml,Alat Semprotan Disinfektan 2 Liter Hand Sprayer tanaman spray,8181fec21c0ae5bd0ccd89fa3f03f357.jpg,a59d11e7ff29bb13225c3fdc555cda0e.jpg,True,False,False,True
2545,2694,0.4780256,0.7326753,0.60535043,Pompa Angin Ban Sepeda Motor Mobil Bola TABUNG,Pompa Angin Injak Kaki Darurat Portable Foot Pump Ban Motor Mobil,81a676b20fce8c1e0c90b991e4e77418.jpg,89fc882dfc04ed587ee1d92af3cf58b5.jpg,False,False,False,False
2545,4832,0.49589956,0.7185899,0.60724473,Pompa Angin Ban Sepeda Motor Mobil Bola TABUNG,Pompa Injak Satu Tabung Darurat Emergency Foot Pump Single Ban Mobil Sepeda Motor Wheel,81a676b20fce8c1e0c90b991e4e77418.jpg,f316ec00490f1f433fe1074a891791bd.jpg,True,False,False,False
2551,2912,0.5302639,0.79612935,0.6631966,Hanasui serum pemutih wajah whitening gold bpom,SERUM Hanasui Gold Original BPOM Jaya Mandiri,82052879698c4cbde839623a5df3bb6a.jpg,952979add357dfee4cb451b0c3e8170a.jpg,True,False,False,False
2565,3405,0.6951433,0.8425006,0.76882195,Safi White Expert Cleanser 2in1 Cleanser & Toner 150ml,Safi White Expert Oil Control & Acne Facial Cleanser & Toner 2In1 2 IN 1 150ML - Anti Acne Cream 15g,829bb176ae50ae04e94f7720b0789ffa.jpg,acadaa9d04a0bb8c8a47abb004097b8e.jpg,True,True,False,True
2570,2934,0.504426,0.746689,0.62555754,IKAT RAMBUT KUALITAS BAGUS TIDAK MELAR,Ikat rambut,82cdc152172a00a2080b9b503df64db5.jpg,96099c80244a01885216e3d39faaa39e.jpg,True,False,True,False
2571,2934,0.4872164,0.746689,0.6169527,[MURAH] IKAT RAMBUT KUALITAS BAGUS TIDAK MELAR,Ikat rambut,82cdc152172a00a2080b9b503df64db5.jpg,96099c80244a01885216e3d39faaa39e.jpg,True,False,True,False
2577,2710,0.5403718,0.7029835,0.62167764,Set Pisau Dapur Full Set Talenan Dan Gunting Harga Termurah Import Pisau Dapur Anti Karat Bestseller,PISAU DAPUR / PISAU KECIL MURAH,833e734f814d8c92cc4bcfe001c22086.jpg,8a9ba52a14b0927c61b811e679877189.jpg,True,False,False,False
2580,3561,0.62996733,0.6989234,0.6644454,Healthy Choice Beras Merah Organik 1 kg,Healthy Choice Beras Rojo Gebyok 1 Kg,83596f3e491cf55194e71a4ba7db792d.jpg,b3aa860db6c5272659208c91f09f5f6d.jpg,True,False,False,False
2581,3947,0.5574189,0.6816964,0.6195576,Garnier Hand Cleansing Gel 125ml,Garnier Micellar Cleansing Water 50 ML,8367e6b217ebb85ef18ce281d395e8e6.jpg,c681aa21dfa27ce0d11fbc99c4c1afa5.jpg,True,False,False,True
2581,5029,0.5241207,0.6900145,0.6070676,Garnier Hand Cleansing Gel 125ml,Garnier Micellar Cleansing Water Pink 50ml,8367e6b217ebb85ef18ce281d395e8e6.jpg,fbf7eb316f57bbe93a028445b6fb2d37.jpg,True,False,False,True
2590,2885,0.8118222,0.5636959,0.68775904,MASKER POLOS KAIN SCUBA MURAH / MASKER KOREA SCUBA / MASKER KAIN,masker scuba,83c95211f0d81b268539817f29505350.jpg,93a72d35c9cca0a0f29d04c302469463.jpg,True,False,True,False
2590,3289,0.7262845,0.50225747,0.614271,MASKER POLOS KAIN SCUBA MURAH / MASKER KOREA SCUBA / MASKER KAIN,MASKER SCUBA / MASKER KAIN / MASKER BISA DICUCI,83c95211f0d81b268539817f29505350.jpg,a7364426079c2ae527d646850270d9ca.jpg,True,False,False,False
2590,4614,0.8297209,0.52161396,0.6756674,MASKER POLOS KAIN SCUBA MURAH / MASKER KOREA SCUBA / MASKER KAIN,MASKER SCUBA / MASKER KAIN SCUBA / MASKER SCUBA KOREA / EARLOOP MASK / MASKER SCUBA PREMIUM / MASKER,83c95211f0d81b268539817f29505350.jpg,e7e7e0a033a33c09001fc313af07ffec.jpg,True,False,False,False
2591,3715,0.58498687,0.6481399,0.6165634,(BISA COD)HELM RETRO BOGO DEWASA MURAH FULL KULIT MOTIF PLUS KACA CEMBUNG,[COD]Helm retro kacamata bogo ori dewasa all size,83da28acdc7f24cbbd9c4aba29cf9a6e.jpg,ba7122627cf1fd97a3ef1b7c43059395.jpg,True,False,False,False
2596,3547,0.37172514,0.8447501,0.6082376,HW JEANS SNOW / HW SNOW / JEANS,Theola Jeans,841b3ee4cb83c7d4ed3f772b35e27b7e.jpg,b2cbc84aa2df4b79162fe11d21090af3.jpg,False,True,True,False
2598,3538,0.4662083,0.9423089,0.7042586,Cutlery Set Sendok Garpu Sumpit Alat Makan Korean Style Travel,Set Alat Makan Portable Bahan Jerami Praktis Ramah Lingkungan Wheat Straw Set Sendok Garpu Sumpit,84268129a386f8cc24e27d144b1722b6.jpg,b253eac3dbeb8aea1ebcb5f7d6c741d3.jpg,False,True,False,False
2598,4425,0.4424511,0.7836232,0.61303717,Cutlery Set Sendok Garpu Sumpit Alat Makan Korean Style Travel,\xef\xbc\x88 27AN.ID ) COD Set Sendok Garpu Sumpit+Box H148 Bahan Jerami Plasti Paket Sendok Travel Wheat Straw,84268129a386f8cc24e27d144b1722b6.jpg,de3c33f870715c633f85d6377c4271a6.jpg,False,False,False,False
2599,3538,0.6392994,0.9423089,0.79080415,SET ALAT MAKAN BAHAN JERAMI - SET SENDOK GARPU SUMPIT TRAVEL F338,Set Alat Makan Portable Bahan Jerami Praktis Ramah Lingkungan Wheat Straw Set Sendok Garpu Sumpit,84268129a386f8cc24e27d144b1722b6.jpg,b253eac3dbeb8aea1ebcb5f7d6c741d3.jpg,True,True,False,False
2599,4425,0.5927891,0.7836232,0.6882062,SET ALAT MAKAN BAHAN JERAMI - SET SENDOK GARPU SUMPIT TRAVEL F338,\xef\xbc\x88 27AN.ID ) COD Set Sendok Garpu Sumpit+Box H148 Bahan Jerami Plasti Paket Sendok Travel Wheat Straw,84268129a386f8cc24e27d144b1722b6.jpg,de3c33f870715c633f85d6377c4271a6.jpg,True,False,False,True
2600,3538,0.5597768,0.9423089,0.75104284,Set Alat Makan Sendok Sumpit Garpu Makan Set Korean style,Set Alat Makan Portable Bahan Jerami Praktis Ramah Lingkungan Wheat Straw Set Sendok Garpu Sumpit,84268129a386f8cc24e27d144b1722b6.jpg,b253eac3dbeb8aea1ebcb5f7d6c741d3.jpg,True,True,False,False
2613,3435,0.61234474,0.6983267,0.6553357,Electronic Mini Kitchen Scale / Timbangan Dapur Digital SF 400 / Dus Orange,Free Baterai Timbangan Kue Digital 10kg Timbangan Dapur Timbangan Digital Kitchen Scale,84a9d3713e7007c2c90e1fa481b201db.jpg,ad6e02ecdd99ea30c1dd7f2d6eae4770.jpg,True,False,False,True
2613,3986,0.5270656,0.71656835,0.621817,Electronic Mini Kitchen Scale / Timbangan Dapur Digital SF 400 / Dus Orange,LP TIMBANGAN DIGITAL MANGKOK  Timbangan Kue Digital Electronic 5 kg B05,84a9d3713e7007c2c90e1fa481b201db.jpg,c899c2305d11e5be5be1723e0c96dd55.jpg,True,False,False,True
2614,3435,0.71829426,0.69832665,0.7083105,Timbangan Digital SF-400 Kitchen Scale 10 Kg,Free Baterai Timbangan Kue Digital 10kg Timbangan Dapur Timbangan Digital Kitchen Scale,84a9d3713e7007c2c90e1fa481b201db.jpg,ad6e02ecdd99ea30c1dd7f2d6eae4770.jpg,True,False,False,True
2626,3388,0.3868991,0.868027,0.62746304,Kabel Charger VIVAN CSM100 Data Cable Micro USB Android V8 100cm Kabel Casan Output 2.0A FULL,MICRO USB REALME KABEL DATA MICRO USB ORIGINAL 2A,856852536d5c1455bceefc1e80f991e7.jpg,abf4fe22e641b77185c1061bc035272b.jpg,False,True,False,True
2630,2806,0.5520788,0.72601354,0.6390462,The Simplicity Brow Styler by You Makeups,THE SIMPLICITY Flush Blush By You,85e74f51435a02252aa9bb626f1e4f6c.jpg,9043561c6cf3c195c48c6ec5980a83e9.jpg,True,False,False,False
2630,3265,0.7021243,0.5134556,0.60779,The Simplicity Brow Styler by You Makeups,The Simplicity Flush Blush by YOU Makeups,85e74f51435a02252aa9bb626f1e4f6c.jpg,a5ee61706787669a838d9b4ccf2eebd9.jpg,True,False,False,False
2633,4830,0.5428041,0.6641053,0.6034547,[BISA COD] BELI 2 GRATIS 1 -  SABUN TZUKI SOAP - SABUN TZUKI PEMUTIH ORIGINAL,Sabun Tzuki Dijamin Asli Original 1000%,85fd4c010873ff981324eb84edb40dbf.jpg,f30b8cda0eda1e699ad3ad38e437cc8d.jpg,True,False,False,True
2649,3564,0.46898147,0.78246224,0.6257219,Lcd Touchscreen Vivo Y53,LCD OPPO A59 / F1S / A1601 FULLSET TOUCHSCREEN,86b6a1ebf30b5eedc9008f3bfbee80fc.jpg,b3c84a770ba017fa4585fbb0d6f9a669.jpg,False,False,False,True
2655,4163,0.50148875,0.7296468,0.6155678,KAOS ANAK KARAKTER CEWEK COWOK 3POINT,Kaos Anak Laki-Laki Karakter Spongebob Size 1-10 Tahun || Kaos Anak Cowok Karakter Termurah,871cd796cfe1c49bc2b0c3eeeb1c0421.jpg,d1643c48cef8d133cab8df7e0d5e3477.jpg,True,False,False,True
2676,3391,0.6122129,0.6398087,0.6260108,CELANA PANJANG TRAINING TERMURAH,Celana Training Panjang Olahraga Unisex Pria Dan Wanita Branded Grosir Termurah,88ad3999d03b52e1ff938b8b58a4b472.jpg,ac244bd338d392c5130e7e9ef8a3f519.jpg,True,False,False,False
2688,4176,0.5999185,0.6315005,0.6157095,TERLARIS Celana Pria Panjang Pangsi Sirwal Komprang,Celana Panjang Sirwal Cargo Pangsi Pria cingkrang laa isbal STD,895d39457e57a83826a77f142c7b2dd4.jpg,d1c59d0f458c7c6da80f43f576214d86.jpg,True,False,False,False
2690,2784,0.39666203,0.8056092,0.6011356,(REFILL) Wardah Instaperfect Matte Fit Powder Foundation,WARDAH REFILL LIGHTENING BB cake powder 11g,898ad104b0bbd2a7cb289c08bdec7608.jpg,8f61e7aac301a743512b5e33e6761b24.jpg,False,False,False,False
2696,3390,0.62936914,0.7160579,0.6727135,LoveFashion Kuas Make up Kosmetik Rias isi 20 Pcs Brush Make UP 20 Set In 1 Set Paket Kuas Makeup,Kuas Rias Make Up 12 Pcs Kuas Make Up Foundation Brush Free Tabung Love Brush Set Tube,8a006a95da09dcb196c3de7d3be87678.jpg,ac1a23ac619f9d535184dff8b2069279.jpg,True,False,False,True
2696,3922,0.54706633,0.6795291,0.6132977,LoveFashion Kuas Make up Kosmetik Rias isi 20 Pcs Brush Make UP 20 Set In 1 Set Paket Kuas Makeup,JBS  Brush Set Tube Kuas Rias Make Up 12 Pcs Kuas Make Up Foundation Brush Free Tabung Glitter K327,8a006a95da09dcb196c3de7d3be87678.jpg,c553527a7754ca9de945128d06a62a0f.jpg,True,False,False,True
2696,4030,0.57946867,0.72522044,0.6523446,LoveFashion Kuas Make up Kosmetik Rias isi 20 Pcs Brush Make UP 20 Set In 1 Set Paket Kuas Makeup,NEW..!! KUAS TABUNG MAKE UP ISI 12PCS / BRUSH MAKEUP,8a006a95da09dcb196c3de7d3be87678.jpg,cb33371381392f0caab53b7b7f38de80.jpg,True,False,False,True
2701,3609,0.50223285,0.698558,0.60039544,Tsuki Soap - Sabun Tzuki Original - promo Beli 2 gratis 1,PROMO !!! BELI 2 GRATIS 1 Sabun KlinSkin Sabun Pemutih Alami Original Sudah BPOM,8a2c0d61a3f5f2d9e9df5644c0170ab7.jpg,b6781b1003813cee5de6bbe487859381.jpg,True,False,False,False
2706,4648,0.5014071,0.78450143,0.64295423,DISPENSER ODOL BARU TERMURAH !!,Dispenser Odol Pasta Gigi & Tempat Sikat Gigi,8a5f92d3d158ef5c045f751aa451f778.jpg,e9a64d429390dfeffe102fb02b33b294.jpg,True,False,False,False
2706,4903,0.81182796,0.7987757,0.8053018,DISPENSER ODOL BARU TERMURAH !!,DISPENSER ODOL / DISPENSER PASTA GIGI TERMURAH!,8a5f92d3d158ef5c045f751aa451f778.jpg,f5be3aac36d4644423fbdfc250f28c1a.jpg,True,False,False,False
2716,3424,0.595022,0.67859614,0.6368091,GF : MECCA SYARI size S M L XL matt MOSCREPE HQ fashion muslim GAMIS TERBARU,Gamis Syari Remaja Terbaru Avita Dress Moscrepe Fashion Muslim Murah,8ac7bf691ccc73b8af008b86a8995154.jpg,ad2a6d03aa123a5e6522274712ce0289.jpg,True,False,False,False
2723,3667,0.64266783,0.9230384,0.7828531,Adem Sari Ching Ku Lemon Botol 350 ml,Adem Sari Ching Ku 320 ml,8b397d745f5475f26b290275beff8827.jpg,b92c1089af694d872ba6ede5a9a027fa.jpg,True,True,False,True
2725,2839,0.501383,0.80736685,0.65437496,Nutrilon Royal 4 Vanila Susu Pertumbuhan Bubuk 800 gr,Enfagrow A+ 4 Vanila 900 gr - Susu Formula Pertumbuhan Anak,8b8878d3dd6db9e3ef0aba9f80bd1e05.jpg,916ef5dc4a513daeb908727e311d7b61.jpg,True,False,False,True
2725,5119,0.53525394,0.70231295,0.6187835,Nutrilon Royal 4 Vanila Susu Pertumbuhan Bubuk 800 gr,Bebelac 4 Vanila Susu Bubuk 800 gr,8b8878d3dd6db9e3ef0aba9f80bd1e05.jpg,ffd6946ca482bf8ddcc2171997c395e8.jpg,True,False,False,False
2730,4520,0.62557304,0.5833556,0.6044643,Parutan sayur buah serbaguna,Parutan Serbaguna Drain Basket Pemotong Sayuran,8bbd2cdd200b10258929221453ff4f89.jpg,e2b3d596c63e9b76b8072858a96768a2.jpg,True,False,False,False
2740,4784,0.5975386,0.6555218,0.6265302,Jaket parka BGSR SUEDE pria premium / Jaket parka jumbo (tersedia ukuran jumbo),JAKET SEMI PARKA - JAKET PRIA,8c7c372eab77b84d21eb6023576fe445.jpg,f11fa34ae4e35a5d212f104059747093.jpg,True,False,False,False
2751,4418,0.407291,0.84218764,0.6247393,Sakura Koi Coloring Brush Pen Set 6 - Pastel Color / Brush Pen,Joyko Color Pastel Gel Pen GPC-299 Premium Color Set 10,8d59dd053c6b4bf7991b7a660c023ad0.jpg,dde60d1e9ac344cfdba4c46d3f13c91f.jpg,False,True,False,True
2763,3117,0.5619334,0.75990427,0.66091883,Buna Overall,OVERALL LONG JEANS / LONG OVERALL JEANS WANITA / MOZY OVERALL,8e530ae743cc9d80c1f92e7cc002ce6c.jpg,9ec1203b4149b18375eb7563eb068c40.jpg,True,False,True,False
2763,3314,0.60389626,0.6863167,0.6451065,Buna Overall,"b""Deccy Overall '""",8e530ae743cc9d80c1f92e7cc002ce6c.jpg,a89597a8c7147c214aed97ab8c1de4c1.jpg,True,False,True,False
2783,2831,0.42402235,0.837175,0.63059866,1 Set Tempered Glass Pelindung Layar Depan+Belakang dan Lensa Kamera iPhone 11 Pro Max XS XR X 7+,PAKET 2 IN 1 Tempered Glass Layar dan Kamera FOR SAMSUNG GALAXY M30S,8f5227ff3eaa40fee0107a4e8c11e294.jpg,91102f32c1abf26bef82fd9ea989512d.jpg,False,False,False,True
2783,5078,0.45661104,0.80369186,0.63015145,1 Set Tempered Glass Pelindung Layar Depan+Belakang dan Lensa Kamera iPhone 11 Pro Max XS XR X 7+,PAKET 2 IN 1 Tempered Glass Layar dan Kamera XIAOMI REDMI NOTE 8 PRO,8f5227ff3eaa40fee0107a4e8c11e294.jpg,fdc76efc7f3f106a6fab1260ebae54fa.jpg,False,False,False,True
2801,3703,0.6174801,0.6699102,0.6436951,SOFTCASE CANDY MACARON SAMSUNG OPPO VIVO IPHONE XIAOMI REALME ALL TYPE,SOFTCASE BONEKA TIMBUL DISNEY SAMSUNG XIAOMI OPPO VIVO REALME,9021f71fde97e52e39c14c725065d818.jpg,ba4d251e13aa4196971a4b6fca4955d9.jpg,True,False,False,False
2825,4479,0.62059605,0.772326,0.696461,KAOS KAKI BALET INVISIBLE KUALITAS IMPORT,Kaos Kaki Invisible Warna Warni,90e40006dc284c8f6ddd28d13398bf1d.jpg,e0e5f660fa462d226c5cc12259e81e55.jpg,True,False,False,False
2829,4292,0.45945224,0.7623217,0.610887,Kikkoman Soy Sauce Halal 150ml Shoyu Kecap Asin khas Jepang HALAL,KIKKOMAN Hoisin Sauce Botol 300g Halal | Saus Hoisin,90fdb5c3a4fcdd9912f1a13f81b44c22.jpg,d7b9db90a9e11a50dde38859ea50651a.jpg,False,False,False,True
2829,4499,0.52614516,0.9242818,0.72521347,Kikkoman Soy Sauce Halal 150ml Shoyu Kecap Asin khas Jepang HALAL,Kikkoman Hoisin Sauce HALAL Botol 300 Gr,90fdb5c3a4fcdd9912f1a13f81b44c22.jpg,e22a256f3b3cafe1035050439014dfea.jpg,True,True,False,True
2846,4333,0.56585526,0.6856633,0.62575924,DASTER ARAB MURAH ZEERA TERRY / BUSUI RESLETING DEPAN / RAYON SUPER GRADE A 8 m9,Daster Arab SakeeNa Jumbo Busui Resleting Rayon Renda Arabian,91cc6fa5a64c0200d3453d5ae7d8f60e.jpg,da0cc81a2381bd55c70eb88f8e11f765.jpg,True,False,False,False
2851,4333,0.60036397,0.714106,0.657235,DASTER ARAB MURAH ZEERA TERRY / BUSUI RESLETING DEPAN / RAYON SUPER,Daster Arab SakeeNa Jumbo Busui Resleting Rayon Renda Arabian,91dde82867d866c79e14c0f55bf2c08b.jpg,da0cc81a2381bd55c70eb88f8e11f765.jpg,True,False,False,False
2851,4539,0.71791816,0.5246701,0.62129414,DASTER ARAB MURAH ZEERA TERRY / BUSUI RESLETING DEPAN / RAYON SUPER,DASTER ARAB ELMYRA | RESLETING BUSUI | RAYON SUPER ORI,91dde82867d866c79e14c0f55bf2c08b.jpg,e3a902cafc76b635bf08d844c39530c7.jpg,True,False,False,False
2860,3085,0.44726196,0.78314674,0.61520433,(PROMO) FH04 / Ganesha Tunik / Moscrepe / Tunik / Atasan Muslim Wanita,lOVELY Tunik Tunikmurah Atasanwanita Atasantunik Bajutunik grosironlinemurah Atasan / tunik wanita,927b11e65e92040aae2526f1f1147c9f.jpg,9d600b7ef65943307351b7a1c529e4a0.jpg,False,False,False,False
2860,3318,0.49805087,0.7085662,0.60330856,(PROMO) FH04 / Ganesha Tunik / Moscrepe / Tunik / Atasan Muslim Wanita,SALLY TUNIK / atasan wanita,927b11e65e92040aae2526f1f1147c9f.jpg,a8b153f540ee4fbcc484a5d16deb4dab.jpg,True,False,False,False
2860,4935,0.50208706,0.7578517,0.62996936,(PROMO) FH04 / Ganesha Tunik / Moscrepe / Tunik / Atasan Muslim Wanita,Delilah Tunik // Tunik Polos Wanita Muslim,927b11e65e92040aae2526f1f1147c9f.jpg,f6f428fba6e63f97a8c82286c4639891.jpg,True,False,False,False
2863,4854,0.6099693,0.59086144,0.60041535,SELAI NASTAR DONNY 500gr,SELAI NANAS REPPACK 500GRAM/ISIAN NASTAR/SELAI NASTAR THE NINE,92a6509a5c4f728636f66738cc237c75.jpg,f3daed22cc41ffedfcb86f79c853de2e.jpg,True,False,False,False
2866,3328,0.55665517,0.71285605,0.6347556,Celana Dalam Pria Riccry,[Paling murah] Celana dalam pria / boxer pria,92e8d693c57d844f98552467455d3521.jpg,a931d807c644016ec4afc89338262d47.jpg,True,False,False,False
2866,4204,0.5781866,0.64861053,0.61339855,Celana Dalam Pria Riccry,Celana Dalam Pria ZB Man | Celana dalam pria zbman | ZB Man murah,92e8d693c57d844f98552467455d3521.jpg,d303cbfab000b27a968228ef67539835.jpg,True,False,False,False
2866,4806,0.5611037,0.693918,0.62751085,Celana Dalam Pria Riccry,CD ZB MAN | Celana dalam pria dewasa karet Boxer CD pria | Celana dalam pria Murah,92e8d693c57d844f98552467455d3521.jpg,f1d302968739d6bb2bcc1cb5b9789789.jpg,True,False,False,False
2873,5073,0.45468113,0.77077067,0.6127259,Bisa COD \xe2\x98\x85 Cayman \xe2\x98\x85 Jam Tangan Jelly Angka Wanita Pria Rubber Transparan Transparant Arloji QQ001,Jam Tangan QnQ Wanita Pria Q&Q Jely Rubber TRANSPARAN,9354b7f95516735ae2eeff31ef29f9b7.jpg,fda40a7e77faa03a1a2bc79679e2c909.jpg,False,False,False,False
2885,3049,0.48595122,0.75403655,0.61999387,masker scuba,ORIGINAL Masker Wajah Bahan Scuba Anti Polusi Bisa Dicuci 1 Pcs,93a72d35c9cca0a0f29d04c302469463.jpg,9b76d5a345fab3c962b6584c91fd41ec.jpg,True,False,True,False
2885,3289,0.73643476,0.78598684,0.7612108,masker scuba,MASKER SCUBA / MASKER KAIN / MASKER BISA DICUCI,93a72d35c9cca0a0f29d04c302469463.jpg,a7364426079c2ae527d646850270d9ca.jpg,True,False,True,False
2885,3593,0.7263626,0.62401307,0.6751878,masker scuba,TERMURAH!!! MASKER SCUBA POLOS / MASKER SCUBA KOREA POLOS / MASKER POLOS  / MASKER WAJAH MURAH,93a72d35c9cca0a0f29d04c302469463.jpg,b54f69d3a8635ee67212f9a527ea226f.jpg,True,False,True,False
2885,3753,0.63471794,0.67856807,0.65664303,masker scuba,SCUBA MASKER KAIN MH - NON MEDIS,93a72d35c9cca0a0f29d04c302469463.jpg,bbdeb419b52f24a545f2c9c203d91ee0.jpg,True,False,True,False
2885,3776,0.79310274,0.7828164,0.7879596,masker scuba,"b""D'Mask Scuba""",93a72d35c9cca0a0f29d04c302469463.jpg,bd9d28c9e5c3ede6e53e39d3e6703aaf.jpg,True,False,True,False
2885,3777,0.59125876,0.7828164,0.6870376,masker scuba,masker scuba HARGA LOCKDOWN/PSBB,93a72d35c9cca0a0f29d04c302469463.jpg,bd9d28c9e5c3ede6e53e39d3e6703aaf.jpg,True,False,True,False
2885,4120,0.5664157,0.7759018,0.6711588,masker scuba,MFcollection - Masker Kain Polos Bahan Scuba / Masker Fashion / Masker Kartun Karakter,93a72d35c9cca0a0f29d04c302469463.jpg,cf49fda52c1a345a3ea3ec1a6537d439.jpg,True,False,True,False
2885,4614,0.85984623,0.6625906,0.7612184,masker scuba,MASKER SCUBA / MASKER KAIN SCUBA / MASKER SCUBA KOREA / EARLOOP MASK / MASKER SCUBA PREMIUM / MASKER,93a72d35c9cca0a0f29d04c302469463.jpg,e7e7e0a033a33c09001fc313af07ffec.jpg,True,False,True,False
2885,5017,0.48393053,0.78644985,0.6351902,masker scuba,littlekiddoss MASK2004 Masker Scuba Dewasa Masker Korea Kain Laser Cut Masker Anti Debu Corona,93a72d35c9cca0a0f29d04c302469463.jpg,fb705c20a33398c33a14eeae37387ec7.jpg,True,False,True,False
2897,4056,0.46917868,0.81223506,0.6407069,Kaos Kaki 3 warna Ankle Kaos kaki Cute Kaos Kaki Aneka Motif semata kaki,[5 SET] Kaos Kaki Bayi Kaos Kaki Anak 012 Bulan BIRU MUDA H8L1 BabyCute,94416fc9fdc43af1a35fdae411c62491.jpg,cc5baca87f8e4720591c3584b28039af.jpg,False,False,False,True
2897,4479,0.45601693,0.8705913,0.6633041,Kaos Kaki 3 warna Ankle Kaos kaki Cute Kaos Kaki Aneka Motif semata kaki,Kaos Kaki Invisible Warna Warni,94416fc9fdc43af1a35fdae411c62491.jpg,e0e5f660fa462d226c5cc12259e81e55.jpg,False,True,False,False
2897,4578,0.499967,0.7501186,0.6250428,Kaos Kaki 3 warna Ankle Kaos kaki Cute Kaos Kaki Aneka Motif semata kaki,"KAOS KAKI BAYI, KAOS KAKI BULU ANAK, KAOS KAKI BINATANG, BABY SOCKS, KAOS BULU",94416fc9fdc43af1a35fdae411c62491.jpg,e5d24b26fcf034e9f6f7a92d043ff6f0.jpg,True,False,False,False
2906,3376,0.43509176,0.7926136,0.6138527,B8993 BQ1631 LT1185 PROMO TAS TANGAN SELEMPANG FASHION IMPORT WANITA GROSIR HAND SLING BAG BATAM,Tas Selempang Wanita Fashion,948c49d473b5269a4492c617c808bc51.jpg,ab7847ad639ceca26257e0566b99aba8.jpg,False,False,False,False
2912,3449,0.6418019,0.66211617,0.65195906,SERUM Hanasui Gold Original BPOM Jaya Mandiri,[BPOM] Hanasui Serum Gold Whitening 100% Original Termurah,952979add357dfee4cb451b0c3e8170a.jpg,ae2da533d75381b416a3b8f6d581d5f3.jpg,True,False,False,False
2912,3536,0.8049471,0.7592147,0.7820809,SERUM Hanasui Gold Original BPOM Jaya Mandiri,SERUM WHITENING GOLD HANASUI / SERGOLD / JAYA MANDIRI / SERUM WAJAH ORIGINAL,952979add357dfee4cb451b0c3e8170a.jpg,b23fa607c9c3947b0f0b93df9b50286b.jpg,True,False,False,False
2913,2985,0.549133,0.69358516,0.6213591,JS_Tas Selempang GNEI/Tas Selempang Termurah/Tas Selempang Cewek/Tas Selempang Elmo,Tas PRILY - Tas Selempang Wanita,952b466c02191657fece5b6c66a46a3f.jpg,984eba18a3ac92c8669c0d727e238a89.jpg,True,False,False,False
2913,3261,0.555361,0.68852776,0.62194437,JS_Tas Selempang GNEI/Tas Selempang Termurah/Tas Selempang Cewek/Tas Selempang Elmo,[BISA COD]TERMURAH!!! TAS PRILY - Tas Selempang Wanita,952b466c02191657fece5b6c66a46a3f.jpg,a5aaf60a866e95b13b2acf489120288f.jpg,True,False,False,False
2913,3376,0.53956926,0.69900966,0.61928946,JS_Tas Selempang GNEI/Tas Selempang Termurah/Tas Selempang Cewek/Tas Selempang Elmo,Tas Selempang Wanita Fashion,952b466c02191657fece5b6c66a46a3f.jpg,ab7847ad639ceca26257e0566b99aba8.jpg,True,False,False,False
2913,5008,0.43244016,0.78209966,0.6072699,JS_Tas Selempang GNEI/Tas Selempang Termurah/Tas Selempang Cewek/Tas Selempang Elmo,Tas Selempang Wanita Gantungan Motif  Rusa,952b466c02191657fece5b6c66a46a3f.jpg,fb290f8ee6bddd03f764e36f0c57d0d3.jpg,False,False,False,False
2919,4436,0.7594067,0.7756921,0.7675494,EBOOK 4 BAHASA & 3 BAHASA - MAINAN EDUKASI EDUKATIF BUKU PINTAR E BOOK MUSLIM B27C,E BOOK 3 BAHASA - MAINAN EDUKASI EDUKATIF ANAK,95787b165887d00c336e8f3f0ebdc94f.jpg,dea6282ee4f39b9f611e585fb0695bc6.jpg,True,False,False,True
2930,4807,0.3854648,0.8468962,0.6161805,Plextone G20 Gaming Earphone Sport Earphone Headset Magnetic Original,Earphone Robot Asli RE701/Headset Robot/Headset Premium,95eb770da42f2d9d89c374093a5b49ef.jpg,f1f2ccd66edb007427bd1e7284be196f.jpg,False,True,False,True
2930,4873,0.43397874,0.7940882,0.61403346,Plextone G20 Gaming Earphone Sport Earphone Headset Magnetic Original,P47 Headphone Wireless Portable Bluetooth Headset Bass Handsfree Earphone Earpods Audio Music Gaming,95eb770da42f2d9d89c374093a5b49ef.jpg,f47e5cbd02615de818987d214c05460e.jpg,False,False,False,True
2934,4692,0.5268964,0.7776228,0.6522596,Ikat rambut,50Pcs Ikat Rambut Elastis untuk Wanita,96099c80244a01885216e3d39faaa39e.jpg,ebf8ab5430ab43bfd322a67e99041d79.jpg,True,False,True,False
2934,4781,0.52155817,0.6906797,0.6061189,Ikat rambut,Ikat Rambut Elastis dengan Lampu untuk Wanita,96099c80244a01885216e3d39faaa39e.jpg,f10bb5bbf19afc01fe79fc666b39f092.jpg,True,False,True,False
2935,3161,0.5884444,0.7853217,0.6868831,Casing Full Cover Bahan Silikon untuk iPhone 6/7/8 Plus/XS/XR/XS Max/11pro max/11/12 pro/12 mini/12 pro max,3D Flowery Soft Silicone Case Casing Silikon iPhone 6 6S 7 8 Plus X XR XS 11 Pro Max SE 2 2020,960d1138fa261a34e030db16df6aaaaf.jpg,a06f9c88c672588b8f348ce52e3163a3.jpg,True,False,False,True
2935,3888,0.6489414,0.8677639,0.75835264,Casing Full Cover Bahan Silikon untuk iPhone 6/7/8 Plus/XS/XR/XS Max/11pro max/11/12 pro/12 mini/12 pro max,Premium Leather Case FULL Iphone 7+ 8Plus X xs xs max xr 11 pro 11 pro max iphone 11,960d1138fa261a34e030db16df6aaaaf.jpg,c370277eb522526224c5a0520ec188b8.jpg,True,True,False,True
2935,3980,0.5168441,0.84258837,0.6797162,Casing Full Cover Bahan Silikon untuk iPhone 6/7/8 Plus/XS/XR/XS Max/11pro max/11/12 pro/12 mini/12 pro max,Iphone X / XS / XR /XS Max / 6 / 7 / 8 Plus Iphone 11 Leather Case Silicone Case Leather Premium,960d1138fa261a34e030db16df6aaaaf.jpg,c81bbe0172f18b9a36c3d81268fc99eb.jpg,True,True,False,True
2938,3536,0.7188992,0.6250228,0.671961,SERUM GOLD HANASUI JAYA MANDIRI BPOM ASLI ORIGINAL CV JAYA MANDIRI,SERUM WHITENING GOLD HANASUI / SERGOLD / JAYA MANDIRI / SERUM WAJAH ORIGINAL,962fd3b1f9aefc6b46c7b518c2a90e09.jpg,b23fa607c9c3947b0f0b93df9b50286b.jpg,True,False,False,False
2957,3877,0.45808837,0.757674,0.6078812,Selai Nanas Nastar ASLI MERK ROYAL @500 GRAM STOK BARU,Selai Nanas Strawberry PINACO DONNY ROYAL EDNA 500gr Untuk Isian Nastar Roti,96d19e43314cbaa48d367ddb45ac377c.jpg,c2df82ddc16ed2392276691e7fb71445.jpg,False,False,False,False
2966,3351,0.48367593,0.76556015,0.62461805,Original Boya BY-M1 Lavalier Clip On Mic for Camcorders Mirrorless DSLR PC Smartphone,Clip-On Lavalier 3.5mm untuk Smartphone / PC / Laptop,9766557f172482efb43ab589c9a867fb.jpg,aa75f444654fe5ca62d25c2829a8b48e.jpg,True,False,False,True
2972,3494,0.4849422,0.74784493,0.61639357,OMILAND BANTAL MENYUSUI ANIMAL  2019,SALE 11.11!!! Bantal Menyusui Panda Series Omiland OWB1141 TERMURAH,97c06ab347c9620543710ed21efff621.jpg,b072c44e36e2f94afb313312f0ef868f.jpg,True,False,False,True
2972,4855,0.5482659,0.74471676,0.6464913,OMILAND BANTAL MENYUSUI ANIMAL  2019,Bantal Menyusui Panda Series Omiland OWB1141,97c06ab347c9620543710ed21efff621.jpg,f3e37a63b3595ec422027926fe7270a7.jpg,True,False,False,True
2973,4073,0.41947788,0.8081503,0.6138141,FLIPFLOP TALI BELLA - Sendal Bella Tali,"SGC 53 FLIPFLOP SANDALS MUTE,",97d5886f96c9209ebed223d0f995a68d.jpg,cd4bb44e0dfc394c8cef8dfa2fe1de72.jpg,False,False,False,False
2985,3376,0.6625586,0.70835006,0.68545437,Tas PRILY - Tas Selempang Wanita,Tas Selempang Wanita Fashion,984eba18a3ac92c8669c0d727e238a89.jpg,ab7847ad639ceca26257e0566b99aba8.jpg,True,False,False,False
2985,4263,0.5577553,0.6573758,0.6075655,Tas PRILY - Tas Selempang Wanita,New!! Tas Selempang Wanita Fairly Mini,984eba18a3ac92c8669c0d727e238a89.jpg,d641ed9e3bda947e09fbc615fc3a5291.jpg,True,False,False,False
2985,4264,0.59603375,0.6573758,0.6267048,Tas PRILY - Tas Selempang Wanita,Tas Selempang Wanita Fairly Mini,984eba18a3ac92c8669c0d727e238a89.jpg,d641ed9e3bda947e09fbc615fc3a5291.jpg,True,False,False,False
2985,4265,0.59603375,0.6573758,0.6267048,Tas PRILY - Tas Selempang Wanita,Tas Wanita Selempang Fairly Mini,984eba18a3ac92c8669c0d727e238a89.jpg,d641ed9e3bda947e09fbc615fc3a5291.jpg,True,False,False,False
2985,5008,0.52442175,0.7517756,0.6380987,Tas PRILY - Tas Selempang Wanita,Tas Selempang Wanita Gantungan Motif  Rusa,984eba18a3ac92c8669c0d727e238a89.jpg,fb290f8ee6bddd03f764e36f0c57d0d3.jpg,True,False,False,False
2988,3414,0.38895372,0.8239708,0.60646224,Jilbab princess,JILBAB ANAK LIST POLKA,9874a064b81c6dee30b48c867fd2d3d2.jpg,ad055ae5dba5900593dbdd32a7634942.jpg,False,False,True,False
2989,2999,0.82171696,0.7946247,0.8081708,Benton Snail Bee High Content Essence 60ml,Benton Snail Bee High Content Essence Travel Size 15 ml,9874c8c5d924891c4e351cab179dd2df.jpg,9919a66a5195246d975eff59ea6f6c11.jpg,True,False,False,True
2999,3017,0.85966235,0.7743279,0.81699514,Benton Snail Bee High Content Essence Travel Size 15 ml,Benton Snail Bee High Content Essence,9919a66a5195246d975eff59ea6f6c11.jpg,99e19a768c3225bacd6f518c6f7aacc4.jpg,True,False,False,False
3002,3077,0.43016887,0.7732532,0.60171103,LB 662 - TAS DOCTOR HANDBAG WANITA TAS KONDANGAN WANITA TAS PESTA TAS BATAM TAS IMPORT MURAH 1212,ROWLING TAS IMPORT TAS FASHION TAS BATAM MURAH TAS WANITA RANSEL,9949c99b3ed2c1511be8a64ef71baded.jpg,9d2450f8e261fd2da69a873f548015fb.jpg,False,False,False,False
3025,4006,0.6436712,0.6204402,0.6320557,Babysafe Teether Gigitan Bayi Baby Safe,Mainan Gigitan Bayi / Teether Baby Toy,9a3654fcf2c4630a93b93afeb302bf94.jpg,c9b00f39e55843f743e3336cac46e60a.jpg,True,False,False,False
3025,4213,0.59470516,0.695363,0.6450341,Babysafe Teether Gigitan Bayi Baby Safe,Teether gigitan bayi buah,9a3654fcf2c4630a93b93afeb302bf94.jpg,d3987796d4ebab6882e1068deed3b11c.jpg,True,False,False,False
3033,4630,0.47876722,0.72413,0.6014486,Polos kuning tekstur salur 45 cm x 10 mtr ~ Wallpaper sticker dinding,WPS043 BLACK WOOD Wall paper wallpaper dinding sticker walpaper stiker dinding murah,9af724a6788781ce09cb53d68d6daa11.jpg,e8c988af70c63ac92fb26c7eac75d42e.jpg,False,False,False,True
3056,4611,0.5026357,0.7014566,0.60204613,Alat Cukur Rambut Kemei Km-3006 Full Aksesoris Cukuran Charge CLIPPER SHAVER TRIMMER,Alat Mesin Cukur Rambut Kemei KM-1990 Hair Clipper Cordless,9bdddf143002f73c0905ad3dc30afa14.jpg,e7d705a4b99a5600c05a7fe0dbdfaa8a.jpg,True,False,False,True
3059,3267,0.74085945,0.6540308,0.69744515,1Pc Karet Rambut Ponytail Elastis Bahan Satin Warna Polos untuk Wanita,50Pcs Karet Rambut Ponytail Elastis untuk Wanita,9c22b6664604bd7358c63421aa7f25b6.jpg,a60863d3014c9a7b800099569f97427a.jpg,True,False,False,True
3077,3376,0.49015576,0.73688066,0.61351824,ROWLING TAS IMPORT TAS FASHION TAS BATAM MURAH TAS WANITA RANSEL,Tas Selempang Wanita Fashion,9d2450f8e261fd2da69a873f548015fb.jpg,ab7847ad639ceca26257e0566b99aba8.jpg,True,False,False,False
3077,3446,0.461556,0.7677969,0.6146764,ROWLING TAS IMPORT TAS FASHION TAS BATAM MURAH TAS WANITA RANSEL,LB 582 - HANDBAG WANITA TAS IMPORT TAS KONDANGAN WANITA TAS DOCTOR TAS PESTA TAS BATAM TAS MURAH,9d2450f8e261fd2da69a873f548015fb.jpg,ae29c62e02d14054d7a4bb8563c22f2e.jpg,False,False,False,False
3077,5002,0.6179289,0.75416267,0.68604577,ROWLING TAS IMPORT TAS FASHION TAS BATAM MURAH TAS WANITA RANSEL,TAS RANSEL ANAK TAS RANSEL WANITA MURAH / TAS WANITA MURAH RANSEL,9d2450f8e261fd2da69a873f548015fb.jpg,fa8071dde0ab781c9232968498d13f87.jpg,True,False,False,False
3084,3596,0.551051,0.69103765,0.62104434,Mamy Poko Pants Royal Soft XL 30,Mamypoko royal soft l62/mamypoko extrasoft l62/mamypoko tape royalsoft l62/Mamypoko l62,9d52cd440df1d2dcb0917c248c371889.jpg,b5b4bfa685e73a1cbbed68b9985fbfb2.jpg,True,False,False,True
3085,3318,0.5952289,0.68967515,0.642452,lOVELY Tunik Tunikmurah Atasanwanita Atasantunik Bajutunik grosironlinemurah Atasan / tunik wanita,SALLY TUNIK / atasan wanita,9d600b7ef65943307351b7a1c529e4a0.jpg,a8b153f540ee4fbcc484a5d16deb4dab.jpg,True,False,False,False
3088,3980,0.47645646,0.77736664,0.6269115,Leather Apple Case,Iphone X / XS / XR /XS Max / 6 / 7 / 8 Plus Iphone 11 Leather Case Silicone Case Leather Premium,9d65521b13ee135f22fadf17b0a28e86.jpg,c81bbe0172f18b9a36c3d81268fc99eb.jpg,False,False,True,False
3095,4357,0.55645245,0.69889754,0.627675,PopSocket BTS BT21 Army KPOP Hp Karakter Kartun 3D Pop Socket Aksesoris Import Murah,Sticker BTS 3D Karakter BT21 Kpop Korea,9dd6842927a4db496d10fdd6b65eebe3.jpg,dadcac7472eec1a5ff56143ab3d6360a.jpg,True,False,False,False
3121,3351,0.6452686,0.64426386,0.6447662,Microphone with Clip 3.5mm for Smartphone Laptop Tablet PC,Clip-On Lavalier 3.5mm untuk Smartphone / PC / Laptop,9ef3fdb78947c99c9e56d09cf5196f70.jpg,aa75f444654fe5ca62d25c2829a8b48e.jpg,True,False,False,False
3121,3527,0.5624497,0.8097333,0.6860915,Microphone with Clip 3.5mm for Smartphone Laptop Tablet PC,3.5mm Microphone with clip on Mic Mik Mike HP PC iphone Mikrofon Klip,9ef3fdb78947c99c9e56d09cf5196f70.jpg,b1e737aab61f8014e0c1109ded6fce0b.jpg,True,False,False,False
3121,4504,0.80585426,0.81071824,0.80828625,Microphone with Clip 3.5mm for Smartphone Laptop Tablet PC,Clip On Mic Microphone 3.5mm For Smartphone / PC,9ef3fdb78947c99c9e56d09cf5196f70.jpg,e265c44f05699f90ec6d7da75f5306f0.jpg,True,False,False,False
3139,4879,0.58262867,0.7471998,0.66491425,[ORIGINAL] JELLYS PURE SOAP BPOM Asli Ori Sabun Jelly Jely Jelys Jelis Jeli Pemutih Whitening,Pure Face Soap by Jellys 100% original!!,9f8ae2d07af13572d7d64aa93fab1def.jpg,f49b92576aad13bb4c7068ca016775f1.jpg,True,False,False,False
3142,3364,0.79153216,0.62497306,0.7082526,Body Spa Exfoliating Gel With Collagen Coffee,HANASUI BODY SPA EXFOLIATING GEL WITH COLLAGEN 300ml,9fb5c2e77889b37ff0c2cf0e339b524a.jpg,aaffc7a90b92b51fbd256704f680f017.jpg,True,False,False,False
3142,5013,0.7639289,0.669358,0.71664345,Body Spa Exfoliating Gel With Collagen Coffee,[BPOM] HANASUI Body Spa Exfoliating Gel with Collagen 300ml,9fb5c2e77889b37ff0c2cf0e339b524a.jpg,fb45b52d159ecfbb0a5809bdddc2b81d.jpg,True,False,False,False
3158,4183,0.5277915,0.71539146,0.62159145,SANDAL MIKA TALI MS 04,Sandal teplek Mika Tali Samping,a062a53a9d14a886d4be8b5d0c689b38.jpg,d254839515ebf18bb27ad12d71a0e37a.jpg,True,False,False,False
3161,3888,0.532412,0.74166644,0.6370392,3D Flowery Soft Silicone Case Casing Silikon iPhone 6 6S 7 8 Plus X XR XS 11 Pro Max SE 2 2020,Premium Leather Case FULL Iphone 7+ 8Plus X xs xs max xr 11 pro 11 pro max iphone 11,a06f9c88c672588b8f348ce52e3163a3.jpg,c370277eb522526224c5a0520ec188b8.jpg,True,False,False,True
3161,3980,0.60546607,0.71623814,0.6608521,3D Flowery Soft Silicone Case Casing Silikon iPhone 6 6S 7 8 Plus X XR XS 11 Pro Max SE 2 2020,Iphone X / XS / XR /XS Max / 6 / 7 / 8 Plus Iphone 11 Leather Case Silicone Case Leather Premium,a06f9c88c672588b8f348ce52e3163a3.jpg,c81bbe0172f18b9a36c3d81268fc99eb.jpg,True,False,False,True
3161,4069,0.46887228,0.790163,0.6295176,3D Flowery Soft Silicone Case Casing Silikon iPhone 6 6S 7 8 Plus X XR XS 11 Pro Max SE 2 2020,Casing Full Cover Bahan Silikon untuk iPhone 6 / 6S / 6Plus / 6s Plus / 7 / 7Plus / 8 / 8plus,a06f9c88c672588b8f348ce52e3163a3.jpg,cceae8408d439fc51021e6660b85991e.jpg,False,False,False,True
3161,4797,0.56201327,0.7996487,0.68083096,3D Flowery Soft Silicone Case Casing Silikon iPhone 6 6S 7 8 Plus X XR XS 11 Pro Max SE 2 2020,Casing Full Cover Bahan Silikon untuk iPhone6/7/8 Plus/XS/XR/XS Max/11pro max/11/12 pro/12 mini/12 pro max,a06f9c88c672588b8f348ce52e3163a3.jpg,f191179dbf78be7c1c45c2d93aa7cd72.jpg,True,False,False,True
3166,4209,0.60452884,0.7800815,0.6923052,topi jepang masker doreng,TOPI JEPANG TOPI MASKER TOPI MANCING TOPI PROYEK TOPI KEBUN TOPI PETANI TOPI JEPANG MURAH,a0a163c8cdbc1ba550c44ad56c9c39cc.jpg,d32304f07d96dbcb3f26844c09fcaad9.jpg,True,False,False,False
3166,4287,0.5258206,0.73696053,0.6313906,topi jepang masker doreng,Topi Jepang Masker Samping I Topi Mancing I Topi berkebun I Topi Tani I Anti Panas,a0a163c8cdbc1ba550c44ad56c9c39cc.jpg,d7963cf43f515b77268c38fbaca8699b.jpg,True,False,False,False
3179,3762,0.44156393,0.81632847,0.6289462,JILBAB TOPI HITZ,Kerudung jilbab TOPI anak bayi bahan jersey,a144d3ca998ee17d0b0d5bea346726ea.jpg,bc65674c3a9227bbb6b1e75519442756.jpg,False,False,True,False
3179,3817,0.42839926,0.819886,0.62414265,JILBAB TOPI HITZ,(JILBAB ZILVEA) JILBAB KUPLUK ANAK ADA TOPI KUPLUK / KERUDUNG ANAK BALITA / ADA TOPI UNTUK BAYI,a144d3ca998ee17d0b0d5bea346726ea.jpg,bff20f0ff20c2bce2c6746699980cf94.jpg,False,False,True,False
3181,4648,0.49354944,0.74232787,0.61793864,DISPENSER ODOL VERSI BARU..,Dispenser Odol Pasta Gigi & Tempat Sikat Gigi,a150b4796865cdb160a0d8b744e346b9.jpg,e9a64d429390dfeffe102fb02b33b294.jpg,True,False,False,False
3181,4903,0.65390193,0.7218519,0.68787694,DISPENSER ODOL VERSI BARU..,DISPENSER ODOL / DISPENSER PASTA GIGI TERMURAH!,a150b4796865cdb160a0d8b744e346b9.jpg,f5be3aac36d4644423fbdfc250f28c1a.jpg,True,False,False,False
3191,3903,0.66610324,0.7127925,0.6894479,Sepatu Patrobas Equip High Black White Size 37-44 Original Made In Indonesia,Sepatu Patrobas Equip Low Black White,a213db7809b1e439ef56a5535f8b4569.jpg,c4186301b91d41fd0b53ca95e1761d22.jpg,True,False,False,False
3195,4073,0.42820144,0.81786776,0.6230346,DAFF 09 FLIPFLOP BELLA,"SGC 53 FLIPFLOP SANDALS MUTE,",a24803e3e454188337e04f94ef338f13.jpg,cd4bb44e0dfc394c8cef8dfa2fe1de72.jpg,False,False,False,True
3201,4233,0.5130475,0.9064872,0.70976734,RECTANGULAR 180ML LOCK&LOCK (HPL-805),Lock&Lock Food Container HPL806C - Rectangular Short 350mL With Divider,a2b268450eb462a87e4b86802066c983.jpg,d4c0b965d7226af54fa2bb6b8f9f6e5b.jpg,True,True,False,True
3208,3672,0.5177236,0.78633475,0.65202916,Promo Multitester Digital DT830B avometer digital dt-830b,AVOMETER DIGITAL ZOTEK ZT101 / MULTITESTER DIGITAL ZOTEK ZT 101,a2da78c4cba75edf8823d1394d2971b3.jpg,b96e14f1099a7286924fc1541abe3bb5.jpg,True,False,False,True
3215,3221,0.525128,0.76498103,0.6450545,"SMARTWATCH ANAK ANTI HILANG, Jam tangan hp , jam tangan anti air",U9 Smartwatch - Smartwatch DZ09 - Jam Tangan Pintar Support SIM card,a30e663897d4b68426343dc76d2b58e5.jpg,a33d9459e0e65c4ebda69ee49130703d.jpg,True,False,False,False
3221,4584,0.64894575,0.775118,0.71203184,U9 Smartwatch - Smartwatch DZ09 - Jam Tangan Pintar Support SIM card,(COD) Jam Hp onix U9/ DZ09 (SMARTWATCH + BOX) (Jam Tangan Pintar ) bisa Telpon dan SMS | GSM SIMCard,a33d9459e0e65c4ebda69ee49130703d.jpg,e634926e94025cba715bba641c6e4ef7.jpg,True,False,False,False
3230,4649,0.5800154,0.8327458,0.7063806,[ Promo Flash Sale ] Furwa Maxi Toyobo Size S M L XL | 100% Realpict | Gamis Muslim Terlaris Terbaru,{PROMO FLASH SALE} GBB_ Mecca Syari Size S M L XL | Dress | Gamis | Maxi | Terlaris | Terbaru,a3c74e7bcd57ef8bbecafed3904a326c.jpg,e9ba8adb401291619129d8793b2062c3.jpg,True,False,False,False
3230,4682,0.58929294,0.82663983,0.7079664,[ Promo Flash Sale ] Furwa Maxi Toyobo Size S M L XL | 100% Realpict | Gamis Muslim Terlaris Terbaru,M.A | PROMO FLASH SALE | Mecca Syari Size S M L XL | Dress | Gamis | Maxi | Terbaru | Baju Terlaris,a3c74e7bcd57ef8bbecafed3904a326c.jpg,eb7b6a934bd3adc804ef06ede3f04b28.jpg,True,False,False,False
3230,4683,0.39694723,0.82663983,0.6117935,[ Promo Flash Sale ] Furwa Maxi Toyobo Size S M L XL | 100% Realpict | Gamis Muslim Terlaris Terbaru,PGBB | Promo Flash Sale | Mecca Syari | Pakaian Muslim Wanita Terbaru | Gamis Termurah | Sanitizer,a3c74e7bcd57ef8bbecafed3904a326c.jpg,eb7b6a934bd3adc804ef06ede3f04b28.jpg,False,False,False,False
3230,4709,0.42705566,0.8234411,0.6252484,[ Promo Flash Sale ] Furwa Maxi Toyobo Size S M L XL | 100% Realpict | Gamis Muslim Terlaris Terbaru,[ Promo Flash Sale ] Mecca Syari S M L XL | Fashion Muslim Gamis Syari Terbaru | Bahan Moscrepe HQ,a3c74e7bcd57ef8bbecafed3904a326c.jpg,ecddd76b6fde7360cad6d5a0095adef0.jpg,False,False,False,False
3237,3792,0.65210533,0.6627953,0.6574503,PURE SOAP BY JELLYS  NEW PACKAGING 100% ORIGINAL,Jellys Pure Soap,a43853828f74b4736ebf62967106fd1d.jpg,be68e22372b2492bcd0d2553d8e0ed0d.jpg,True,False,True,False
3256,3725,0.3993304,0.8025749,0.6009526,Alat Semprotan Disinfektan 2 Liter Hand Sprayer tanaman spray,Kyokan 2Liter semprotan burung tanaman cuci motor,a59d11e7ff29bb13225c3fdc555cda0e.jpg,ba9e812889167c4f1022ad2810b8e0b9.jpg,False,False,False,False
3259,4961,0.4500609,0.76335955,0.6067102,HOT PROMO SLINGBAG JAIT !! TAS BATAM / TAS BANDUNG /TAS MURAH / SLINGBAG WANITA / TAS WANITA,C684 slingbag,a5aaf60a866e95b13b2acf489120288f.jpg,f817b15a5f6ec45391f5491b22d16140.jpg,False,False,True,False
3260,3376,0.5915634,0.7044325,0.647998,[BISA COD] TAS PRILY - Tas Selempang Wanita,Tas Selempang Wanita Fashion,a5aaf60a866e95b13b2acf489120288f.jpg,ab7847ad639ceca26257e0566b99aba8.jpg,True,False,False,False
3260,5008,0.48449457,0.75037557,0.6174351,[BISA COD] TAS PRILY - Tas Selempang Wanita,Tas Selempang Wanita Gantungan Motif  Rusa,a5aaf60a866e95b13b2acf489120288f.jpg,fb290f8ee6bddd03f764e36f0c57d0d3.jpg,True,False,False,False
3261,3376,0.5401549,0.7044325,0.6222937,[BISA COD]TERMURAH!!! TAS PRILY - Tas Selempang Wanita,Tas Selempang Wanita Fashion,a5aaf60a866e95b13b2acf489120288f.jpg,ab7847ad639ceca26257e0566b99aba8.jpg,True,False,False,False
3265,4918,0.7021243,0.6378939,0.67000914,The Simplicity Flush Blush by YOU Makeups,The Simplicity Brow Styler  by You Makeups,a5ee61706787669a838d9b4ccf2eebd9.jpg,f619f03c0c1f1228c5845c29333003a5.jpg,True,False,False,False
3266,4835,0.48348486,0.7831178,0.6333013,Sandisk Flashdisk / Flash Disk 16Gb Usb 3.0 Ultra Flair Cz73 Up To 130Mbps,Sandisk Ultra Dual Drive USB TYPE C 32GB Flashdisk OTG Type-C,a5f474ae2def233110a9a05dc2e64e34.jpg,f33e42a4261a738deece14900e3affbb.jpg,True,False,False,True
3267,4794,0.6654719,0.59304667,0.6292593,50Pcs Karet Rambut Ponytail Elastis untuk Wanita,Ikat Rambut Ponytail Elastis Bahan Sutra Satin Warna Polos Untuk Wanita,a60863d3014c9a7b800099569f97427a.jpg,f1794ac00e181820ae8c1ff2f43dc4c6.jpg,True,False,False,False
3275,4830,0.47972232,0.72429264,0.6020075,Sabun Tzuki Soap Pemutih Kulit Wajah Dan Badan 100% Original,Sabun Tzuki Dijamin Asli Original 1000%,a685995a540a4a2f8715a5083f6263b2.jpg,f30b8cda0eda1e699ad3ad38e437cc8d.jpg,False,False,False,True
3289,4614,0.69585896,0.62688386,0.6613714,MASKER SCUBA / MASKER KAIN / MASKER BISA DICUCI,MASKER SCUBA / MASKER KAIN SCUBA / MASKER SCUBA KOREA / EARLOOP MASK / MASKER SCUBA PREMIUM / MASKER,a7364426079c2ae527d646850270d9ca.jpg,e7e7e0a033a33c09001fc313af07ffec.jpg,True,False,False,False
3318,4935,0.43104866,0.84284353,0.6369461,SALLY TUNIK / atasan wanita,Delilah Tunik // Tunik Polos Wanita Muslim,a8b153f540ee4fbcc484a5d16deb4dab.jpg,f6f428fba6e63f97a8c82286c4639891.jpg,False,True,False,False
3319,3650,0.7127385,0.70982355,0.71128106,KOEPOE KOEPOE Bubuk Kari 1kg,Koepoe koepoe Baking powder 1000 gr,a8ccfc0a29d7b683d5f20c3d40a0c7e3.jpg,b883860e3e85c5da34bdbba845a22019.jpg,True,False,False,True
3319,3796,0.7928544,0.6219065,0.7073805,KOEPOE KOEPOE Bubuk Kari 1kg,Koepoe Koepoe Baking Powder 1kg,a8ccfc0a29d7b683d5f20c3d40a0c7e3.jpg,bea400ebb910442339859b64680c586f.jpg,True,False,False,False
3328,4806,0.7115107,0.6926408,0.7020757,[Paling murah] Celana dalam pria / boxer pria,CD ZB MAN | Celana dalam pria dewasa karet Boxer CD pria | Celana dalam pria Murah,a931d807c644016ec4afc89338262d47.jpg,f1d302968739d6bb2bcc1cb5b9789789.jpg,True,False,False,False
3338,3374,0.7071914,0.71196914,0.7095803,Baju tidur anak / Piyama anak 5-10 tahun,PIYAMA ANAK / BAJU ANAK USIA 6-12 TAHUN MURAH,a9c9933c91c0b73c9241bfff383de0fa.jpg,ab5f56be0243533695706bf62780bd77.jpg,True,False,False,True
3338,3847,0.5844809,0.6985971,0.641539,Baju tidur anak / Piyama anak 5-10 tahun,PIYAMA ANAK JUNIOR SIZE 6-10 TAHUN,a9c9933c91c0b73c9241bfff383de0fa.jpg,c14c379c3e91678f4de9bf9abd3f39c9.jpg,True,False,False,True
3338,4712,0.500822,0.82343864,0.66213036,Baju tidur anak / Piyama anak 5-10 tahun,Piyama Anak Usia 8-10 Tahun -VOL 1- (Size 10) Saten Apple,a9c9933c91c0b73c9241bfff383de0fa.jpg,ecfac1eb4bdf24bb9f86bff75af02fcd.jpg,True,False,False,True
3340,4494,0.48637065,0.88023967,0.68330514,Avent Natural Bottle 260 ml Single Pack,Philips Avent Bottle Natural 2.0 125ML/4OZ Twin Pack - SCF690/23,a9ec875ca4e7774cfd5e6ccfcb9f6873.jpg,e1bfc87a3317a92b2aac929b0ba3ee92.jpg,True,True,False,True
3351,3544,0.52567345,0.714002,0.61983776,Clip-On Lavalier 3.5mm untuk Smartphone / PC / Laptop,Mic Boya BY-M1 Clip On Lavalier kamera dslr smartphone vlog,aa75f444654fe5ca62d25c2829a8b48e.jpg,b2a9e39106be979e5637270986dcb790.jpg,True,False,False,True
3351,4800,0.5626626,0.66375756,0.6132101,Clip-On Lavalier 3.5mm untuk Smartphone / PC / Laptop,BOYA BY-M1 CLIP ON LAVALIER MICROPHONE For DSLR Smartphone,aa75f444654fe5ca62d25c2829a8b48e.jpg,f1b14042a7bf5847ee6d38dd42f902f9.jpg,True,False,False,True
3354,4020,0.7052416,0.96824723,0.8367444,Alat Perajang Bawang/Pengiris Bawang,[COD] PARUTAN BAWANG - PERAJANG BAWANG,aaaab23e744be29b4189392df445468d.jpg,ca4f1e6ac755693726cf2d70dba3dbb4.jpg,True,True,False,False
3360,4409,0.55228186,0.8449248,0.69860333,KONICARE TELON 60 ML/ 125ML,KONICARE MINYAK TELON PLUS 30ML,aae00183286b3fe3870a8e1f3453b86b.jpg,dd6898a09bc829bef4738ac6236c8e9f.jpg,True,True,False,True
3364,3365,0.59586024,1.0000001,0.7979302,HANASUI BODY SPA EXFOLIATING GEL WITH COLLAGEN 300ml,Hanasui Body Spa Peeling Gel With Colagen Original 100%,aaffc7a90b92b51fbd256704f680f017.jpg,aaffc7a90b92b51fbd256704f680f017.jpg,True,True,False,True
3365,5013,0.575304,0.859439,0.71737146,Hanasui Body Spa Peeling Gel With Colagen Original 100%,[BPOM] HANASUI Body Spa Exfoliating Gel with Collagen 300ml,aaffc7a90b92b51fbd256704f680f017.jpg,fb45b52d159ecfbb0a5809bdddc2b81d.jpg,True,True,False,True
3376,4381,0.46141633,0.75370944,0.6075629,Tas Selempang Wanita Fashion,SALE!!  Tas Selempang Wanita Tas Slempang bordir jahit Polos - Natalie Slingbag,ab7847ad639ceca26257e0566b99aba8.jpg,dbd305fe9a64f4e334936283d7be0939.jpg,False,False,False,False
3376,5008,0.5341302,0.7165241,0.62532717,Tas Selempang Wanita Fashion,Tas Selempang Wanita Gantungan Motif  Rusa,ab7847ad639ceca26257e0566b99aba8.jpg,fb290f8ee6bddd03f764e36f0c57d0d3.jpg,True,False,False,False
3376,5033,0.58579266,0.69482803,0.64031035,Tas Selempang Wanita Fashion,Tas Selempang Wanita Rantai MEGA,ab7847ad639ceca26257e0566b99aba8.jpg,fc489ba169d2360a37be3a3ea7d892bc.jpg,True,False,False,False
3382,4611,0.5826516,0.8177171,0.70018435,Alat Cukur Rambut Kemei KM-3006 Dan Ukir Washable Hair Clipper Charger,Alat Mesin Cukur Rambut Kemei KM-1990 Hair Clipper Cordless,abafe546c9606b25468467ff5d133f8d.jpg,e7d705a4b99a5600c05a7fe0dbdfaa8a.jpg,True,False,False,True
3390,4040,0.6047303,0.830433,0.7175816,Kuas Rias Make Up 12 Pcs Kuas Make Up Foundation Brush Free Tabung Love Brush Set Tube,Kuas Make up Kosmetik Rias isi 20 Pcs Brush Make UP 20 Set In 1 Set Paket Kuas Makeup,ac1a23ac619f9d535184dff8b2069279.jpg,cba8b750acb461ff7c1e4cc7fdfda6f8.jpg,True,False,False,True
3390,4041,0.5874991,0.830433,0.708966,Kuas Rias Make Up 12 Pcs Kuas Make Up Foundation Brush Free Tabung Love Brush Set Tube,RK fashion ||Kuas Make up Kosmetik Rias isi 20 Pcs Brush Make UP 20 Set In 1 Set Paket Kuas Makeup,ac1a23ac619f9d535184dff8b2069279.jpg,cba8b750acb461ff7c1e4cc7fdfda6f8.jpg,True,False,False,True
3405,3772,0.58862627,0.84309405,0.7158601,Safi White Expert Oil Control & Acne Facial Cleanser & Toner 2In1 2 IN 1 150ML - Anti Acne Cream 15g,Safi White Expert Purifying 2in1 Cleanser & Toner 150 mL,acadaa9d04a0bb8c8a47abb004097b8e.jpg,bd5a836c8d8a0a9d1689770d59cc27a9.jpg,True,True,False,True
3405,4849,0.6951433,0.8179871,0.7565652,Safi White Expert Oil Control & Acne Facial Cleanser & Toner 2In1 2 IN 1 150ML - Anti Acne Cream 15g,Safi White Expert Cleanser 2in1 Cleanser & Toner 150ml,acadaa9d04a0bb8c8a47abb004097b8e.jpg,f38cbe8e9456453d45dc7e121c1647bb.jpg,True,False,False,True
3410,4933,0.5423722,0.73843396,0.6404031,[CH88] RAK SEPATU PORTABLE / RAK SEPATU SUSUN 4 / RAK SEPATU 4 TINGKAT,Rak Sepatu 5th Rangka Besi & Plastik (Lemari Sepatu 5 Tingkat),acd12c7e70d90f6d660d6bbd66d19f03.jpg,f6e0264aa3177d6bc2af3163c3f95ec1.jpg,True,False,False,True
3424,4709,0.60628253,0.6728114,0.639547,Gamis Syari Remaja Terbaru Avita Dress Moscrepe Fashion Muslim Murah,[ Promo Flash Sale ] Mecca Syari S M L XL | Fashion Muslim Gamis Syari Terbaru | Bahan Moscrepe HQ,ad2a6d03aa123a5e6522274712ce0289.jpg,ecddd76b6fde7360cad6d5a0095adef0.jpg,True,False,False,False
3425,3839,0.5349992,0.66969335,0.6023463,celana joger cargo pria/ original bandung,ORIGINAL CELANA TACTICAL CARGO OUTDOOR CELANA PANJANG PRIA,ad37e42e87f6d5fb8a7cb0eff2ee39b4.jpg,c0ca376731b6a484cc36485f30c6b439.jpg,True,False,False,False
3435,3812,0.6286423,0.6799754,0.65430886,Free Baterai Timbangan Kue Digital 10kg Timbangan Dapur Timbangan Digital Kitchen Scale,Timbangan Digital Dapur Kapasitas 10 Kg,ad6e02ecdd99ea30c1dd7f2d6eae4770.jpg,bfccb6516e2b42402734a4d3c4141d73.jpg,True,False,False,False
3435,3986,0.6056562,0.6176097,0.61163294,Free Baterai Timbangan Kue Digital 10kg Timbangan Dapur Timbangan Digital Kitchen Scale,LP TIMBANGAN DIGITAL MANGKOK  Timbangan Kue Digital Electronic 5 kg B05,ad6e02ecdd99ea30c1dd7f2d6eae4770.jpg,c899c2305d11e5be5be1723e0c96dd55.jpg,True,False,False,True
3441,3729,0.39184147,0.8084965,0.60016894,Wardah Refill Lightening BB Cake Powder 02 Sheer Pink 11 g,Wardah Refill Instaperfect Matte Fit Powder Foundation 11. FAIR 13 g,adf467c36a8d3359b01fc88641b7160c.jpg,baadc20a66bdc374e712543bd7141724.jpg,False,False,False,True
3462,4766,0.4643757,0.74500483,0.60469025,Gantungan Baju /  Hanger Hitam / satuan,Kenmaster Gantungan Baju Warna / Hanger 6 Pcs (H04),af4094f3cdc161f38029614b7eed3686.jpg,f00891b337b374a3a7f6b223d14a6515.jpg,False,False,False,False
3476,4901,0.63819444,0.7875745,0.7128845,Saringan Filter Keran Air Kran - Water Filter Purifier / Faucet Filter,[ACQ] Saringan Filter Keran Air,afcf658de056500034f2013f6ccd624b.jpg,f5a1c3d688e49dc1290defd043012706.jpg,True,False,False,False
3495,5091,0.4956388,0.7132208,0.6044298,CATTY STIKER DINDING KUPU KUPU 3D STICKER MOTIF 3D WALL ISI 12 PCS BUTTERFLY PVC 1 SET ISI 12PCS,12 Buah Stiker Dekorasi Dinding Desain Kupu - Kupu 3D gzhouse,b076ad865c9dd4dd7870e1e817bd1035.jpg,fe956011a4388e3baf9bb7644ebc39fa.jpg,True,False,False,True
3527,3915,0.42835897,0.805163,0.61676097,3.5mm Microphone with clip on Mic Mik Mike HP PC iphone Mikrofon Klip,Mini Microphone Clip On Mic U Shape Audio Splitter,b1e737aab61f8014e0c1109ded6fce0b.jpg,c4f984543189e8861e33c75b7b5c21a2.jpg,False,False,False,False
3538,5062,0.6400294,0.9144148,0.7772221,Set Alat Makan Portable Bahan Jerami Praktis Ramah Lingkungan Wheat Straw Set Sendok Garpu Sumpit,HOME163 Sendok Garpu Set Wheat Straw STANDARD Quality / Alat Makan Set Ramah Lingkungan 80gr,b253eac3dbeb8aea1ebcb5f7d6c741d3.jpg,fd3a8a80ee18f894d1f68e95ef8c0452.jpg,True,True,False,False
3546,5035,0.45809624,0.7468851,0.60249066,Tas Selempang Wanita Fashion Import Tasbatamrz,Tas Selempang Wanita Import Fashion 7092 3236 1736 9030,b2bbb6ce438f4cdcfe1346ea466ceadd.jpg,fc59baa5723b43ed07b5cc84e6dcdba0.jpg,False,False,False,False
3559,4746,0.47092485,0.76125747,0.61609113,RESTOCK!! SOFTLENS OLENS PRINCESS SPANISH NORMAL DAN MINUS (BLACKPINK LENS),Softlens KOKO BLACK NORMAL & MINUS STONE JET BLACK MARBLE GOTHIC (-0.25 S/D -3.00) MINUS,b38d915326f55628131d5c8b9a437ed0.jpg,eedf66ff64e8d29712c8d48f42a9231b.jpg,False,False,False,False
3564,4301,0.5574224,0.82643294,0.6919277,LCD OPPO A59 / F1S / A1601 FULLSET TOUCHSCREEN,Lcd Touchscreen Oppo A39 Original Oppo 100%,b3c84a770ba017fa4585fbb0d6f9a669.jpg,d844424dad2583d8a63039dc1c50f5d9.jpg,True,False,False,True
3564,4645,0.8830626,0.8203615,0.85171205,LCD OPPO A59 / F1S / A1601 FULLSET TOUCHSCREEN,LCD TOUCHSCREEN OPPO F1S A59 FULLSET LCD OPPO F1S,b3c84a770ba017fa4585fbb0d6f9a669.jpg,e977944a0e445ba13fcfb59c804b7df6.jpg,True,False,False,True
3564,4658,0.4751869,0.7494888,0.6123378,LCD OPPO A59 / F1S / A1601 FULLSET TOUCHSCREEN,Lcd Touchscreen Polytron Zap5 4G 450 + Frame Original POLYTRON Fullset,b3c84a770ba017fa4585fbb0d6f9a669.jpg,ea25028c392e770e4def2bb35423c0d2.jpg,False,False,False,True
3572,3661,0.65451807,0.604638,0.629578,Softlens KOKO BLACK 14.5MM,SOFTLENS KOKO JET BLACK MINUS -0.50 s/d -5.00 / KOKO BLACK,b3f9552e6757503e9e4a4bdd59b01d66.jpg,b8e4622adb19884c9cd3c2007dd478bd.jpg,True,False,False,True
3572,4374,0.7238235,0.6674637,0.6956436,Softlens KOKO BLACK 14.5MM,SOFTLENS KOKO BLACK NORMAL / KOKO BLACK,b3f9552e6757503e9e4a4bdd59b01d66.jpg,db78c04784e25bc6d5c4601beeecd982.jpg,True,False,False,False
3572,5022,0.888548,0.6105224,0.7495352,Softlens KOKO BLACK 14.5MM,SOFTLENS KOKO BLACK 14.5 MM,b3f9552e6757503e9e4a4bdd59b01d66.jpg,fbd104619d073a6a9f5feab3a1aa3d08.jpg,True,False,False,False
3573,4374,0.5981497,0.6674637,0.6328067,Softlens KOKO BLACK 14.5MM [ grosirku ],SOFTLENS KOKO BLACK NORMAL / KOKO BLACK,b3f9552e6757503e9e4a4bdd59b01d66.jpg,db78c04784e25bc6d5c4601beeecd982.jpg,True,False,False,False
3573,5022,0.734274,0.6105224,0.6723982,Softlens KOKO BLACK 14.5MM [ grosirku ],SOFTLENS KOKO BLACK 14.5 MM,b3f9552e6757503e9e4a4bdd59b01d66.jpg,fbd104619d073a6a9f5feab3a1aa3d08.jpg,True,False,False,False
3593,4614,0.683315,0.5331106,0.6082128,TERMURAH!!! MASKER SCUBA POLOS / MASKER SCUBA KOREA POLOS / MASKER POLOS  / MASKER WAJAH MURAH,MASKER SCUBA / MASKER KAIN SCUBA / MASKER SCUBA KOREA / EARLOOP MASK / MASKER SCUBA PREMIUM / MASKER,b54f69d3a8635ee67212f9a527ea226f.jpg,e7e7e0a033a33c09001fc313af07ffec.jpg,True,False,False,False
3610,4122,0.5686134,0.6940224,0.6313179,Paket Tabita Exclusive 40Gr Barcode + Exp Date,TABITA EXCLUSIVE ORIGINAL (BESAR),b67d5dbe915bfbb9f7f9fe81580196f3.jpg,cf61eddf9cec82955dded045f1325a88.jpg,True,False,False,False
3611,4901,0.69265157,0.59838694,0.64551926,Saringan Filter Keran Air Kran Water Filter Universal,[ACQ] Saringan Filter Keran Air,b680927334c0092e797f0aa7a767222a.jpg,f5a1c3d688e49dc1290defd043012706.jpg,True,False,False,False
3630,4852,0.45055813,0.76379716,0.6071776,Promo!!! Rok Polos wolfis,VEE DRESS GAMIS WOLFIS,b7a96d8af63f0394ba3dcd9100b8474a.jpg,f3c7b0283b3d32f5380f4b2c0ed851b3.jpg,False,False,False,False
3650,3843,0.61716783,0.8211174,0.7191426,Koepoe koepoe Baking powder 1000 gr,Lada putih 1kg kopepoe koepoe,b883860e3e85c5da34bdbba845a22019.jpg,c110eb5db3a57a612cf3daf8dc47ff9f.jpg,True,False,False,True
3704,4479,0.54577714,0.81825185,0.68201447,KAOS KAKI PENDEK MINI SOCKS WARNA WARNI,Kaos Kaki Invisible Warna Warni,ba4f4be4feae8786c9c5a5394d46116d.jpg,e0e5f660fa462d226c5cc12259e81e55.jpg,True,False,False,False
3714,4598,0.6599591,0.59971964,0.62983936,GAMIS MONALISA KAKTUS RAYON,Gamis Kaktus monalisa  XL XXL XXXL,ba6f7e740444f9145f6fb476b957ede8.jpg,e71d26ef6316534865904950ace73b03.jpg,True,False,False,False
3716,5075,0.6077712,0.7190409,0.663406,Case VIVO S1 Z1 Pro Y12 Y15 Y17 Y11 Y91 Y93 Y95 Y91C Y19 V15 V11 Y81 Y71 V9 V7 Plus V5S Motif Kaws Air Soft TPU Phone Case,Soft Case Desain Kartun Kuda Nil VIVO Y12 Y30 V19 Y91C Y15 Y91 Y20 Y20i Y50 S1 Y17 Y19 Y11 Y71 S1 PRO Z1 PRO Y93 Y95 V5 Y30i Y12i Y71i Y91i Z5 U10 U3 U20 V5 lite V5S Y66 Y70 Y90,ba764ef954dd46490b87f0c3d7677a51.jpg,fdb8bd7e8d00a0e5f85578ea9ccfeced.jpg,True,False,False,True
3725,4000,0.5381017,0.66444033,0.60127103,Kyokan 2Liter semprotan burung tanaman cuci motor,Semprotan tanaman 2 liter/semprotan disinfektan/semprotan hama,ba9e812889167c4f1022ad2810b8e0b9.jpg,c9704446065315d74482645f2b66103c.jpg,True,False,False,False
3753,4614,0.60537153,0.60290205,0.6041368,SCUBA MASKER KAIN MH - NON MEDIS,MASKER SCUBA / MASKER KAIN SCUBA / MASKER SCUBA KOREA / EARLOOP MASK / MASKER SCUBA PREMIUM / MASKER,bbdeb419b52f24a545f2c9c203d91ee0.jpg,e7e7e0a033a33c09001fc313af07ffec.jpg,True,False,False,False
3776,4614,0.70547074,0.6325359,0.6690033,"b""D'Mask Scuba""",MASKER SCUBA / MASKER KAIN SCUBA / MASKER SCUBA KOREA / EARLOOP MASK / MASKER SCUBA PREMIUM / MASKER,bd9d28c9e5c3ede6e53e39d3e6703aaf.jpg,e7e7e0a033a33c09001fc313af07ffec.jpg,True,False,True,False
3781,4692,0.54295784,0.70772433,0.62534106,Ikat Rambut Scrunchie Kain Satin Sutra Elastis Warna Polos untuk Wanita,50Pcs Ikat Rambut Elastis untuk Wanita,bdf33b909781646aeb1a19b3c2d14735.jpg,ebf8ab5430ab43bfd322a67e99041d79.jpg,True,False,False,False
3787,4506,0.43181992,0.80758536,0.61970264,HIJAB PRINCESS/JILBAB MAHKOTA BAYI DAN ANAK BISA COD,Hijab anak topi pita polos jilbab murah,be21980a85f45ea98adcdc2fa9c913f0.jpg,e2849afe8c8517d3cac5c4bc855479a1.jpg,False,False,False,False
3792,4879,0.77347875,0.6513556,0.7124172,Jellys Pure Soap,Pure Face Soap by Jellys 100% original!!,be68e22372b2492bcd0d2553d8e0ed0d.jpg,f49b92576aad13bb4c7068ca016775f1.jpg,True,False,True,False
3796,3843,0.7006977,0.7798289,0.74026334,Koepoe Koepoe Baking Powder 1kg,Lada putih 1kg kopepoe koepoe,bea400ebb910442339859b64680c586f.jpg,c110eb5db3a57a612cf3daf8dc47ff9f.jpg,True,False,False,False
3805,4578,0.48083612,0.7407413,0.6107887,Kaos kaki polos semata kaki import,"KAOS KAKI BAYI, KAOS KAKI BULU ANAK, KAOS KAKI BINATANG, BABY SOCKS, KAOS BULU",bf8b7bcb8278faa9ad147443e5509299.jpg,e5d24b26fcf034e9f6f7a92d043ff6f0.jpg,True,False,False,False
3808,4479,0.51267153,0.7058612,0.6092664,FUNSTORE KAOS KAKI POLOS WARNA WARNI REMAJA / KAOS KAKI PENDEK MATA KAKI / KAOS KAKI WANITA,Kaos Kaki Invisible Warna Warni,bfa7c595e97cf7a9b6228d16bb908500.jpg,e0e5f660fa462d226c5cc12259e81e55.jpg,True,False,False,False
3812,3986,0.5285772,0.71724015,0.6229087,Timbangan Digital Dapur Kapasitas 10 Kg,LP TIMBANGAN DIGITAL MANGKOK  Timbangan Kue Digital Electronic 5 kg B05,bfccb6516e2b42402734a4d3c4141d73.jpg,c899c2305d11e5be5be1723e0c96dd55.jpg,True,False,False,True
3860,4692,0.61236274,0.7267111,0.66953695,Sjxia-ikat Rambut Elastis Anti Slip Warna Permen untuk Pria / Wanita,50Pcs Ikat Rambut Elastis untuk Wanita,c23a26c543c324044bf75530052b89be.jpg,ebf8ab5430ab43bfd322a67e99041d79.jpg,True,False,False,False
3860,4781,0.6086367,0.64598644,0.6273116,Sjxia-ikat Rambut Elastis Anti Slip Warna Permen untuk Pria / Wanita,Ikat Rambut Elastis dengan Lampu untuk Wanita,c23a26c543c324044bf75530052b89be.jpg,f10bb5bbf19afc01fe79fc666b39f092.jpg,True,False,False,False
3866,4596,0.43414313,0.7661515,0.6001473,bell sepeda anak / bel sepeda kring2,[Bayar di Tempat]Keras Jelas Suara Handlebar Bell Sepeda Bersepeda Mini Alarm Peringatan,c24853be53181294db9afb175c0260ee.jpg,e70923439ee0c30e6740f1082aab9d1a.jpg,False,False,False,False
3888,3980,0.8082331,0.76932776,0.78878045,Premium Leather Case FULL Iphone 7+ 8Plus X xs xs max xr 11 pro 11 pro max iphone 11,Iphone X / XS / XR /XS Max / 6 / 7 / 8 Plus Iphone 11 Leather Case Silicone Case Leather Premium,c370277eb522526224c5a0520ec188b8.jpg,c81bbe0172f18b9a36c3d81268fc99eb.jpg,True,False,False,True
3888,4069,0.35805893,0.84565103,0.601855,Premium Leather Case FULL Iphone 7+ 8Plus X xs xs max xr 11 pro 11 pro max iphone 11,Casing Full Cover Bahan Silikon untuk iPhone 6 / 6S / 6Plus / 6s Plus / 7 / 7Plus / 8 / 8plus,c370277eb522526224c5a0520ec188b8.jpg,cceae8408d439fc51021e6660b85991e.jpg,False,True,False,True
3888,4797,0.63366485,0.76423013,0.6989475,Premium Leather Case FULL Iphone 7+ 8Plus X xs xs max xr 11 pro 11 pro max iphone 11,Casing Full Cover Bahan Silikon untuk iPhone6/7/8 Plus/XS/XR/XS Max/11pro max/11/12 pro/12 mini/12 pro max,c370277eb522526224c5a0520ec188b8.jpg,f191179dbf78be7c1c45c2d93aa7cd72.jpg,True,False,False,True
3891,4948,0.4642896,0.7392894,0.6017895,STELLA MATIC OTOMATIS // PENGHARUM RUANGAN//murmerrr///PROMO,STELLA AIR FRESHENER 400ML / STELLA AEROSOL / STELLA PENGHARUM RUANGAN,c38a3ca173aa01ecca6adb2a4fca22ea.jpg,f7801e4e73a4c166ca89ecdfd1a3f91c.jpg,False,False,False,False
3892,4488,0.48967668,0.7414336,0.61555517,MIAO Charger Branded 3A / Charger 3A A80 QUALCOMM QUICK CHARGE FOR SAMSUNG / OPPO / XIAOMI / VIVO,[PROMO] Charger VOOC 2usb PORT Fast Charging 2A Usb For Xiaomi / Oppo / Vivo / Samsung,c3984a1d03dc9137070c6d06260c670b.jpg,e190af71c7d2f71f5779ffa1452bc360.jpg,True,False,False,True
3903,4101,0.66807795,0.7013123,0.6846951,Sepatu Patrobas Equip Low Black White,Sepatu Patrobas Equip High Black White Size 38-44 Original Made In Indonesia,c4186301b91d41fd0b53ca95e1761d22.jpg,ce7868655d4abbb17f095aeafc7f4a45.jpg,True,False,False,False
3908,4825,0.5119246,0.6890082,0.6004664,Dot Untuk Philips Avent Natural/Nipple Philips Avent Natural,Avent Natural 2.0 Dot / Nipple / Teat Slow Flow 1m+ size level 2,c48da7ed5f071a643ada1e66ea82f3cd.jpg,f29df29092fad2139938a6bd9af3f86a.jpg,True,False,False,False
3908,5006,0.83657324,0.6617029,0.74913806,Dot Untuk Philips Avent Natural/Nipple Philips Avent Natural,Philips AVENT NATURAL Nipple 2.0 2pcs,c48da7ed5f071a643ada1e66ea82f3cd.jpg,faf361b30be6182273b63541f0b8444f.jpg,True,False,False,False
3915,4504,0.4982292,0.8061353,0.6521822,Mini Microphone Clip On Mic U Shape Audio Splitter,Clip On Mic Microphone 3.5mm For Smartphone / PC,c4f984543189e8861e33c75b7b5c21a2.jpg,e265c44f05699f90ec6d7da75f5306f0.jpg,True,False,False,False
3915,4670,0.4451985,0.7696483,0.6074234,Mini Microphone Clip On Mic U Shape Audio Splitter,Mic Clip On Youtuber / Vlog - Microphone smule,c4f984543189e8861e33c75b7b5c21a2.jpg,ead13c0c124b25f5df2352f79ce5c727.jpg,False,False,False,False
3916,4049,0.481509,0.84283364,0.6621713,Mangkok Masker Set 4 in 1 Korean DIY MAKEUP MASK BOWL mangkuk masker,KUAS MASKER KUAS MASKER SILIKON MANGKOK MASKER SPATULA,c50a4877d1298de75af9d8d030d1de81.jpg,cbe113d2a0225aff3cd6b3702aa91171.jpg,True,True,False,False
3916,4723,0.6163433,0.7848464,0.7005949,Mangkok Masker Set 4 in 1 Korean DIY MAKEUP MASK BOWL mangkuk masker,MANGKUK MASKER SET 4in1 / MANGKOK KUAS SENDOK MASKER,c50a4877d1298de75af9d8d030d1de81.jpg,ed65c0d39862a7ea7d6898149a5c2de6.jpg,True,False,False,False
3922,4040,0.5642572,0.77754503,0.6709011,JBS  Brush Set Tube Kuas Rias Make Up 12 Pcs Kuas Make Up Foundation Brush Free Tabung Glitter K327,Kuas Make up Kosmetik Rias isi 20 Pcs Brush Make UP 20 Set In 1 Set Paket Kuas Makeup,c553527a7754ca9de945128d06a62a0f.jpg,cba8b750acb461ff7c1e4cc7fdfda6f8.jpg,True,False,False,True
3922,4041,0.54815304,0.77754503,0.66284907,JBS  Brush Set Tube Kuas Rias Make Up 12 Pcs Kuas Make Up Foundation Brush Free Tabung Glitter K327,RK fashion ||Kuas Make up Kosmetik Rias isi 20 Pcs Brush Make UP 20 Set In 1 Set Paket Kuas Makeup,c553527a7754ca9de945128d06a62a0f.jpg,cba8b750acb461ff7c1e4cc7fdfda6f8.jpg,True,False,False,True
3938,4520,0.6262765,0.7862655,0.706271,[PARUTAN SERBAGUNA] PARUT IRIS POTONG SERUT SAYUR,Parutan Serbaguna Drain Basket Pemotong Sayuran,c5df8f546ec348a7f2dc46058fdba033.jpg,e2b3d596c63e9b76b8072858a96768a2.jpg,True,False,False,False
3939,4135,0.5998714,0.7354724,0.6676719,"b""L'Oreal Paris Fall Resist 3x Shampoo Hair Care - 450 ml (Perawatan Untuk Rambut Mudah Rontok)""","b""L'Oreal Paris Total Repair 5 Shampoo Hair Care - 330 ml (Perawatan Rambut Rusak dan Mudah Patah)""",c5ed3a2ecb13c803eb25ad27c35f351f.jpg,cfdf004afe5681985408c9501f800fe5.jpg,True,False,False,True
3979,4349,0.62706643,0.6975634,0.6623149,JILBAB INSTAN jilbab serut adiba termurah hijab instan,JILBAB QIANA BANDUL HIJAB JILBAB INSTANT,c8122d55d45987144e2f62d4ebd4f66c.jpg,da841abba3de1c4c1ec1ea23de56dd07.jpg,True,False,False,False
3979,4389,0.63096917,0.5827552,0.6068622,JILBAB INSTAN jilbab serut adiba termurah hijab instan,((PROMO TERBATAS)) HIJAB JILBAB KERUDUNG SHALWA INSTAN ||| HIJAB JILBAB KHIMAR INSTAN,c8122d55d45987144e2f62d4ebd4f66c.jpg,dc4597593484a119f2df87c5852bb675.jpg,True,False,False,False
3980,4069,0.3163223,0.8964857,0.606404,Iphone X / XS / XR /XS Max / 6 / 7 / 8 Plus Iphone 11 Leather Case Silicone Case Leather Premium,Casing Full Cover Bahan Silikon untuk iPhone 6 / 6S / 6Plus / 6s Plus / 7 / 7Plus / 8 / 8plus,c81bbe0172f18b9a36c3d81268fc99eb.jpg,cceae8408d439fc51021e6660b85991e.jpg,False,True,False,True
3980,4797,0.4914301,0.7697615,0.6305958,Iphone X / XS / XR /XS Max / 6 / 7 / 8 Plus Iphone 11 Leather Case Silicone Case Leather Premium,Casing Full Cover Bahan Silikon untuk iPhone6/7/8 Plus/XS/XR/XS Max/11pro max/11/12 pro/12 mini/12 pro max,c81bbe0172f18b9a36c3d81268fc99eb.jpg,f191179dbf78be7c1c45c2d93aa7cd72.jpg,True,False,False,True
3999,4835,0.47397196,0.78235173,0.62816185,Sandisk FlashDisk ULTRA Flair CZ73 USB 3.0 Up To 130MB/S - 16GB,Sandisk Ultra Dual Drive USB TYPE C 32GB Flashdisk OTG Type-C,c958d27bbe5cde085e391ade95702c53.jpg,f33e42a4261a738deece14900e3affbb.jpg,False,False,False,True
4006,4025,0.68386155,0.64728856,0.665575,Mainan Gigitan Bayi / Teether Baby Toy,Baby Safe Teether Bayi / Baby Safe Gigitan Bayi,c9b00f39e55843f743e3336cac46e60a.jpg,cabe8e26188ee6ffb36325b6dff126cd.jpg,True,False,False,False
4006,4213,0.7143452,0.57314026,0.64374274,Mainan Gigitan Bayi / Teether Baby Toy,Teether gigitan bayi buah,c9b00f39e55843f743e3336cac46e60a.jpg,d3987796d4ebab6882e1068deed3b11c.jpg,True,False,False,False
4025,4213,0.62831,0.7066196,0.66746485,Baby Safe Teether Bayi / Baby Safe Gigitan Bayi,Teether gigitan bayi buah,cabe8e26188ee6ffb36325b6dff126cd.jpg,d3987796d4ebab6882e1068deed3b11c.jpg,True,False,False,False
4025,4843,0.56678784,0.64076895,0.60377836,Baby Safe Teether Bayi / Baby Safe Gigitan Bayi,( YR ) MAINAN GIGITAN BAYI / TEETHER baby toy KERINCING,cabe8e26188ee6ffb36325b6dff126cd.jpg,f3732afbd4bfdc751aff4fe85cba1980.jpg,True,False,False,False
4029,4073,0.62008953,0.8336028,0.72684616,SANDAL FLIPFLOP BELLA,"SGC 53 FLIPFLOP SANDALS MUTE,",cb22a003307b3687bbcd106eb2960146.jpg,cd4bb44e0dfc394c8cef8dfa2fe1de72.jpg,True,False,True,False
4030,4040,0.6113294,0.819675,0.7155022,NEW..!! KUAS TABUNG MAKE UP ISI 12PCS / BRUSH MAKEUP,Kuas Make up Kosmetik Rias isi 20 Pcs Brush Make UP 20 Set In 1 Set Paket Kuas Makeup,cb33371381392f0caab53b7b7f38de80.jpg,cba8b750acb461ff7c1e4cc7fdfda6f8.jpg,True,False,False,True
4030,4041,0.5770108,0.819675,0.6983429,NEW..!! KUAS TABUNG MAKE UP ISI 12PCS / BRUSH MAKEUP,RK fashion ||Kuas Make up Kosmetik Rias isi 20 Pcs Brush Make UP 20 Set In 1 Set Paket Kuas Makeup,cb33371381392f0caab53b7b7f38de80.jpg,cba8b750acb461ff7c1e4cc7fdfda6f8.jpg,True,False,False,True
4031,4040,0.41878557,0.819675,0.6192303,[150gr] LT- [ TABUNG ] Kuas Set Tabung Make Up isi 12/kuas tabung,Kuas Make up Kosmetik Rias isi 20 Pcs Brush Make UP 20 Set In 1 Set Paket Kuas Makeup,cb33371381392f0caab53b7b7f38de80.jpg,cba8b750acb461ff7c1e4cc7fdfda6f8.jpg,False,False,False,True
4031,4041,0.39421603,0.819675,0.6069455,[150gr] LT- [ TABUNG ] Kuas Set Tabung Make Up isi 12/kuas tabung,RK fashion ||Kuas Make up Kosmetik Rias isi 20 Pcs Brush Make UP 20 Set In 1 Set Paket Kuas Makeup,cb33371381392f0caab53b7b7f38de80.jpg,cba8b750acb461ff7c1e4cc7fdfda6f8.jpg,False,False,False,True
4032,4040,0.46119842,0.81967497,0.6404367,[TABUNG] KUAS SET TABUNG MAKE UP ISI 12 / KUAS TABUNG,Kuas Make up Kosmetik Rias isi 20 Pcs Brush Make UP 20 Set In 1 Set Paket Kuas Makeup,cb33371381392f0caab53b7b7f38de80.jpg,cba8b750acb461ff7c1e4cc7fdfda6f8.jpg,False,False,False,True
4032,4041,0.43414474,0.81967497,0.62690985,[TABUNG] KUAS SET TABUNG MAKE UP ISI 12 / KUAS TABUNG,RK fashion ||Kuas Make up Kosmetik Rias isi 20 Pcs Brush Make UP 20 Set In 1 Set Paket Kuas Makeup,cb33371381392f0caab53b7b7f38de80.jpg,cba8b750acb461ff7c1e4cc7fdfda6f8.jpg,False,False,False,True
4040,4553,0.48963994,0.72359216,0.606616,Kuas Make up Kosmetik Rias isi 20 Pcs Brush Make UP 20 Set In 1 Set Paket Kuas Makeup,KUAS MASKER Spirulina kuas makeup brush,cba8b750acb461ff7c1e4cc7fdfda6f8.jpg,e452c2701953a56e84ba6e736a0bcf51.jpg,True,False,False,False
4049,4247,0.5230734,0.71491766,0.61899555,KUAS MASKER KUAS MASKER SILIKON MANGKOK MASKER SPATULA,Mangkok Masker Set / Mask Bowl masker Mangkok DIY 4 in 1 Kosmetik,cbe113d2a0225aff3cd6b3702aa91171.jpg,d51fe878d3b7f399c0efc3d0ae21cde9.jpg,True,False,False,False
4049,4723,0.6208909,0.77757597,0.6992334,KUAS MASKER KUAS MASKER SILIKON MANGKOK MASKER SPATULA,MANGKUK MASKER SET 4in1 / MANGKOK KUAS SENDOK MASKER,cbe113d2a0225aff3cd6b3702aa91171.jpg,ed65c0d39862a7ea7d6898149a5c2de6.jpg,True,False,False,False
4056,4578,0.55591893,0.75990427,0.6579116,[5 SET] Kaos Kaki Bayi Kaos Kaki Anak 012 Bulan BIRU MUDA H8L1 BabyCute,"KAOS KAKI BAYI, KAOS KAKI BULU ANAK, KAOS KAKI BINATANG, BABY SOCKS, KAOS BULU",cc5baca87f8e4720591c3584b28039af.jpg,e5d24b26fcf034e9f6f7a92d043ff6f0.jpg,True,False,False,False
4064,4419,0.5457703,0.67876816,0.6122692,Musk By Lilian Ashley Eau de Toilette Green Tea 70ml,Musk by Lilian Ashley Natural Spray 100ml Kaca,cc977898f9ec61e6897dc9ce232cb7dc.jpg,ddef43ed1e6a4ce1b918eeb1d6da2bd4.jpg,True,False,False,True
4064,4886,0.5903875,0.7375883,0.6639879,Musk By Lilian Ashley Eau de Toilette Green Tea 70ml,Musk by Lilian Ashley Eau De Parfum Ocean Wave 100ml,cc977898f9ec61e6897dc9ce232cb7dc.jpg,f4d12f1e1b7bb3f9e998b05749c250f7.jpg,True,False,False,True
4073,4634,0.49564135,0.84469306,0.6701672,"SGC 53 FLIPFLOP SANDALS MUTE,",Sandal Teplek FlipFlop Tali KO 09,cd4bb44e0dfc394c8cef8dfa2fe1de72.jpg,e8fd1feed84ade24649553ba975270d9.jpg,True,True,False,True
4073,4673,0.43718877,0.7811143,0.60915154,"SGC 53 FLIPFLOP SANDALS MUTE,",DAFF 24 FLIPFLOP BELLA,cd4bb44e0dfc394c8cef8dfa2fe1de72.jpg,eb20cfb94b0795d73680ab70c77d9a92.jpg,False,False,False,True
4074,5040,0.4405993,0.7842659,0.6124326,sandal spon jepit MUTIARA,Sandal Jepit Jelly WATERMELON,cd4bb44e0dfc394c8cef8dfa2fe1de72.jpg,fc8a5066a83c1560657efda6354ab3eb.jpg,False,False,False,False
4112,4135,0.5026164,0.71544015,0.6090283,"b""L'Oreal Paris Fall Resist 3X / Total Repair Shampoo 450ml loreal""","b""L'Oreal Paris Total Repair 5 Shampoo Hair Care - 330 ml (Perawatan Rambut Rusak dan Mudah Patah)""",cee26c130a9125f030b5c8b94f6bf922.jpg,cfdf004afe5681985408c9501f800fe5.jpg,True,False,False,True
4112,4955,0.61252487,0.7755108,0.6940178,"b""L'Oreal Paris Fall Resist 3X / Total Repair Shampoo 450ml loreal""",Loreal Shampoo El Total Repair 5 Sp 330ml,cee26c130a9125f030b5c8b94f6bf922.jpg,f7c9700bf43772dddbb6bde296b367ba.jpg,True,False,False,True
4158,4565,0.48921394,0.72560054,0.6074072,"READY dust mask masker, penutup hidung, masker debu, anti polusi, tidak ada batasan",Masker KN95 Anti Debu dan Polusi,d0feb3507e36e3e1b38d5cb1049cb088.jpg,e4f7c70c65bd55a5bf0f39f4066de3eb.jpg,True,False,False,False
4158,4707,0.43238515,0.81303656,0.6227108,"READY dust mask masker, penutup hidung, masker debu, anti polusi, tidak ada batasan",HANESA FASHION Masker K-pop pelindung hidung dan polusi,d0feb3507e36e3e1b38d5cb1049cb088.jpg,ecd46a6f4071697815b928f84aabf8d8.jpg,False,False,False,False
4183,4634,0.5225706,0.7725459,0.6475582,Sandal teplek Mika Tali Samping,Sandal Teplek FlipFlop Tali KO 09,d254839515ebf18bb27ad12d71a0e37a.jpg,e8fd1feed84ade24649553ba975270d9.jpg,True,False,False,False
4183,4877,0.5863125,0.7605376,0.6734251,Sandal teplek Mika Tali Samping,SANDAL TEPLEK KO 09,d254839515ebf18bb27ad12d71a0e37a.jpg,f493b6bbc3bc0186caebf1a930b1aaf5.jpg,True,False,False,False
4186,4488,0.50543636,0.9095844,0.70751035,Charger 3A / charger 3A Branded QUALCOMM QUICK CHARGE FOR SAMSUNG / OPPO / XIAOMI / VIVO / ASUS,[PROMO] Charger VOOC 2usb PORT Fast Charging 2A Usb For Xiaomi / Oppo / Vivo / Samsung,d29b512d88e7a44d338b142c9aa2cf86.jpg,e190af71c7d2f71f5779ffa1452bc360.jpg,True,True,False,True
4213,4843,0.5926919,0.61535156,0.6040217,Teether gigitan bayi buah,( YR ) MAINAN GIGITAN BAYI / TEETHER baby toy KERINCING,d3987796d4ebab6882e1068deed3b11c.jpg,f3732afbd4bfdc751aff4fe85cba1980.jpg,True,False,False,False
4213,4900,0.6595716,0.5918088,0.6256902,Teether gigitan bayi buah,Mainan Gigitan Bayi / Rattle Stick Teether,d3987796d4ebab6882e1068deed3b11c.jpg,f595791368c23579b6e8446aa16c8e76.jpg,True,False,False,False
4224,4556,0.80440074,0.59977794,0.7020893,Mainan Edukatif Edukasi Anak Balok Susun - PAKET Uno Stacko Tumbling Stacking Tower Dan Kartu Uno,Edufuntoys  - UNO STACKO/ mainan edukasi balok susun/ tumbling stacking tower,d3fbf787fbf02e190f6cc233a19b6e23.jpg,e4669ad212381cda6f6dbf3440eb5848.jpg,True,False,False,False
4235,4674,0.4685557,0.76502115,0.6167884,AZARINE C WHITE EYELUMINATE FIRMING SERUM 15ML,Azarine C White Lightening Tone Up Body Serum 100 ml,d4dbd1b71070f54d3dd72cd4633ccfe1.jpg,eb30f218712e7afb4bac5e1b99ee81a9.jpg,False,False,False,True
4241,5028,0.530053,0.7467599,0.63840646,SEPATU PRIA CASUAL SLIP ON WALKERS ITALIAN MURAH,"b""Panarybody Sepatu Pria sepatu casual pria sepatu slip on pria Sepatu Kasual Impor Men's shoes""",d4f381fc8da11239f86bdd3ba400b434.jpg,fbf380b9bf6de8bcb98c2bdbc0d7eae3.jpg,True,False,False,False
4247,4723,0.5827115,0.6607623,0.6217369,Mangkok Masker Set / Mask Bowl masker Mangkok DIY 4 in 1 Kosmetik,MANGKUK MASKER SET 4in1 / MANGKOK KUAS SENDOK MASKER,d51fe878d3b7f399c0efc3d0ae21cde9.jpg,ed65c0d39862a7ea7d6898149a5c2de6.jpg,True,False,False,False
4277,4331,0.58249646,0.6738373,0.6281669,Kaftan Wanita / Pesta Wanita / Baju Kaftan Wanita Terbaru /,KAFTAN POLOS,d729151029358a971b5bb58f6771ff98.jpg,d9fbb4392ecaa8b36671581d7f6f32d5.jpg,True,False,True,False
4298,4893,0.4200232,0.78946996,0.6047466,Mukena Anak Katun Tsum Alphabet Pink ( Tas Ransel ),GROSIR MUKENA ANAK KATUN UNICORN PINK TAS SAJADAH,d8103f65d13df445c5755e71ce6bae93.jpg,f5618596db0079de5d8346cf783df5ed.jpg,False,False,False,False
4318,4873,0.5056596,0.7810663,0.64336294,MM - Handsfree headset earphone bando J XB-450 extra bass / earphone J XB 450 stereo headphones,P47 Headphone Wireless Portable Bluetooth Headset Bass Handsfree Earphone Earpods Audio Music Gaming,d92e639cd0e88b51a7ccf2861f18b508.jpg,f47e5cbd02615de818987d214c05460e.jpg,True,False,False,True
4331,4549,0.52963805,0.67959887,0.60461843,KAFTAN POLOS,Kaftan Wanita / Pesta Wanita / Baju Kaftan Wanita Terbaru / Catherine,d9fbb4392ecaa8b36671581d7f6f32d5.jpg,e4042a10c0b0cc826dc073e53ccba851.jpg,True,False,True,False
4335,4957,0.65409684,0.6398066,0.64695174,3Pcs Pinset Pemencet / Penghilang Komedo Hitam / Jerawat,Alat Pinset pencet jerawat dan komedo 1 set isi 2pcs,da2582c710098471197955318ec17c45.jpg,f7e73b3e9a7ce89968aa96f8c966eb3e.jpg,True,False,False,True
4337,5075,0.6077712,0.7077485,0.65775985,Case VIVO S1 Z1 Pro Y12 Y15 Y17 Y11 Y91 Y93 Y95 Y91C Y19 V15 V11 Y81 Y71 V9 V7 Plus V5S Motif Kaws Air Soft TPU Phone Case,Soft Case Desain Kartun Kuda Nil VIVO Y12 Y30 V19 Y91C Y15 Y91 Y20 Y20i Y50 S1 Y17 Y19 Y11 Y71 S1 PRO Z1 PRO Y93 Y95 V5 Y30i Y12i Y71i Y91i Z5 U10 U3 U20 V5 lite V5S Y66 Y70 Y90,da315fe1f822c585793b421ad81b48ac.jpg,fdb8bd7e8d00a0e5f85578ea9ccfeced.jpg,True,False,False,True
4341,4601,0.60292834,0.6424768,0.6227026,[ COD ] - Aroma Diffuser Minimalist Air Ultrasonic Aroma Humidifier Aromatherapy HUMI K-003-1,220ml Diffuser Humidifier Purifier and Humidifier Pengharum Ruangan pewangi mobil Aromatherapy,da4c2446d34c95fc0b03a7f28d604c31.jpg,e761882d92abea05513771e1a847e0a0.jpg,True,False,False,True
4341,4726,0.5966167,0.60501426,0.6008155,[ COD ] - Aroma Diffuser Minimalist Air Ultrasonic Aroma Humidifier Aromatherapy HUMI K-003-1,Ultrasonic Air Humidifier Aroma Essential Oil Diffuser 400ml with Wood Grain 7 Color LED Lights,da4c2446d34c95fc0b03a7f28d604c31.jpg,eda49218ddfe480adc8157204c925f8e.jpg,True,False,False,True
4349,4389,0.5735916,0.7023624,0.637977,JILBAB QIANA BANDUL HIJAB JILBAB INSTANT,((PROMO TERBATAS)) HIJAB JILBAB KERUDUNG SHALWA INSTAN ||| HIJAB JILBAB KHIMAR INSTAN,da841abba3de1c4c1ec1ea23de56dd07.jpg,dc4597593484a119f2df87c5852bb675.jpg,True,False,False,False
4349,4415,0.44637433,0.7677494,0.60706186,JILBAB QIANA BANDUL HIJAB JILBAB INSTANT,Jilbab Nafisa Hanita/Hijab murah/Kerudung instan/Berkualitas,da841abba3de1c4c1ec1ea23de56dd07.jpg,ddc91566f53f243169de70d3e7c41a01.jpg,False,False,False,False
4351,4399,0.4213733,0.7804927,0.600933,G & M Gantungan Dinding untuk Gitar Akustik / Elektrik / Bass / Ukulele,Mount Gantungan Dinding Gitar Back Holder Rack,dabc97fd40708f994a43af891041bf2b.jpg,dce7da24b1eb8dbbf5ab54f19841a98f.jpg,False,False,False,False
4389,4415,0.57541025,0.70451117,0.6399607,((PROMO TERBATAS)) HIJAB JILBAB KERUDUNG SHALWA INSTAN ||| HIJAB JILBAB KHIMAR INSTAN,Jilbab Nafisa Hanita/Hijab murah/Kerudung instan/Berkualitas,dc4597593484a119f2df87c5852bb675.jpg,ddc91566f53f243169de70d3e7c41a01.jpg,True,False,False,False
4411,4855,0.7410362,0.5071497,0.62409294,Omiland Bantal Menyusui + Bantal Lengan Panda Series,Bantal Menyusui Panda Series Omiland OWB1141,dda4730e4d7cc9a51eb631e06496fc2d.jpg,f3e37a63b3595ec422027926fe7270a7.jpg,True,False,False,False
4421,4659,0.63529855,0.7201475,0.67772305,HM [Paket Isi 3pcs] Handuk Dewasa Towel One Random Motif (70x135),PH PAKET Handuk MERAH PUTIH MOTIF 70x135 (3 PCS)/ Handuk Mandi / Handuk Dewasa,ddf65bffcdec8a7459beb922ea66abab.jpg,ea264d4c16f66414ee19d4da802aa403.jpg,True,False,False,False
4423,4784,0.5083095,0.69381404,0.60106176,Jaket TNF,JAKET SEMI PARKA - JAKET PRIA,de053a98595213bd095a68592f7c82a3.jpg,f11fa34ae4e35a5d212f104059747093.jpg,True,False,True,False
4436,4635,0.7675017,0.70967174,0.7385867,E BOOK 3 BAHASA - MAINAN EDUKASI EDUKATIF ANAK,R27C E BOOK 4 BAHASA & 3 BAHASA - MAINAN EDUKASI EDUKATIF BUKU PINTAR EBOOK MUSLIM,dea6282ee4f39b9f611e585fb0695bc6.jpg,e9027d6c3706d0a1109d6c67d1e61e25.jpg,True,False,False,True
4487,4649,0.39967796,0.85359794,0.62663794,[Promo Flash Sale] FMB | Mariska Maxi Size S M L XL | Furwa Maxi Toyobo | Matt Toyobo HQ,{PROMO FLASH SALE} GBB_ Mecca Syari Size S M L XL | Dress | Gamis | Maxi | Terlaris | Terbaru,e16e7b842405a416d7e9aa82671b2f10.jpg,e9ba8adb401291619129d8793b2062c3.jpg,False,True,False,False
4487,4682,0.4046986,0.83195645,0.6183275,[Promo Flash Sale] FMB | Mariska Maxi Size S M L XL | Furwa Maxi Toyobo | Matt Toyobo HQ,M.A | PROMO FLASH SALE | Mecca Syari Size S M L XL | Dress | Gamis | Maxi | Terbaru | Baju Terlaris,e16e7b842405a416d7e9aa82671b2f10.jpg,eb7b6a934bd3adc804ef06ede3f04b28.jpg,False,False,False,False
4488,4535,0.56227463,0.718848,0.64056134,[PROMO] Charger VOOC 2usb PORT Fast Charging 2A Usb For Xiaomi / Oppo / Vivo / Samsung,charger brand A80 / casan samsung xiaomi vivo oppo,e190af71c7d2f71f5779ffa1452bc360.jpg,e38c95a33b5bfd1e272461457455a301.jpg,True,False,False,True
4504,4800,0.62081516,0.6062155,0.6135153,Clip On Mic Microphone 3.5mm For Smartphone / PC,BOYA BY-M1 CLIP ON LAVALIER MICROPHONE For DSLR Smartphone,e265c44f05699f90ec6d7da75f5306f0.jpg,f1b14042a7bf5847ee6d38dd42f902f9.jpg,True,False,False,True
4506,4785,0.51742905,0.75533795,0.63638353,Hijab anak topi pita polos jilbab murah,Hijab anak / krudung anak / jilbab anak lucu,e2849afe8c8517d3cac5c4bc855479a1.jpg,f12082dd3b19fb4537a116b518e9151b.jpg,True,False,False,False
4520,4714,0.59716636,0.77330333,0.68523484,Parutan Serbaguna Drain Basket Pemotong Sayuran,Parutan Serbaguna Multifungsi Putih 4 in 1/ Alat Pemotong Buah & Sayur,e2b3d596c63e9b76b8072858a96768a2.jpg,ed05a596422b84b6afbdea8576b11fc2.jpg,True,False,False,False
4541,4964,0.45578414,0.81121,0.63349706,Dancow 1+ Vanila 400 Gr Box 400 800,dancow 3+ coklat 800gr,e3aaba9892367fa34a87fc243d01f4c9.jpg,f83bc36e5b7e3cfc9fd1e39f89487cb5.jpg,False,False,False,True
4669,5003,0.41664714,0.8182732,0.61746013,READY HEADSET OPPO F7,Headset Hf Oppo Earphone MH-133 A83/F3/F7/F1S/A9 2020 model Original,eabd55baa4214706cc9ca8d6935f9b06.jpg,fa89eb16a0ea2cb783ec15a7b98a0637.jpg,False,False,False,True
4692,4781,0.7297332,0.70611537,0.7179243,50Pcs Ikat Rambut Elastis untuk Wanita,Ikat Rambut Elastis dengan Lampu untuk Wanita,ebf8ab5430ab43bfd322a67e99041d79.jpg,f10bb5bbf19afc01fe79fc666b39f092.jpg,True,False,False,False
4692,4794,0.5366291,0.67914593,0.6078875,50Pcs Ikat Rambut Elastis untuk Wanita,Ikat Rambut Ponytail Elastis Bahan Sutra Satin Warna Polos Untuk Wanita,ebf8ab5430ab43bfd322a67e99041d79.jpg,f1794ac00e181820ae8c1ff2f43dc4c6.jpg,True,False,False,False
4705,4852,0.5170348,0.75956655,0.63830066,GAMIS WOLFIS SLETING BATIQ 108,VEE DRESS GAMIS WOLFIS,ec826019acdd40b3521f981a0748268e.jpg,f3c7b0283b3d32f5380f4b2c0ed851b3.jpg,True,False,False,False
4727,4830,0.8675701,0.5147326,0.6911514,Sabun Tzuki Ori dijamin asli,Sabun Tzuki Dijamin Asli Original 1000%,edb4d7b35c1d669f51b9496a3c433626.jpg,f30b8cda0eda1e699ad3ad38e437cc8d.jpg,True,False,False,False
4785,5026,0.4763488,0.76138747,0.6188681,Hijab anak / krudung anak / jilbab anak lucu,Hijab anak lol led 2-4 tahun /  krudung lol led Jersey,f12082dd3b19fb4537a116b518e9151b.jpg,fbf042d8956ff3cf7ffec15613ed86a9.jpg,False,False,False,False
4818,5056,0.43355578,0.7729167,0.6032362,KICKERS BANDIT  sepatu pria casual boots formal,sepatu walkers slipon casual sintetis sepatu slop pria mocasin formal santai walkers italian,f27a2fbc0d0dfdd60f531ee2f0c2c4bd.jpg,fcfce263bfcebb6aeecc27423e1ec184.jpg,False,False,False,False
4830,4863,0.60249007,0.6286479,0.615569,Sabun Tzuki Dijamin Asli Original 1000%,SABUN TZUKI,f30b8cda0eda1e699ad3ad38e437cc8d.jpg,f42ac9d022d30eab364fcd72b45f6dbe.jpg,True,False,True,False
4842,5002,0.63558614,0.71626544,0.6759258,GR-62 Ransel Wanita Tas Wanita Ransel Import Ransel Tas Import + Boneka + Gantungan JAKARTA,TAS RANSEL ANAK TAS RANSEL WANITA MURAH / TAS WANITA MURAH RANSEL,f36a434cafdfc8dbf9ee7515eb272b43.jpg,fa8071dde0ab781c9232968498d13f87.jpg,True,False,False,False
5008,5033,0.49583024,0.8302494,0.6630398,Tas Selempang Wanita Gantungan Motif  Rusa,Tas Selempang Wanita Rantai MEGA,fb290f8ee6bddd03f764e36f0c57d0d3.jpg,fc489ba169d2360a37be3a3ea7d892bc.jpg,True,False,False,False
