ctr_probability,prediction
0.32259417,0
0.36531147,0
0.48921314,0
0.18118042,0
0.60942566,0
0.31071603,0
0.69081825,0
0.4522969,0
0.41334334,0
0.46530584,0
0.61796504,0
0.29281783,0
0.30486244,0
0.34330088,0
0.46710563,0
0.45243466,0
0.69849294,0
0.2815191,0
0.2325294,0
0.43568665,0
0.7092236,0
0.4721365,0
0.5712847,0
0.25912037,0
0.6028027,0
0.40832075,0
0.6097513,0
0.31431714,0
0.40189645,0
0.49131015,0
0.8207079,1
0.4136895,0
0.46713933,0
0.5727223,0
0.24184905,0
0.36694956,0
0.41425246,0
0.4240337,0
0.5829126,0
0.22142366,0
0.3757164,0
0.71786726,1
0.5884595,0
0.17768568,0
0.2786919,0
0.5525564,0
0.5581096,0
0.40296128,0
0.48342192,0
0.109191574,0
0.2224086,0
0.37179425,0
0.14656204,0
0.52860147,0
0.3578147,0
0.3014971,0
0.35631645,0
0.5787787,0
0.35444567,0
0.5234296,0
0.6803831,0
0.27111852,0
0.43845794,0
0.6024245,0
0.5593215,0
0.36770865,0
0.3236311,0
0.3864899,0
0.45841122,0
0.5025412,0
0.4661629,0
0.43266055,0
0.23996697,0
0.5088437,0
0.6307094,0
0.5822083,0
0.26074404,0
0.43627897,0
0.63745576,0
0.30916968,0
0.39174572,0
0.18804368,0
0.46146888,0
0.6339656,0
0.6263506,0
0.24413888,0
0.5585695,0
0.44371125,0
0.42347604,0
0.14986233,0
0.17948088,0
0.3725932,0
0.40400377,0
0.6302291,0
0.29208028,0
0.4277723,0
0.5789143,0
0.5332257,0
0.38982657,0
0.11427168,0
0.62156826,0
0.6348529,0
0.34768,0
0.46953043,0
0.3156847,0
0.6253565,0
0.34167552,0
0.5331722,0
0.5574872,0
0.3281228,0
0.51682144,0
0.30169937,0
0.5480699,0
0.45021763,0
0.34270993,0
0.5478615,0
0.2894495,0
0.30774564,0
0.34142202,0
0.47255334,0
0.57833594,0
0.19893664,0
0.32287598,0
0.4594786,0
0.269029,0
0.57333136,0
0.4904741,0
0.2251821,0
0.15138301,0
0.5556751,0
0.4335305,0
0.50136024,0
0.5450423,0
0.82329947,1
0.4840404,0
0.3497395,0
0.26503578,0
0.282617,0
0.42475942,0
0.4284932,0
0.4350292,0
0.46545497,0
0.46985433,0
0.2995738,0
0.28148124,0
0.45473364,0
0.6298803,0
0.7177557,1
0.26413405,0
0.48453075,0
0.277386,0
0.34286836,0
0.3454501,0
0.31411597,0
0.5353765,0
0.2339539,0
0.60949916,0
0.6021791,0
0.17641376,0
0.27679104,0
0.3522857,0
0.22045197,0
0.27804568,0
0.31888703,0
0.65217394,0
0.72880137,1
0.34606007,0
0.55993664,0
0.4475212,0
0.42654404,0
0.30151907,0
0.39428726,0
0.43387055,0
0.14999239,0
0.5187278,0
0.30062833,0
0.40950325,0
0.48654342,0
0.49722782,0
0.55109984,0
0.3074425,0
0.63025206,0
0.35908648,0
0.27129728,0
0.4278712,0
0.25701362,0
0.595854,0
0.39336428,0
0.1524185,0
0.51603717,0
0.58741134,0
0.42212525,0
0.4136229,0
0.3800376,0
0.55802613,0
0.38091433,0
0.8988651,1
0.66772383,0
0.37410602,0
0.26077718,0
0.65625936,0
0.6273903,0
0.47381547,0
0.3722352,0
0.18072896,0
0.522788,0
0.48121086,0
0.37698534,0
0.44076088,0
0.42923245,0
0.65761405,0
0.45502427,0
0.7505707,1
0.38432047,0
0.48807395,0
0.3581377,0
0.336772,0
0.43525127,0
0.7018929,0
0.32069853,0
0.41814598,0
0.44769505,0
0.3516109,0
0.5005979,0
0.35164487,0
0.28244966,0
0.5184074,0
0.28317994,0
0.707953,0
0.3646299,0
0.68903947,0
0.46990737,0
0.48433965,0
0.17804725,0
0.19583398,0
0.5087635,0
0.47767943,0
0.21697569,0
0.7136566,1
0.21508047,0
0.47916612,0
0.514589,0
0.38549992,0
0.33572197,0
0.39473552,0
0.14408164,0
0.58511674,0
0.51893014,0
0.272076,0
0.26089785,0
0.5019572,0
0.6902949,0
0.59093595,0
0.34373412,0
0.26684263,0
0.40806943,0
0.42952546,0
0.4277428,0
0.44841284,0
0.35700792,0
0.3940082,0
0.7872381,1
0.34960085,0
0.2956738,0
0.3763612,0
0.64895034,0
0.38101682,0
0.45558172,0
0.2750969,0
0.38888094,0
0.24317151,0
0.35001415,0
0.52918375,0
0.36759654,0
0.77206254,1
0.35659567,0
0.1981582,0
0.31267482,0
0.35815436,0
0.37148675,0
0.34282142,0
0.25149468,0
0.413504,0
0.42017174,0
0.35066342,0
0.4115197,0
0.53636515,0
0.75216395,1
0.39941385,0
0.6058652,0
0.35110742,0
0.41872305,0
0.280661,0
0.4991023,0
0.53908145,0
0.74557465,1
0.550534,0
0.37232292,0
0.6077629,0
0.20088194,0
0.43739432,0
0.46491483,0
0.3383717,0
0.5784463,0
0.29204378,0
0.44946063,0
0.3673298,0
0.47228727,0
0.39458176,0
0.5199346,0
0.23640399,0
0.33156714,0
0.42482018,0
0.617095,0
0.20758702,0
0.32900545,0
0.520983,0
0.3507158,0
0.2676699,0
0.37178573,0
0.65625155,0
0.5632629,0
0.5082042,0
0.45104524,0
0.40243942,0
0.552989,0
0.16885817,0
0.356697,0
0.49525154,0
0.52909917,0
0.47439334,0
0.5100379,0
0.15425456,0
0.45344993,0
0.5788792,0
0.32065168,0
0.3354934,0
0.5480316,0
0.49523538,0
0.31631526,0
0.6080085,0
0.29730937,0
0.2598008,0
0.5480471,0
0.68708515,0
0.4758341,0
0.13322487,0
0.3571831,0
0.2058049,0
0.61827874,0
0.7619237,1
0.5237508,0
0.48963,0
0.24449125,0
0.376783,0
0.5094337,0
0.4006538,0
0.2818215,0
0.5069982,0
0.38211098,0
0.47259593,0
0.3192088,0
0.38157114,0
0.38833243,0
0.43760812,0
0.39673793,0
0.454042,0
0.5821382,0
0.64492023,0
0.50681967,0
0.32402182,0
0.62426126,0
0.40804505,0
0.37598628,0
0.37378263,0
0.256773,0
0.19159222,0
0.33051652,0
0.4311244,0
0.6615271,0
0.725565,1
0.3772118,0
0.36118996,0
0.37414455,0
0.43969193,0
0.6350924,0
0.29630408,0
0.34845176,0
0.24108459,0
0.43595737,0
0.81104475,1
0.33281183,0
0.50997496,0
0.331595,0
0.61091393,0
0.21879634,0
0.6692995,0
0.3135016,0
0.37530702,0
0.39467964,0
0.16548665,0
0.32206953,0
0.6832519,0
0.48286083,0
0.5175947,0
0.25119933,0
0.32217586,0
0.6907437,0
0.5874492,0
0.2194529,0
0.4155164,0
0.5011406,0
0.48558685,0
0.5684308,0
0.52663904,0
0.8094132,1
0.53701574,0
0.40732226,0
0.4062959,0
0.25221047,0
0.23758206,0
0.65010655,0
0.5236843,0
0.6128879,0
0.4508987,0
0.30589387,0
0.18775398,0
0.15507081,0
0.38656124,0
0.6696948,0
0.10287301,0
0.30988982,0
0.75069755,1
0.36949703,0
0.31909403,0
0.48562598,0
0.31259525,0
0.43389857,0
0.6562912,0
0.36406848,0
0.70714575,0
0.4231942,0
0.2863443,0
0.33147916,0
0.3566215,0
0.5589821,0
0.3687765,0
0.41137066,0
0.3862425,0
0.7462505,1
0.5307505,0
0.43626392,0
0.6619938,0
0.3424316,0
0.43300334,0
0.47402844,0
0.5654067,0
0.4375908,0
0.18137236,0
0.27103227,0
0.5617291,0
0.35389882,0
0.4562057,0
0.64725715,0
0.62896055,0
0.40397042,0
0.36486325,0
0.23806271,0
0.48970932,0
0.27826312,0
0.5621559,0
0.3711631,0
0.39054975,0
0.7008706,0
0.28816268,0
0.5690449,0
0.7346646,1
0.24618945,0
0.7484771,1
0.3601606,0
0.5127063,0
0.3309109,0
0.38721153,0
0.34075713,0
0.6014231,0
0.18921581,0
0.36972776,0
0.3712898,0
0.59032476,0
0.7405218,1
0.7656509,1
0.24011606,0
0.42218766,0
0.62676346,0
0.39133933,0
0.3843718,0
0.32152924,0
0.3573934,0
0.37287098,0
0.28900707,0
0.30471092,0
0.45056242,0
0.24552782,0
0.58152324,0
0.69575167,0
0.4288203,0
0.36626294,0
0.31838217,0
0.35177964,0
0.4374343,0
0.29406783,0
0.34202987,0
0.42496487,0
0.6266929,0
0.7800625,1
0.41248566,0
0.45244142,0
0.31220213,0
0.4763168,0
0.42867976,0
0.34232906,0
0.43644232,0
0.7514016,1
0.5420155,0
0.5388369,0
0.24922122,0
0.24943468,0
0.34767178,0
0.59824693,0
0.66516405,0
0.4929061,0
0.3904751,0
0.4275653,0
0.32632533,0
0.49707997,0
0.34502062,0
0.7475489,1
0.35409573,0
0.6644196,0
0.4916235,0
0.36844718,0
0.26281348,0
0.37287644,0
0.4066006,0
0.39092487,0
0.42003226,0
0.28697023,0
0.40632528,0
0.4659529,0
0.491273,0
0.77039576,1
0.400522,0
0.50515825,0
0.33798322,0
0.42209017,0
0.1620615,0
0.4171398,0
0.3817734,0
0.19154772,0
0.06513164,0
0.61493367,0
0.7121965,1
0.5966675,0
0.31496376,0
0.54600245,0
0.19573809,0
0.21824321,0
0.32157272,0
0.50240767,0
0.4916228,0
0.5608802,0
0.27839524,0
0.4630165,0
0.3907339,0
0.7074008,0
0.18642569,0
0.32438138,0
0.28868717,0
0.23705721,0
0.46820897,0
0.41560417,0
0.52155584,0
0.3951404,0
0.37921968,0
0.47091565,0
0.28001314,0
0.39649466,0
0.24314924,0
0.2858817,0
0.39184755,0
0.37488067,0
0.15051316,0
0.33853415,0
0.64713275,0
0.5201628,0
0.8598783,1
0.33142668,0
0.25732243,0
0.54678327,0
0.5354193,0
0.33124527,0
0.49565792,0
0.41793218,0
0.417389,0
0.2587063,0
0.4494243,0
0.4400901,0
0.46437025,0
0.18067735,0
0.41292495,0
0.28361747,0
0.44509116,0
0.4652894,0
0.43117478,0
0.4424467,0
0.23537509,0
0.41937226,0
0.38569963,0
0.5822092,0
0.27502468,0
0.4482096,0
0.4396673,0
0.37072736,0
0.40908384,0
0.27244267,0
0.28149483,0
0.5272698,0
0.51945823,0
0.34611696,0
0.51004213,0
0.5143216,0
0.642154,0
0.20835109,0
0.6362221,0
0.41927215,0
0.41582832,0
0.4991004,0
0.50493824,0
0.439444,0
0.5351268,0
0.40118825,0
0.65327287,0
0.35481492,0
0.43175888,0
0.56531554,0
0.36950752,0
0.67026335,0
0.28618392,0
0.36085337,0
0.65068036,0
0.6234832,0
0.3685541,0
0.5840035,0
0.2888895,0
0.35121644,0
0.5002074,0
0.30570024,0
0.42788717,0
0.26954412,0
0.7320228,1
0.30399212,0
0.2112366,0
0.31141567,0
0.5571162,0
0.29360938,0
0.537156,0
0.3565176,0
0.38784924,0
0.3336865,0
0.4174538,0
0.3491016,0
0.5648852,0
0.9195144,1
0.41575414,0
0.55248386,0
0.5335262,0
0.5128766,0
0.41248393,0
0.35516673,0
0.4861161,0
0.48152182,0
0.9120311,1
0.61499405,0
0.5152829,0
0.51520807,0
0.72678864,1
0.3804575,0
0.34166226,0
0.22865377,0
0.30877492,0
0.7075997,0
0.5129403,0
0.6197073,0
0.3719022,0
0.6393766,0
0.3676415,0
0.23287186,0
0.44176656,0
0.3063992,0
0.3989201,0
0.17011215,0
0.57276464,0
0.40265268,0
0.7027198,0
0.5014208,0
0.6088527,0
0.36457014,0
0.3889475,0
0.3546232,0
0.35119155,0
0.6331332,0
0.71608657,1
0.7010871,0
0.3668167,0
0.3493804,0
0.57939506,0
0.22943689,0
0.335063,0
0.18934998,0
0.28113404,0
0.40997267,0
0.33862367,0
0.22786945,0
0.26413056,0
0.5046826,0
0.3683387,0
0.31007046,0
0.4079994,0
0.53310764,0
0.46518,0
0.8242188,1
0.24870421,0
0.29945627,0
0.46889928,0
0.40163276,0
0.3370678,0
0.31882963,0
0.46503714,0
0.6816399,0
0.3449011,0
0.27458006,0
0.48609164,0
0.3643287,0
0.37698856,0
0.6260135,0
0.43971366,0
0.39873192,0
0.6505856,0
0.38449666,0
0.3222463,0
0.31546935,0
0.34346366,0
0.400559,0
0.66206527,0
0.4029273,0
0.13051943,0
0.24523054,0
0.29536164,0
0.19356537,0
0.6579354,0
0.46900487,0
0.55708164,0
0.4736578,0
0.25570315,0
0.26540208,0
0.5642347,0
0.5399477,0
0.26728114,0
0.2490212,0
0.35225335,0
0.55583537,0
0.3954991,0
0.33270344,0
0.23022048,0
0.40425083,0
0.4782749,0
0.35760683,0
0.7552011,1
0.4576747,0
0.24923998,0
0.4536384,0
0.28651118,0
0.43964383,0
0.5959266,0
0.6099947,0
0.39671475,0
0.4899162,0
0.40454835,0
0.39649627,0
0.5184903,0
0.18845542,0
0.50647146,0
0.5311096,0
0.3784116,0
0.46526775,0
0.2980703,0
0.5581131,0
0.27189875,0
0.45508122,0
0.4574655,0
0.622918,0
0.43344197,0
0.67728335,0
0.3915381,0
0.61057353,0
0.42164135,0
0.36784455,0
0.5365614,0
0.32242614,0
0.28894135,0
0.38124704,0
0.35672438,0
0.6438169,0
0.28574967,0
0.50223416,0
0.47853416,0
0.4211008,0
0.8068261,1
0.41941825,0
0.39658523,0
0.58488625,0
0.3652405,0
0.45480025,0
0.81393325,1
0.5301699,0
0.35919097,0
0.5125,0
0.15841849,0
0.54105526,0
0.29148877,0
0.6649648,0
0.4301229,0
0.33100665,0
0.16090293,0
0.15902789,0
0.4059105,0
0.43792236,0
0.55845845,0
0.58293176,0
0.3236567,0
0.38369992,0
0.27908045,0
0.2956461,0
0.6497158,0
0.45635048,0
0.48331577,0
0.56082714,0
0.28585994,0
0.30491415,0
0.834385,1
0.41990212,0
0.39486587,0
0.7944114,1
0.19220535,0
0.36023077,0
0.5202167,0
0.69328564,0
0.35434023,0
0.29435244,0
0.38905197,0
0.2072247,0
0.29741946,0
0.36089864,0
0.66125566,0
0.5667591,0
0.6125077,0
0.3819398,0
0.42584625,0
0.37053084,0
0.7987789,1
0.58633524,0
0.29115406,0
0.48903146,0
0.51688945,0
0.27415442,0
0.22396068,0
0.39141196,0
0.34489655,0
0.29997212,0
0.49732614,0
0.29419017,0
0.6275212,0
0.5368973,0
0.31216988,0
0.29147962,0
0.36088198,0
0.52527833,0
0.3408392,0
0.24215487,0
0.4937039,0
0.6215766,0
0.5899143,0
0.41035897,0
0.18361285,0
0.5320111,0
0.51165634,0
0.31941506,0
0.17933297,0
0.6473262,0
0.24977109,0
0.33853364,0
0.5517319,0
0.18724065,0
0.4143585,0
0.6650971,0
0.6226054,0
0.23619977,0
0.49385813,0
0.34104595,0
0.45739183,0
0.45498523,0
0.5100215,0
0.36441392,0
0.29441288,0
0.3395458,0
0.78178984,1
0.5713197,0
0.4524841,0
0.4678025,0
0.5737836,0
0.27599257,0
0.32758498,0
0.45359677,0
0.33731747,0
0.29366788,0
0.28796342,0
0.346019,0
0.68722177,0
0.45432442,0
0.3665016,0
0.20971876,0
0.42999795,0
0.4241331,0
0.35094902,0
0.38251376,0
0.4866255,0
0.42898408,0
0.27940586,0
0.448372,0
0.36208248,0
0.3030498,0
0.35463846,0
0.47137144,0
0.5758444,0
0.62634003,0
0.21321636,0
0.57417154,0
0.37065098,0
0.3469165,0
0.490911,0
0.34938702,0
0.32991695,0
0.42833942,0
0.37954217,0
0.55805314,0
0.29287252,0
0.20878398,0
0.30215988,0
0.49018967,0
0.378323,0
0.6015494,0
0.52872396,0
0.4781199,0
0.24146289,0
0.20790274,0
0.6126203,0
0.54043555,0
0.20657359,0
0.27104947,0
0.35231468,0
0.27723086,0
0.40642732,0
0.47699177,0
0.5770495,0
0.4109868,0
0.656611,0
0.52867734,0
0.34511223,0
0.35223195,0
0.70067656,0
0.49857968,0
0.3773499,0
0.32796705,0
0.23394728,0
0.43104282,0
0.6807854,0
0.46381488,0
0.55971175,0
0.89092845,1
0.47595507,0
0.19080073,0
0.5262906,0
0.48413777,0
0.42313617,0
0.3915633,0
0.47545907,0
0.16517895,0
0.713912,1
0.68352896,0
0.34497672,0
0.77098876,1
0.4022094,0
0.47105053,0
0.51067954,0
0.37557,0
0.47464553,0
0.7386586,1
0.46793088,0
0.38332418,0
0.41065845,0
0.27079207,0
0.43553975,0
0.3948722,0
0.578331,0
0.41929975,0
0.44519812,0
0.62412953,0
0.49590546,0
0.20692025,0
0.40402675,0
0.5164904,0
0.43543625,0
0.6694861,0
0.22687788,0
0.40707466,0
0.55995554,0
0.33255342,0
0.42847997,0
0.43171516,0
0.37191105,0
0.3335317,0
0.66463035,0
0.14486328,0
0.4874554,0
0.28396326,0
0.269585,0
0.50272197,0
0.95929426,1
0.40566552,0
0.19752835,0
0.45139775,0
0.43139312,0
0.38398126,0
0.44515285,0
0.30828938,0
0.5025795,0
0.6158176,0
0.24433759,0
0.38122275,0
0.72669107,1
0.43216252,0
0.2233875,0
0.7538848,1
0.2706427,0
0.4490436,0
0.39096484,0
0.56158453,0
0.47007507,0
0.50095344,0
0.27811497,0
0.5446384,0
0.3996332,0
0.53240377,0
0.4483252,0
0.22559536,0
0.26434505,0
0.35046464,0
0.33531418,0
0.28727517,0
0.5735441,0
0.29076582,0
0.42631283,0
0.39029697,0
0.25892285,0
0.3840108,0
0.27606505,0
0.2545734,0
0.34913358,0
0.58712447,0
0.56447136,0
0.47887617,0
0.7613803,1
0.5933613,0
0.61707133,0
0.7494139,1
0.44798672,0
0.65156,0
0.65211654,0
0.27907467,0
0.6255703,0
0.3390668,0
0.42711726,0
0.313247,0
0.2613431,0
0.25951603,0
0.5343095,0
0.30316502,0
0.52224416,0
0.41785863,0
0.5974425,0
0.6005196,0
0.26766413,0
0.41016024,0
0.66062194,0
0.3043299,0
0.39389098,0
0.3991187,0
0.43303636,0
0.58296233,0
0.57898426,0
0.5238847,0
0.5833475,0
0.50907034,0
0.2283835,0
0.4478871,0
0.41346282,0
0.5860542,0
0.24379465,0
0.43442804,0
0.25547448,0
0.6540539,0
0.52042234,0
0.5682295,0
0.43573618,0
0.53449714,0
0.57090324,0
0.39999455,0
0.20702957,0
0.40962774,0
0.5549789,0
0.6189276,0
0.60595185,0
0.39942244,0
0.27358517,0
0.5307564,0
0.32419664,0
0.5798287,0
0.2526535,0
0.3776246,0
0.2886929,0
0.39357704,0
0.6062618,0
0.44022143,0
0.41362745,0
0.32232666,0
0.36506924,0
0.41224954,0
0.2119336,0
0.43844056,0
0.43761215,0
0.63522184,0
0.31914204,0
0.22192094,0
0.24177302,0
0.47246578,0
0.7400226,1
0.47472322,0
0.4648683,0
0.46815023,0
0.50734305,0
0.7630809,1
0.29463655,0
0.5038906,0
0.58370346,0
0.16765307,0
0.28367445,0
0.39378604,0
0.40272984,0
0.20219792,0
0.3132752,0
0.46135792,0
0.5250852,0
0.4295935,0
0.34916803,0
0.22482781,0
0.5450949,0
0.5600231,0
0.43084985,0
0.42418495,0
0.41613165,0
0.19540845,0
0.40194446,0
0.50787735,0
0.30955112,0
0.50109047,0
0.42674932,0
0.7142195,1
0.6676933,0
0.37481177,0
0.21338916,0
0.6238064,0
0.5193681,0
0.3119845,0
0.34232247,0
0.30861387,0
0.2842448,0
0.3901173,0
0.41837135,0
0.4352688,0
0.3518665,0
0.3742385,0
0.35652035,0
0.3437549,0
0.36699837,0
0.6010697,0
0.2786705,0
0.27831388,0
0.36171684,0
0.37112737,0
0.6739121,0
0.5160348,0
0.1831734,0
0.48061162,0
0.5173086,0
0.42611113,0
0.32254666,0
0.45024836,0
0.2814221,0
0.25265715,0
0.6870178,0
0.62851065,0
0.45971102,0
0.2970197,0
0.29041466,0
0.30949423,0
0.3029304,0
0.68042326,0
0.5331013,0
0.41316393,0
0.29700074,0
0.5976896,0
0.27376363,0
0.44045332,0
0.2534863,0
0.22592519,0
0.32913852,0
0.4660356,0
0.6593456,0
0.56284255,0
0.4781465,0
0.20013271,0
0.42299893,0
0.6477874,0
0.5184067,0
0.3936298,0
0.32272887,0
0.36297268,0
0.3393317,0
0.31543142,0
0.47275308,0
0.4127848,0
0.32400274,0
0.40457857,0
0.34989366,0
0.43094087,0
0.5229877,0
0.3749977,0
0.2961284,0
0.57852304,0
0.46953684,0
0.46690774,0
0.55022025,0
0.6611094,0
0.44505376,0
0.40338764,0
0.5872362,0
0.49297532,0
0.15179351,0
0.26287708,0
0.24019721,0
0.276276,0
0.40724665,0
0.66849077,0
0.40285218,0
0.5389152,0
0.3550045,0
0.3499512,0
0.4424953,0
0.5213384,0
0.722485,1
0.46403995,0
0.24985662,0
0.32449296,0
0.28291708,0
0.45527962,0
0.28557527,0
0.4244889,0
0.45220056,0
0.6308115,0
0.49423516,0
0.5448485,0
0.2079688,0
0.29980856,0
0.39473754,0
0.53098243,0
0.24951486,0
0.51653475,0
0.6375038,0
0.64314544,0
0.5001746,0
0.5847521,0
0.33984616,0
0.28662276,0
0.28973025,0
0.28682697,0
0.26585943,0
0.33203146,0
0.34258458,0
0.22528999,0
0.43999982,0
0.55687225,0
0.20082246,0
0.56565905,0
0.48240703,0
0.21585074,0
0.49264058,0
0.63304996,0
0.4265425,0
0.17395985,0
0.34696874,0
0.34637183,0
0.43095726,0
0.51728565,0
0.5859669,0
0.27495816,0
0.27404144,0
0.31180885,0
0.23748614,0
0.23510465,0
0.64141256,0
0.6616946,0
0.4077207,0
0.32229623,0
0.42395878,0
0.346934,0
0.41339475,0
0.65939796,0
0.64849126,0
0.3382326,0
0.41568995,0
0.66201764,0
0.60434085,0
0.6086332,0
0.34336582,0
0.6282029,0
0.2297219,0
0.35658205,0
0.2693435,0
0.680795,0
0.51707345,0
0.3805758,0
0.263498,0
0.6288393,0
0.49133605,0
0.5734468,0
0.72169393,1
0.4140469,0
0.4536582,0
0.4546423,0
0.32905552,0
0.41903153,0
0.4189824,0
0.5223739,0
0.40054113,0
0.5899448,0
0.335863,0
0.26800558,0
0.5624939,0
0.5117683,0
0.28414038,0
0.4798147,0
0.92483544,1
0.38372052,0
0.50508624,0
0.2973878,0
0.70337796,0
0.9478755,1
0.38861337,0
0.12618002,0
0.33450252,0
0.28695035,0
0.26413196,0
0.40763074,0
0.282505,0
0.72357255,1
0.44640905,0
0.2388687,0
0.33617172,0
0.30862865,0
0.35966524,0
0.2918393,0
0.40568253,0
0.22778083,0
0.524462,0
0.66299444,0
0.30212465,0
0.49373087,0
0.2740792,0
0.549551,0
0.54074335,0
0.3326249,0
0.25432163,0
0.27899572,0
0.6530011,0
0.4011114,0
0.6312394,0
0.52417666,0
0.4189084,0
0.69929403,0
0.38690442,0
0.49538618,0
0.28214535,0
0.35895306,0
0.40953782,0
0.53299236,0
0.22160965,0
0.18162984,0
0.5791713,0
0.40677392,0
0.5114924,0
0.8067126,1
0.7528051,1
0.5153821,0
0.14154579,0
0.26135767,0
0.5319317,0
0.32595268,0
0.349469,0
0.4047169,0
0.18525065,0
0.79624814,1
0.4376545,0
0.24091262,0
0.37153348,0
0.43440253,0
0.65680087,0
0.32011417,0
0.5292306,0
0.41266683,0
0.32766655,0
0.5036566,0
0.5363595,0
0.5566297,0
0.47409272,0
0.59143966,0
0.52560747,0
0.5304885,0
0.27809083,0
0.33418033,0
0.3581346,0
0.6490217,0
0.57681394,0
0.38786107,0
0.24980366,0
0.5572692,0
0.3142958,0
0.43838063,0
0.3300421,0
0.3975211,0
0.22627343,0
0.31480435,0
0.30171475,0
0.38746148,0
0.442578,0
0.51067,0
0.45692274,0
0.3044465,0
0.39060077,0
0.34738418,0
0.7417897,1
0.42087027,0
0.5169759,0
0.4813699,0
0.43109006,0
0.64940065,0
0.59246325,0
0.47197643,0
0.3758387,0
0.50432056,0
0.51965255,0
0.2945535,0
0.61407864,0
0.4101376,0
0.41452962,0
0.6100913,0
0.30926222,0
0.53029335,0
0.48025185,0
0.62132454,0
0.46108752,0
0.40476003,0
0.4690001,0
0.56563807,0
0.7136158,1
0.42011777,0
0.7460101,1
0.4455123,0
0.4015199,0
0.52979344,0
0.72988576,1
0.33654436,0
0.6234398,0
0.5141528,0
0.46867323,0
0.50276196,0
0.7091097,0
0.26255575,0
0.72382057,1
0.28899527,0
0.5752873,0
0.44430792,0
0.43151283,0
0.38617584,0
0.3149181,0
0.4377151,0
0.34405193,0
0.34468114,0
0.6986405,0
0.51810056,0
0.38356072,0
0.5276704,0
0.5847127,0
0.17231844,0
0.8580591,1
0.2790145,0
0.25941154,0
0.48882475,0
0.61735475,0
0.603061,0
0.6720322,0
0.25093356,0
0.45051098,0
0.26006082,0
0.44867116,0
0.4246521,0
0.41523173,0
0.72030103,1
0.4758456,0
0.67509687,0
0.4950731,0
0.5296232,0
0.4045171,0
0.67018515,0
0.67747116,0
0.44501728,0
0.4215463,0
0.18516858,0
0.3032239,0
0.41183627,0
0.6541618,0
0.37460086,0
0.70871675,0
0.81900966,1
0.21672936,0
0.22672284,0
0.46361688,0
0.30191508,0
0.5212057,0
0.2805514,0
0.3536283,0
0.43487743,0
0.5156123,0
0.5122222,0
0.47822812,0
0.48095822,0
0.6741282,0
0.2002314,0
0.37072814,0
0.3970678,0
0.49480656,0
0.32919583,0
0.2869034,0
0.8754509,1
0.3947836,0
0.21902905,0
0.39266413,0
0.6177902,0
0.48884264,0
0.12357139,0
0.29136476,0
0.2713203,0
0.37973738,0
0.3870194,0
0.45138618,0
0.08767252,0
0.73214144,1
0.57116306,0
0.36365888,0
0.6251789,0
0.62007123,0
0.42264423,0
0.21800871,0
0.6168482,0
0.5760108,0
0.38810655,0
0.31364754,0
0.39550778,0
0.18138182,0
0.41927385,0
0.23336144,0
0.3033874,0
0.47891608,0
0.40958315,0
0.5930935,0
0.40987238,0
0.3122541,0
0.2223364,0
0.31922963,0
0.38060662,0
0.52939236,0
0.48825428,0
0.28247592,0
0.4038425,0
0.3598891,0
0.40986583,0
0.36559856,0
0.45253202,0
0.23692606,0
0.36342815,0
0.32276502,0
0.5084939,0
0.5185671,0
0.46757126,0
0.7638659,1
0.4546263,0
0.41962275,0
0.8052397,1
0.30506092,0
0.32782176,0
0.6159637,0
0.6753595,0
0.47893938,0
0.2850063,0
0.37386024,0
0.26824987,0
0.36829606,0
0.5446447,0
0.2722564,0
0.3547626,0
0.48081863,0
0.35698617,0
0.33254063,0
0.5669341,0
0.54644483,0
0.679122,0
0.50285345,0
0.2771258,0
0.51533896,0
0.3910143,0
0.5772519,0
0.6427217,0
0.64182234,0
0.2745549,0
0.36083627,0
0.296059,0
0.7188027,1
0.3433723,0
0.48994827,0
0.24709307,0
0.6071387,0
0.70136255,0
0.5031924,0
0.48036388,0
0.37194884,0
0.51294947,0
0.5612545,0
0.3565405,0
0.43899435,0
0.28661755,0
0.69631016,0
0.6264024,0
0.25500682,0
0.47680438,0
0.50666904,0
0.3502405,0
0.7128788,1
0.5346884,0
0.3068382,0
0.4244639,0
0.43134528,0
0.16682938,0
0.7172911,1
0.49438715,0
0.38386816,0
0.64690566,0
0.22071701,0
0.37115768,0
0.17195947,0
0.40785316,0
0.23835476,0
0.54989266,0
0.34587035,0
0.4621329,0
0.2544566,0
0.2222775,0
0.45093527,0
0.40813732,0
0.4660602,0
0.69415337,0
0.49536195,0
0.5803138,0
0.63968176,0
0.26990104,0
0.43057466,0
0.19920538,0
0.4173446,0
0.6367188,0
0.5403579,0
0.41968536,0
0.41502252,0
0.29304358,0
0.35678902,0
0.3374675,0
0.3657791,0
0.42056796,0
0.50560385,0
0.62202626,0
0.26399338,0
0.5167916,0
0.69293636,0
0.42593417,0
0.69058806,0
0.48717093,0
0.34191576,0
0.79586256,1
0.5618582,0
0.6361459,0
0.2842991,0
0.31053093,0
0.58979416,0
0.66280264,0
0.3263781,0
0.26357856,0
0.5882849,0
0.43354058,0
0.47368923,0
0.36748907,0
0.26767662,0
0.46364486,0
0.38566345,0
0.36150482,0
0.49019036,0
0.38616744,0
0.3100748,0
0.45941705,0
0.27714404,0
0.48231125,0
0.7236161,1
0.62093306,0
0.5271619,0
0.37833524,0
0.37308982,0
0.35094514,0
0.2565763,0
0.3030367,0
0.48635668,0
0.41875753,0
0.39028865,0
0.51809525,0
0.47479963,0
0.19485116,0
0.43153346,0
0.38707235,0
0.37522915,0
0.3392121,0
0.30466947,0
0.27976924,0
0.31260175,0
0.5141142,0
0.4031466,0
0.36049888,0
0.5924906,0
0.32735398,0
0.28258145,0
0.27442005,0
0.4869824,0
0.26694956,0
0.41618422,0
0.3719702,0
0.7818898,1
0.86493886,1
0.3223263,0
0.2625725,0
0.29581073,0
0.41755906,0
0.33372942,0
0.5107277,0
0.40132448,0
0.51075697,0
0.4795811,0
0.45799074,0
0.17152327,0
0.74921924,1
0.35893032,0
0.4607424,0
0.43704948,0
0.52704155,0
0.18876655,0
0.3590528,0
0.27588302,0
0.3044966,0
0.61578506,0
0.61728936,0
0.48783234,0
0.27005193,0
0.41592437,0
0.46533638,0
0.4265947,0
0.5530166,0
0.33707097,0
0.20761499,0
0.45076197,0
0.3808591,0
0.37323874,0
0.48270813,0
0.45340493,0
0.37079683,0
0.26497322,0
0.5136125,0
0.4791486,0
0.2342915,0
0.56985813,0
0.38387522,0
0.28270078,0
0.4364892,0
0.3271947,0
0.4450057,0
0.52067006,0
0.29148883,0
0.61891484,0
0.48938307,0
0.2158456,0
0.24955405,0
0.61179113,0
0.46333936,0
0.2762461,0
0.27528965,0
0.52425647,0
0.1539892,0
0.52257055,0
0.21195893,0
0.3385001,0
0.52011794,0
0.7637849,1
0.45372728,0
0.4958176,0
0.6510126,0
0.28196955,0
0.27608457,0
0.52666456,0
0.4594719,0
0.6925758,0
0.4180849,0
0.30697232,0
0.55524653,0
0.29724932,0
0.4514682,0
0.67992103,0
0.50784457,0
0.76681817,1
0.37237448,0
0.57705283,0
0.6659946,0
0.58574414,0
0.37205574,0
0.2970943,0
0.4954508,0
0.31402785,0
0.5778411,0
0.3399935,0
0.47411326,0
0.48969394,0
0.39418498,0
0.2196432,0
0.2785772,0
0.4428137,0
0.33563533,0
0.53277504,0
0.4803474,0
0.29929796,0
0.5279571,0
0.4044928,0
0.673054,0
0.632197,0
0.2723874,0
0.38680944,0
0.3186244,0
0.23524033,0
0.4520828,0
0.5179231,0
0.33843735,0
0.44713393,0
0.41381416,0
0.1503545,0
0.31795076,0
0.49608684,0
0.398788,0
0.6301414,0
0.45475918,0
0.26439908,0
0.28135058,0
0.33357862,0
0.50156695,0
0.53572863,0
0.28030214,0
0.56218284,0
0.50353307,0
0.51268905,0
0.51547676,0
0.29046106,0
0.20594566,0
0.3332404,0
0.5206027,0
0.51102036,0
0.4836554,0
0.19083598,0
0.23321964,0
0.60754794,0
0.28776243,0
0.7544479,1
0.649451,0
0.6373756,0
0.57463247,0
0.5291827,0
0.60882545,0
0.5223202,0
0.3259364,0
0.48382053,0
0.25664803,0
0.5373123,0
0.36731914,0
0.31282073,0
0.24441557,0
0.7463578,1
0.57225895,0
0.41155618,0
0.43742776,0
0.6124726,0
0.51838297,0
0.47085306,0
0.5755338,0
0.41490293,0
0.32817212,0
0.5491535,0
0.4051971,0
0.39289388,0
0.4666103,0
0.44376373,0
0.15251607,0
0.3216862,0
0.42523786,0
0.4309096,0
0.4564603,0
0.27147225,0
0.27948076,0
0.31168428,0
0.21191016,0
0.64403546,0
0.45554247,0
0.55692685,0
0.2075164,0
0.50156814,0
0.5525591,0
0.41635528,0
0.5802695,0
0.22080286,0
0.53868186,0
0.42586333,0
0.337308,0
0.2279137,0
0.45002577,0
0.354952,0
0.42284146,0
0.45708442,0
0.48154178,0
0.59382546,0
0.2805244,0
0.33680677,0
0.37220123,0
0.45677665,0
0.323659,0
0.282339,0
0.574916,0
0.3414766,0
0.41524285,0
0.47646293,0
0.72042394,1
0.40529892,0
0.83062416,1
0.39786792,0
0.33013856,0
0.31768984,0
0.20384826,0
0.4529083,0
0.47313106,0
0.44450903,0
0.32948235,0
0.3891429,0
0.21305259,0
0.35350472,0
0.6897454,0
0.28704298,0
0.4262304,0
0.30321792,0
0.38111854,0
0.46856192,0
0.5483198,0
0.44818836,0
0.34744245,0
0.3084801,0
0.65573823,0
0.5484405,0
0.71664035,1
0.44516972,0
0.830221,1
0.34723118,0
0.31095108,0
0.24785872,0
0.35389468,0
0.30696258,0
0.49674922,0
0.5078445,0
0.6409951,0
0.27700934,0
0.66316694,0
0.60649514,0
0.42863587,0
0.6051475,0
0.19935665,0
0.3389547,0
0.43233222,0
0.42164826,0
0.5834597,0
0.4669852,0
0.4096557,0
0.51432925,0
0.4561904,0
0.28587127,0
0.23211463,0
0.4386561,0
0.40001518,0
0.48511815,0
0.2745362,0
0.7617723,1
0.6350179,0
0.563171,0
0.8130885,1
0.350034,0
0.5221386,0
0.72057086,1
0.30945325,0
0.4825887,0
0.29620683,0
0.71742094,1
0.3863348,0
0.39322618,0
0.48600063,0
0.4227875,0
0.27858323,0
0.510014,0
0.46955785,0
0.46816555,0
0.5604096,0
0.43589848,0
0.53873724,0
0.59981483,0
0.28631917,0
0.69709414,0
0.3216923,0
0.43082964,0
0.17208755,0
0.29995376,0
0.56338745,0
0.5338695,0
0.4612099,0
0.4718568,0
0.5056553,0
0.30114645,0
0.23243466,0
0.29611248,0
0.30107337,0
0.49063933,0
0.3596849,0
0.65818834,0
0.4086702,0
0.3960502,0
0.5079528,0
0.44461495,0
0.26548246,0
0.4354678,0
0.5717568,0
0.589359,0
0.64500093,0
0.6246337,0
0.24315031,0
0.5311309,0
0.43387693,0
0.4654599,0
0.5358635,0
0.37902156,0
0.30890104,0
0.2847714,0
0.53259754,0
0.45429292,0
0.50376105,0
0.5454122,0
0.43872803,0
0.6854016,0
0.2136788,0
0.3887368,0
0.22055648,0
0.36276376,0
0.5708454,0
0.49020857,0
0.37148255,0
0.21208093,0
0.6989112,0
0.54294086,0
0.31573826,0
0.42960253,0
0.47605035,0
0.21251306,0
0.616755,0
0.32799426,0
0.5217845,0
0.42244548,0
0.17672928,0
0.3324282,0
0.6631228,0
0.48125154,0
0.36439267,0
0.3295688,0
0.32638317,0
0.24731193,0
0.6617353,0
0.8256456,1
0.3923599,0
0.29684818,0
0.3470012,0
0.29058075,0
0.19758983,0
0.66742796,0
0.4155349,0
0.5230432,0
0.50689954,0
0.6679678,0
0.49604365,0
0.38551232,0
0.29734826,0
0.30691528,0
0.35522872,0
0.6055731,0
0.62391007,0
0.5763224,0
0.3329406,0
0.32371968,0
0.6959074,0
0.23799835,0
0.41273558,0
0.44719315,0
0.26731583,0
0.31651974,0
0.41379187,0
0.51825035,0
0.45019352,0
0.2696957,0
0.4176005,0
0.21340737,0
0.33828062,0
0.6319775,0
0.3221801,0
0.44361553,0
0.24714278,0
0.51525676,0
0.550583,0
0.68737066,0
0.4034669,0
0.55395466,0
0.22359866,0
0.5129267,0
0.33267328,0
0.3751297,0
0.40422994,0
0.7295938,1
0.3764361,0
0.39240697,0
0.46629438,0
0.56004673,0
0.40095928,0
0.47336194,0
0.25802687,0
0.2994316,0
0.27276298,0
0.3204297,0
0.30113092,0
0.5389067,0
0.18555923,0
0.5242117,0
0.7067239,0
0.24355373,0
0.5428633,0
0.36234277,0
0.34932545,0
0.4545468,0
0.27596372,0
0.45063508,0
0.35867333,0
0.36980522,0
0.45969957,0
0.36744198,0
0.37838978,0
0.43013695,0
0.5312438,0
0.38600108,0
0.38555497,0
0.26239508,0
0.5635505,0
0.24789482,0
0.6246851,0
0.66258866,0
0.5191294,0
0.40352452,0
0.34114072,0
0.7296296,1
0.86398655,1
0.32714176,0
0.5351884,0
0.34516823,0
0.4843052,0
0.1938915,0
0.37917885,0
0.37341943,0
0.42042863,0
0.29014727,0
0.28217673,0
0.18968502,0
0.42159712,0
0.5640546,0
0.5340279,0
0.26752824,0
0.40288582,0
0.42500174,0
0.5347254,0
0.44115517,0
0.5835318,0
0.53815395,0
0.39008987,0
0.61783314,0
0.38922447,0
0.49752343,0
0.4350398,0
0.47765198,0
0.6933128,0
0.2936062,0
0.26034456,0
0.58419496,0
0.5029835,0
0.27665508,0
0.5239443,0
0.28174442,0
0.3022612,0
0.32252094,0
0.46277267,0
0.37345773,0
0.21770307,0
0.40459886,0
0.81456596,1
0.6059455,0
0.48918518,0
0.24191266,0
0.32098585,0
0.15063347,0
0.57080746,0
0.21680243,0
0.34192112,0
0.4413017,0
0.33065346,0
0.22339314,0
0.30278137,0
0.4434555,0
0.30381128,0
0.5392073,0
0.3534414,0
0.33621526,0
0.3939709,0
0.5655292,0
0.3535919,0
0.35234556,0
0.4183042,0
0.47502118,0
0.34667072,0
0.5349253,0
0.7975771,1
0.47296172,0
0.3230497,0
0.38687998,0
0.1785572,0
0.31677774,0
0.3288374,0
0.5689142,0
0.30525237,0
0.42233807,0
0.64764565,0
0.6615795,0
0.3453537,0
0.4080381,0
0.6343346,0
0.36046183,0
0.71411276,1
0.4963873,0
0.54152566,0
0.5323991,0
0.34756213,0
0.5910339,0
0.50506836,0
0.4113905,0
0.5533038,0
0.5605612,0
0.30169487,0
0.6005761,0
0.8067729,1
0.69844556,0
0.22887228,0
0.21078345,0
0.2881506,0
0.41145027,0
0.35317045,0
0.29808187,0
0.58800274,0
0.30243415,0
0.5261298,0
0.551728,0
0.3607371,0
0.43261144,0
0.6830186,0
0.7219789,1
0.37097073,0
0.4332603,0
0.57891774,0
0.43240684,0
0.34053746,0
0.9937733,1
0.655428,0
0.4030058,0
0.20549221,0
0.68504703,0
0.4203209,0
0.4258808,0
0.62450665,0
0.23553994,0
0.5298202,0
0.40124837,0
0.3921745,0
0.3532076,0
0.6996994,0
0.3841909,0
0.23753318,0
0.6535645,0
0.31856275,0
0.25912753,0
0.40622902,0
0.3167535,0
0.58212405,0
0.5788418,0
0.5909696,0
0.4890952,0
0.51064134,0
0.39067674,0
0.6234988,0
0.29769588,0
0.23265958,0
0.48430416,0
0.50463575,0
0.68288416,0
0.4950585,0
0.5970754,0
0.33369118,0
0.6628126,0
0.42358902,0
0.28777295,0
0.2570078,0
0.42408088,0
0.6085189,0
0.29803026,0
0.57903045,0
0.35975876,0
0.014672986,0
0.7443796,1
0.5509493,0
0.4714899,0
0.59293926,0
0.5277193,0
0.4484166,0
0.45297033,0
0.63474596,0
0.50470805,0
0.5308534,0
0.38876984,0
0.36681947,0
0.6030896,0
0.3948356,0
0.5697275,0
0.6218017,0
0.34071064,0
0.367257,0
0.4770139,0
0.56094116,0
0.46210897,0
0.7377776,1
0.24145813,0
0.65108865,0
0.34577993,0
0.6167083,0
0.49597067,0
0.8371955,1
0.26047677,0
0.5620024,0
0.28452426,0
0.5886226,0
0.17281677,0
0.45030206,0
0.461373,0
0.472281,0
0.3416258,0
0.5268229,0
0.7533578,1
0.59145725,0
0.67702,0
0.5183667,0
0.3731519,0
0.51323974,0
0.691818,0
0.24456318,0
0.46602213,0
0.65141183,0
0.33969635,0
0.22975458,0
0.46418312,0
0.48782128,0
0.5268137,0
0.1465876,0
0.4880767,0
0.21991444,0
0.5023223,0
0.25674903,0
0.59665555,0
0.43299252,0
0.38272372,0
0.58506715,0
0.8159554,1
0.46090716,0
0.3218229,0
0.5266982,0
0.8561962,1
0.3265043,0
0.35195938,0
0.73238236,1
0.604576,0
0.44605416,0
0.5858221,0
0.5075481,0
0.27670646,0
0.24999452,0
0.37734294,0
0.5953357,0
0.36984622,0
0.64376116,0
0.34600994,0
0.4556696,0
0.3495915,0
0.41826835,0
0.21157372,0
0.27104035,0
0.4173444,0
0.57646257,0
0.38073698,0
0.3972414,0
0.37308145,0
0.47068074,0
0.515283,0
0.77006984,1
0.43726054,0
0.68485737,0
0.432997,0
0.5115241,0
0.31010157,0
0.33051276,0
0.37302184,0
0.3396784,0
0.3120942,0
0.28662583,0
0.50367594,0
0.315669,0
0.31835806,0
0.60614395,0
0.16524917,0
0.7521521,1
0.4062398,0
0.28948206,0
0.38289377,0
0.20286112,0
0.633206,0
0.25923097,0
0.32881564,0
0.7444525,1
0.54740083,0
0.60826534,0
0.23243026,0
0.6202102,0
0.2019819,0
0.4087172,0
0.2782463,0
0.47854584,0
0.5040627,0
0.34823477,0
0.24265145,0
0.55739653,0
0.7672904,1
0.4432134,0
0.23777702,0
0.80892587,1
0.24459007,0
0.3974054,0
0.50321376,0
0.48433688,0
0.3722133,0
0.35327286,0
0.35381037,0
0.4044468,0
0.26166958,0
0.27660254,0
0.62021005,0
0.46292478,0
0.6903217,0
0.41566333,0
0.320537,0
0.3317557,0
0.7032657,0
0.5200085,0
0.47670108,0
0.235784,0
0.4665421,0
0.38002524,0
0.26390404,0
0.7113775,1
0.5159119,0
0.70701116,0
0.47541687,0
0.56773347,0
0.42717335,0
0.45371777,0
0.737065,1
0.7420022,1
0.29993486,0
0.8129545,1
0.4996356,0
0.2689629,0
0.47513095,0
0.25861993,0
0.28822273,0
0.3566167,0
0.50522125,0
0.23046756,0
0.5203713,0
0.37322587,0
0.83142024,1
0.23557457,0
0.34502482,0
0.18853058,0
0.26976204,0
0.62920505,0
0.36744356,0
0.7711882,1
0.12927878,0
0.4126655,0
0.30881464,0
0.5006622,0
0.64798707,0
0.5263658,0
0.47801933,0
0.50718564,0
0.5404275,0
0.67410713,0
0.36387026,0
0.3191583,0
0.47695956,0
0.25987905,0
0.27493066,0
0.3279163,0
0.22470354,0
0.37225795,0
0.5591137,0
0.35023308,0
0.37283048,0
0.5054864,0
0.44850305,0
0.6803456,0
0.31871888,0
0.33235666,0
0.36842072,0
0.22897632,0
0.17069426,0
0.6655525,0
0.40273994,0
0.33816153,0
0.4685233,0
0.6058172,0
0.4701559,0
0.4826583,0
0.58979106,0
0.20739532,0
0.665189,0
0.4546533,0
0.54097795,0
0.43346584,0
0.4493988,0
0.22871432,0
0.8236913,1
0.4208974,0
0.25815442,0
0.4373992,0
0.66141266,0
0.4402164,0
0.47389528,0
0.42798606,0
0.2141488,0
0.29102895,0
0.7666366,1
0.7736496,1
0.32372308,0
0.5292306,0
0.2849788,0
0.49623695,0
0.4726529,0
0.21641527,0
0.467253,0
0.5720621,0
0.35379007,0
0.4855212,0
0.34980705,0
0.47843853,0
0.5082102,0
0.394766,0
0.45522007,0
0.5545697,0
0.63750654,0
0.32276657,0
0.49104333,0
0.24715139,0
0.6800157,0
0.44219077,0
0.21682137,0
0.32034186,0
0.4596844,0
0.22288764,0
0.66440713,0
0.26636854,0
0.5604461,0
0.6644953,0
0.6693882,0
0.6220782,0
0.3526153,0
0.2901829,0
0.20870532,0
0.4715788,0
0.2639313,0
0.45311388,0
0.34406874,0
0.25724098,0
0.47609282,0
0.15853275,0
0.23931628,0
0.6611264,0
0.35404179,0
0.35294732,0
0.45756605,0
0.4001662,0
0.5096753,0
0.63149595,0
0.5667028,0
0.5367383,0
0.3469764,0
0.74709684,1
0.24418831,0
0.609234,0
0.42767295,0
0.56215,0
0.7516539,1
0.523222,0
0.4597736,0
0.7282697,1
0.8808208,1
0.28854907,0
0.5847707,0
0.75641954,1
0.42291865,0
0.5154527,0
0.55615604,0
0.23045355,0
0.34767962,0
0.35110527,0
0.5433885,0
0.38782895,0
0.56076694,0
0.31647334,0
0.25807518,0
0.29172707,0
0.32055956,0
0.23610227,0
0.26211077,0
0.57468927,0
0.2638485,0
0.59998304,0
0.5569169,0
0.26716107,0
0.536496,0
0.35467535,0
0.5206745,0
0.29680988,0
0.4171434,0
0.57406384,0
0.8658958,1
0.3246299,0
0.29786915,0
0.39219335,0
0.5010325,0
0.40838626,0
0.22794181,0
0.33980438,0
0.4139942,0
0.3902114,0
0.20984945,0
0.47567382,0
0.40788287,0
0.4925991,0
0.58290666,0
0.6562527,0
0.6435842,0
0.42608914,0
0.65175486,0
0.54645675,0
0.35476223,0
0.39380488,0
0.31250858,0
0.3040184,0
0.24584696,0
0.45397705,0
0.40088636,0
0.14240114,0
0.4957816,0
0.61293876,0
0.5220396,0
0.43637124,0
0.41732275,0
0.28397593,0
0.4332357,0
0.20151778,0
0.60003334,0
0.47775698,0
0.13363323,0
0.52659434,0
0.3364942,0
0.44050825,0
0.33909965,0
0.34200397,0
0.63548446,0
0.4640771,0
0.4437829,0
0.18886341,0
0.32321215,0
0.5828999,0
0.34307736,0
0.4103742,0
0.31936222,0
0.5021287,0
0.31230775,0
0.5504448,0
0.6406842,0
0.48537838,0
0.46526536,0
0.38868234,0
0.5637476,0
0.22040103,0
0.5981783,0
0.53185195,0
0.29169434,0
0.5033009,0
0.70811707,0
0.38398743,0
0.27532822,0
0.4808002,0
0.6693479,0
0.8793216,1
0.29257008,0
0.62600225,0
0.46880257,0
0.29218093,0
0.27247006,0
0.7226728,1
0.5421235,0
0.44496506,0
0.4620338,0
0.39120278,0
0.51644564,0
0.2649275,0
0.4831042,0
0.37494472,0
0.45155156,0
0.3045765,0
0.33002588,0
0.41479653,0
0.40325946,0
0.5180178,0
0.3002023,0
0.40365297,0
0.7405483,1
0.36633313,0
0.5002885,0
0.4153574,0
0.34726235,0
0.3232432,0
0.7143719,1
0.48162064,0
0.3548861,0
0.49675322,0
0.332098,0
0.63481605,0
0.30684215,0
0.43085384,0
0.54771453,0
0.34375772,0
0.5805891,0
0.39125285,0
0.48996222,0
0.43713436,0
0.41794518,0
0.60934806,0
0.28621942,0
0.70332444,0
0.4072779,0
0.49691176,0
0.6643783,0
0.35129732,0
0.46694952,0
0.31024575,0
0.5821581,0
0.42474678,0
0.54455435,0
0.3272314,0
0.6946385,0
0.3590169,0
0.40060586,0
0.38326946,0
0.29110962,0
0.32271528,0
0.22575963,0
0.29745412,0
0.27025434,0
0.26222786,0
0.3650248,0
0.75041854,1
0.29457673,0
0.35089287,0
0.14966458,0
0.69569606,0
0.3913801,0
0.8226951,1
0.34597316,0
0.17779644,0
0.27801377,0
0.6546527,0
0.5034021,0
0.53524727,0
0.63482904,0
0.52042264,0
0.26483747,0
0.2780015,0
0.55369127,0
0.3121121,0
0.18013513,0
0.7120172,1
0.48199776,0
0.7509119,1
0.32524386,0
0.5727362,0
0.2908469,0
0.2620301,0
0.27087787,0
0.6454726,0
0.7264561,1
0.4964168,0
0.45006004,0
0.29513964,0
0.6306659,0
0.39973095,0
0.53367436,0
0.34041256,0
0.31893376,0
0.4099338,0
0.40916103,0
0.1547304,0
0.21580046,0
0.37356073,0
0.731973,1
0.4343803,0
0.34351653,0
0.44032905,0
0.5422436,0
0.29696494,0
0.3389729,0
0.49378422,0
0.4447356,0
0.52159214,0
0.49314132,0
0.5691429,0
0.3387729,0
0.29917845,0
0.33287328,0
0.5459918,0
0.5208357,0
0.33353612,0
0.82962304,1
0.46770948,0
0.74526924,1
0.4640612,0
0.34356612,0
0.5992788,0
0.58821124,0
0.53596586,0
0.6610746,0
0.5412523,0
0.5484721,0
0.22649112,0
0.36556637,0
0.5995962,0
0.41812027,0
0.5020203,0
0.27314484,0
0.31345826,0
0.5181156,0
0.3280914,0
0.5781976,0
0.32336846,0
0.24813735,0
0.24257703,0
0.34072956,0
0.26296794,0
0.3494545,0
0.31962046,0
0.6487147,0
0.35382283,0
0.31156722,0
0.6543451,0
0.3371084,0
0.23313698,0
0.26669884,0
0.3426744,0
0.40803155,0
0.60521597,0
0.3792306,0
0.52750945,0
0.3991547,0
0.22175907,0
0.40606537,0
0.3016324,0
0.46257588,0
0.5773931,0
0.4306147,0
0.5470971,0
0.40969682,0
0.5072879,0
0.2461427,0
0.31805068,0
0.5633995,0
0.55301166,0
0.49350697,0
0.3657904,0
0.39107117,0
0.46767354,0
0.49522322,0
0.51897883,0
0.3556294,0
0.39799073,0
0.23156893,0
0.5326109,0
0.3118026,0
0.7525483,1
0.44151378,0
0.39540324,0
0.3947211,0
0.32969663,0
0.54663664,0
0.3937487,0
0.33914623,0
0.62658316,0
0.3296631,0
0.36497924,0
0.25185844,0
0.31587288,0
0.302432,0
0.29507828,0
0.40460306,0
0.35278407,0
0.2238871,0
0.32724747,0
0.5015534,0
0.54491305,0
0.42679936,0
0.40766415,0
0.24016795,0
0.66509736,0
0.6009874,0
0.23967084,0
0.25137055,0
0.7397252,1
0.31619358,0
0.49104902,0
0.5855031,0
0.31067315,0
0.4305146,0
0.51731056,0
0.33653915,0
0.55294365,0
0.36995354,0
0.3413295,0
0.39078566,0
0.23126538,0
0.3356522,0
0.72548705,1
0.39910892,0
0.3218881,0
0.42703253,0
0.46490943,0
0.41976276,0
0.39115798,0
0.5312111,0
0.32896376,0
0.29815835,0
0.38451296,0
0.32936963,0
0.72987247,1
0.18410052,0
0.45227528,0
0.2539351,0
0.33514953,0
0.5023117,0
0.35483596,0
0.44881985,0
0.2548815,0
0.309064,0
0.36009768,0
0.4992646,0
0.3700966,0
0.4721598,0
0.29143244,0
0.41006756,0
0.33951068,0
0.41446117,0
0.5001356,0
0.5181681,0
0.44506902,0
0.4044639,0
0.31858683,0
0.19746144,0
0.43488383,0
0.2799141,0
0.28165632,0
0.2957733,0
0.44884828,0
0.40147105,0
0.5805273,0
0.6214644,0
0.46437111,0
0.43044007,0
0.63531864,0
0.33203045,0
0.64165056,0
0.6732322,0
0.3855423,0
0.52091193,0
0.43273902,0
0.36935547,0
0.6698692,0
0.39679304,0
0.45727465,0
0.40013012,0
0.47873995,0
0.6279313,0
0.43662572,0
0.79757476,1
0.20110327,0
0.20100929,0
0.5133042,0
0.40340337,0
0.33968967,0
0.2536461,0
0.3544617,0
0.66128814,0
0.23385742,0
0.73226523,1
0.36462066,0
0.7295199,1
0.38177535,0
0.6292225,0
0.39087662,0
0.15112637,0
0.46877727,0
0.43352002,0
0.50966364,0
0.248834,0
0.3538966,0
0.30437288,0
0.49285725,0
0.6169465,0
0.64297354,0
0.36532548,0
0.49664357,0
0.28540784,0
0.5498618,0
0.26085782,0
0.600444,0
0.2567383,0
0.32588813,0
0.35498536,0
0.5233566,0
0.5826728,0
0.29766053,0
0.4004904,0
0.3990788,0
0.5198277,0
0.4637761,0
0.545714,0
0.29517725,0
0.8292114,1
0.41400078,0
0.2093638,0
0.2602555,0
0.4728378,0
0.4184903,0
0.3223312,0
0.30060062,0
0.38866544,0
0.65215456,0
0.6318671,0
0.3320033,0
0.49284488,0
0.19811127,0
0.37866986,0
0.41925833,0
0.6408649,0
0.41717923,0
0.28008705,0
0.6494339,0
0.3078799,0
0.2937006,0
0.36108038,0
0.3787091,0
0.5710331,0
0.24224845,0
0.54361916,0
0.29599026,0
0.4502619,0
0.19716287,0
0.23413423,0
0.43524146,0
0.6179759,0
0.28387716,0
0.4245307,0
0.6362735,0
0.47645885,0
0.2093585,0
0.44167668,0
0.5253751,0
0.27940544,0
0.34267005,0
0.22738479,0
0.5497118,0
0.3210725,0
0.4115225,0
0.27714464,0
0.7407668,1
0.38937494,0
0.44586366,0
0.46773717,0
0.37401062,0
0.28227034,0
0.32449383,0
0.39946124,0
0.48237932,0
0.45276374,0
0.54362017,0
0.5441167,0
0.29474542,0
0.4847381,0
0.39381793,0
0.27642715,0
0.51078516,0
0.24894428,0
0.4800722,0
0.3745593,0
0.70875144,0
0.48508146,0
0.49223074,0
0.27163184,0
0.3531047,0
0.3111179,0
0.27631783,0
0.34644634,0
0.276326,0
0.41528988,0
0.344384,0
0.50952166,0
0.7323927,1
0.5774712,0
0.49270466,0
0.295948,0
0.46944246,0
0.43583095,0
0.6147729,0
0.3832277,0
0.40895596,0
0.323747,0
0.46105382,0
0.6929479,0
0.123352855,0
0.38453367,0
0.38186395,0
0.39795357,0
0.50967366,0
0.4949912,0
0.58536494,0
0.42830104,0
0.40930706,0
0.5197073,0
0.44945922,0
0.25391668,0
0.55827147,0
0.40429994,0
0.463855,0
0.19895698,0
0.49856883,0
0.31912956,0
0.31794333,0
0.2558997,0
0.2449168,0
0.3543053,0
0.53459543,0
0.57083803,0
0.42814377,0
0.4292318,0
0.3883942,0
0.49531353,0
0.5017134,0
0.54488987,0
0.23852734,0
0.3223147,0
0.45195517,0
0.5142692,0
0.42868048,0
0.3957786,0
0.5400238,0
0.89065963,1
0.3217226,0
0.51353407,0
0.43672132,0
0.34517002,0
0.4703738,0
0.2834772,0
0.45764095,0
0.48142937,0
0.7417681,1
0.19225046,0
0.6880488,0
0.5983558,0
0.5760391,0
0.11051358,0
0.5725111,0
0.27771828,0
0.21627821,0
0.5018773,0
0.34240404,0
0.46341667,0
0.418289,0
0.48121914,0
0.46178943,0
0.41396213,0
0.5705677,0
0.4076058,0
0.31224504,0
0.61564803,0
0.5067853,0
0.2689748,0
0.21785967,0
0.6075481,0
0.49988946,0
0.39477897,0
0.3479212,0
0.3334575,0
0.2973504,0
0.46038592,0
0.32564902,0
0.48531327,0
0.59682924,0
0.54178286,0
0.34996676,0
0.33013028,0
0.4050292,0
0.35956806,0
0.28066692,0
0.25140905,0
0.5497539,0
0.39690125,0
0.67815655,0
0.3170204,0
0.30749026,0
0.4181156,0
0.5495782,0
0.38643503,0
0.34853834,0
0.51203924,0
0.572341,0
0.43826208,0
0.38243607,0
0.27893713,0
0.17818122,0
0.2015615,0
0.37106663,0
0.43907708,0
0.57075155,0
0.48050007,0
0.6854005,0
0.36482245,0
0.36715674,0
0.45849013,0
0.24314746,0
0.45427984,0
0.39529273,0
0.5646505,0
0.94403815,1
0.34803522,0
0.5054806,0
0.26075175,0
0.42982247,0
0.21053058,0
0.550231,0
0.30049023,0
0.39533266,0
0.51616496,0
0.29099387,0
0.34753266,0
0.25983515,0
0.7727336,1
0.6551571,0
0.32957214,0
0.3890685,0
0.7783922,1
0.6041046,0
0.26690146,0
0.32209724,0
0.40558666,0
0.11800443,0
0.3822834,0
0.36265233,0
0.3360076,0
0.5996102,0
0.22446766,0
0.55493313,0
0.70043683,0
0.2518269,0
0.41883522,0
0.63223475,0
0.33983698,0
0.31024474,0
0.3241137,0
0.40060762,0
0.37071896,0
0.6269596,0
0.28068745,0
0.7969681,1
0.47250995,0
0.23430832,0
0.79401755,1
0.44380778,0
0.21417846,0
0.2893095,0
0.24690916,0
0.43309882,0
0.302703,0
0.42444217,0
0.29609188,0
0.5099216,0
0.3569064,0
0.41629446,0
0.6993366,0
0.22853486,0
0.24165978,0
0.525715,0
0.60113746,0
0.48721042,0
0.2677,0
0.446726,0
0.36245945,0
0.35588765,0
0.5004805,0
0.3284299,0
0.40939653,0
0.60016656,0
0.69227934,0
0.71954304,1
0.21603835,0
0.41137034,0
0.87982595,1
0.5523439,0
0.2978475,0
0.44086644,0
0.38269472,0
0.4309917,0
0.7386875,1
0.46344784,0
0.48245865,0
0.3656191,0
0.45405236,0
0.6363191,0
0.63177246,0
0.32931352,0
0.53216094,0
0.17439516,0
0.49505687,0
0.7030579,0
0.34085855,0
0.67567456,0
0.2950586,0
0.5549482,0
0.5912924,0
0.51958555,0
0.374934,0
0.45021275,0
0.39970857,0
0.4484838,0
0.3236459,0
0.5351578,0
0.48043883,0
0.49568346,0
0.44062674,0
0.54574525,0
0.25843033,0
0.29678547,0
0.5581344,0
0.6950922,0
0.39360574,0
0.33322278,0
0.29714152,0
0.28725448,0
0.83458525,1
0.49700326,0
0.39709875,0
0.27204427,0
0.30053222,0
0.6392911,0
0.20357752,0
0.17514305,0
0.6412328,0
0.52721226,0
0.27637684,0
0.29956964,0
0.50326836,0
0.43454108,0
0.41873625,0
0.5650195,0
0.722017,1
0.2681229,0
0.39879817,0
0.46243164,0
0.35246572,0
0.16855921,0
0.5221939,0
0.3987865,0
0.7344949,1
0.509282,0
0.2572542,0
0.6002074,0
0.3289675,0
0.3855198,0
0.27831864,0
0.19852598,0
0.39356488,0
0.87588596,1
0.7180718,1
0.4468299,0
0.46160677,0
0.21918793,0
0.3158196,0
0.36377174,0
0.53059953,0
0.26277047,0
0.4664565,0
0.41816103,0
0.5245083,0
0.43425402,0
0.26312947,0
0.3098679,0
0.4264032,0
0.31377456,0
0.45958236,0
0.42107242,0
0.41976923,0
0.49167392,0
0.4715982,0
0.50633717,0
0.50699145,0
0.41435447,0
0.43251953,0
0.6823379,0
0.22800206,0
0.4247883,0
0.43370667,0
0.35601938,0
0.36363518,0
0.51787776,0
0.6997126,0
0.89299124,1
0.43002233,0
0.17957862,0
0.2791646,0
0.42163754,0
0.45747343,0
0.3886143,0
0.32587877,0
0.48756418,0
0.39107376,0
0.7159195,1
0.15309979,0
0.56538475,0
0.18039809,0
0.32017705,0
0.35875383,0
0.6420887,0
0.42532325,0
0.23245452,0
0.53378457,0
0.8512387,1
0.55271894,0
0.49411604,0
0.3921547,0
0.46490675,0
0.19917564,0
0.37004936,0
0.29299358,0
0.43781832,0
0.27199516,0
0.2814551,0
0.40438285,0
0.40694785,0
0.45600006,0
0.28386107,0
0.3308871,0
0.25827378,0
0.38611543,0
0.8594954,1
0.536376,0
0.38847673,0
0.5438462,0
0.72963905,1
0.607388,0
0.5293841,0
0.864632,1
0.4400668,0
0.61399245,0
0.29421738,0
0.38264543,0
0.37908286,0
0.45095626,0
0.43646783,0
0.5041364,0
0.3189913,0
0.5672141,0
0.4027339,0
0.57178205,0
0.34199315,0
0.37447345,0
0.3250186,0
0.25892597,0
0.71805066,1
0.18365765,0
0.27309078,0
0.61511666,0
0.6339452,0
0.15602073,0
0.3935558,0
0.5610562,0
0.880691,1
0.49425316,0
0.6459258,0
0.24160102,0
0.5912612,0
0.5042775,0
0.35303676,0
0.3328094,0
0.22417776,0
0.18838227,0
0.35598928,0
0.48409706,0
0.41832477,0
0.35957924,0
0.25748792,0
0.50354767,0
0.20715788,0
0.25880256,0
0.23459467,0
0.30664745,0
0.31748617,0
0.4189727,0
0.43347347,0
0.3365115,0
0.23704481,0
0.45142904,0
0.3069828,0
0.28494206,0
0.45141745,0
0.5034949,0
0.18357442,0
0.34266853,0
0.6811174,0
0.30520007,0
0.43773764,0
0.2908766,0
0.37333572,0
0.39056122,0
0.47486097,0
0.41347918,0
0.63737214,0
0.3211849,0
0.5665133,0
0.23254003,0
0.3573938,0
0.2608546,0
0.5364254,0
0.16154778,0
0.31652772,0
0.47650048,0
0.48780337,0
0.16534686,0
0.6741757,0
0.35556635,0
0.6115464,0
0.5612018,0
0.68289316,0
0.39971495,0
0.6712317,0
0.33718237,0
0.65861976,0
0.5132402,0
0.22572492,0
0.5068018,0
0.61362684,0
0.48489362,0
0.79467565,1
0.40793407,0
0.4735181,0
0.39005408,0
0.3448888,0
0.34398326,0
0.33246064,0
0.60527855,0
0.674573,0
0.3669395,0
0.48811832,0
0.53297704,0
0.24710439,0
0.5092475,0
0.46161678,0
0.54869044,0
0.2915499,0
0.59024614,0
0.43852726,0
0.30963606,0
0.35299248,0
0.61704266,0
0.2897498,0
0.32521594,0
0.37511438,0
0.61182654,0
0.26569706,0
0.3264206,0
0.33111802,0
0.53228426,0
0.5745206,0
0.35844812,0
0.19962311,0
0.32612392,0
0.62523854,0
0.2334822,0
0.52989984,0
0.5271928,0
0.44884795,0
0.41451475,0
0.49097836,0
0.3312557,0
0.2389132,0
0.6353035,0
0.18228516,0
0.42672157,0
0.414741,0
0.46304312,0
0.38603193,0
0.6002218,0
0.60130596,0
0.1854228,0
0.46287987,0
0.20719415,0
0.6044088,0
0.43013465,0
0.40863985,0
0.49789095,0
0.4779217,0
0.24994661,0
0.6514816,0
0.3492015,0
0.5623406,0
0.56707364,0
0.4670167,0
0.60610855,0
0.4512037,0
0.41373134,0
0.34587696,0
0.14527385,0
0.45211422,0
0.4624244,0
0.32396397,0
0.50173455,0
0.7390622,1
0.6184728,0
0.4326543,0
0.5607365,0
0.32826132,0
0.69457346,0
0.5114634,0
0.6539746,0
0.32635593,0
0.24266773,0
0.39198518,0
0.49330005,0
0.3021771,0
0.3218783,0
0.24397951,0
0.5902862,0
0.5640117,0
0.58351386,0
0.23571505,0
0.4207235,0
0.23600057,0
0.6341772,0
0.2541887,0
0.5513067,0
0.30171588,0
0.6525444,0
0.51877207,0
0.50563365,0
0.5804165,0
0.44355312,0
0.3200214,0
0.5868842,0
0.33641338,0
0.3852452,0
0.74543786,1
0.49306664,0
0.55878365,0
0.58867186,0
0.4523409,0
0.36753651,0
0.3029746,0
0.35361296,0
0.2820225,0
0.2701795,0
0.6286118,0
0.38409927,0
0.49096307,0
0.3242487,0
0.45026368,0
0.3426366,0
0.26811206,0
0.5289924,0
0.68868613,0
0.33888897,0
0.4986262,0
0.55497843,0
0.38324746,0
0.5856278,0
0.4298118,0
0.39269283,0
0.7376013,1
0.48142067,0
0.32508165,0
0.57358974,0
0.4848254,0
0.38557732,0
0.5608353,0
0.35093227,0
0.5527579,0
0.6666234,0
0.33256358,0
0.53817093,0
0.1813828,0
0.36844856,0
0.44760403,0
0.49737066,0
0.39951748,0
0.19920045,0
0.60493946,0
0.5201165,0
0.3682488,0
0.33609492,0
0.43409872,0
0.47555253,0
0.3198055,0
0.1781594,0
0.5534494,0
0.3436975,0
0.35604414,0
0.40161622,0
0.4332958,0
0.2023765,0
0.263553,0
0.38573647,0
0.33395958,0
0.37615758,0
0.22358951,0
0.45361197,0
0.5014034,0
0.32583442,0
0.5321755,0
0.66010255,0
0.46973675,0
0.4213325,0
0.29385602,0
0.29403386,0
0.20642105,0
0.4077161,0
0.5708523,0
0.433066,0
0.21070729,0
0.6158951,0
0.55119544,0
0.33055958,0
0.31242168,0
0.630922,0
0.2058171,0
0.35798424,0
0.34540853,0
0.31198955,0
0.6829549,0
0.73723024,1
0.2742229,0
0.39911425,0
0.5749651,0
0.39227068,0
0.5497511,0
0.41843098,0
0.49651188,0
0.43860278,0
0.67165256,0
0.68797135,0
0.5633377,0
0.5783107,0
0.40038878,0
0.53302014,0
0.5521336,0
0.82267654,1
0.38035882,0
0.67840564,0
0.3853624,0
0.6120341,0
0.48105356,0
0.72221977,1
0.4420075,0
0.54193795,0
0.74550956,1
0.49228817,0
0.5427013,0
0.41245833,0
0.385236,0
0.32156366,0
0.2283687,0
0.5153394,0
0.63830286,0
0.59400326,0
0.11981176,0
0.61856383,0
0.8499671,1
0.19990271,0
0.42868602,0
0.28823298,0
0.6639106,0
0.37480694,0
0.3248223,0
0.42277566,0
0.23549286,0
0.41240767,0
0.939775,1
0.28985885,0
0.40886232,0
0.5757826,0
0.67513007,0
0.53429854,0
0.2394622,0
0.4447088,0
0.6481805,0
0.26095894,0
0.33281195,0
0.16412447,0
0.6952253,0
0.38965347,0
0.5497897,0
0.22088937,0
0.4461222,0
0.5026178,0
0.22994442,0
0.48994884,0
0.6326519,0
0.5691166,0
0.6251459,0
0.31578705,0
0.87729555,1
0.4049293,0
0.5924593,0
0.3130162,0
0.45423606,0
0.34293684,0
0.45627645,0
0.17417653,0
0.69740754,0
0.16567864,0
0.3780205,0
0.6597609,0
0.6489124,0
0.6477093,0
0.44993195,0
0.6617332,0
0.6997782,0
0.5450579,0
0.63239765,0
0.38537136,0
0.20277986,0
0.55329263,0
0.25254002,0
0.61176234,0
0.5318233,0
0.4428164,0
0.4605354,0
0.5639616,0
0.41424853,0
0.4666216,0
0.5513512,0
0.2775052,0
0.29852352,0
0.4692357,0
0.30805182,0
0.37736228,0
0.41929367,0
0.2094751,0
0.24976793,0
0.33969095,0
0.6325728,0
0.3124202,0
0.4569059,0
0.2869632,0
0.63170785,0
0.5008929,0
0.539554,0
0.5778994,0
0.35995916,0
0.5027064,0
0.44160578,0
0.63499725,0
0.36215618,0
0.7607464,1
0.13335986,0
0.36631325,0
0.45211342,0
0.5484098,0
0.3752952,0
0.45471606,0
0.22322428,0
0.66855466,0
0.29381645,0
0.64230675,0
0.38241535,0
0.48425287,0
0.49761698,0
0.4114819,0
0.3072387,0
0.2923542,0
0.3010638,0
0.58890665,0
0.31579825,0
0.4278627,0
0.4080959,0
0.48162526,0
0.6086297,0
0.16973476,0
0.5365123,0
0.37872094,0
0.31992954,0
0.55648905,0
0.37310928,0
0.6716324,0
0.7472069,1
0.53527814,0
0.34199962,0
0.5075424,0
0.63706416,0
0.45550543,0
0.85366213,1
0.53461105,0
0.48592407,0
0.103974774,0
0.334905,0
0.48419428,0
0.5556852,0
0.46640342,0
0.6051498,0
0.3044317,0
0.7210633,1
0.25052646,0
0.47571808,0
0.23115242,0
0.5066966,0
0.6686181,0
0.45557004,0
0.18206589,0
0.24660037,0
0.36012626,0
0.6229128,0
0.53620696,0
0.22127104,0
0.18755575,0
0.3325995,0
0.29597214,0
0.4203756,0
0.4517784,0
0.36782244,0
0.40447888,0
0.846185,1
0.31903413,0
0.45794475,0
0.5250577,0
0.1950061,0
0.35596085,0
0.7325432,1
0.48234296,0
0.5822858,0
0.4611097,0
0.26499736,0
0.7853951,1
0.39198202,0
0.39035425,0
0.34439668,0
0.14770767,0
0.43714026,0
0.36130962,0
0.3676197,0
0.35325125,0
0.60284644,0
0.33039013,0
0.27992305,0
0.332366,0
0.44135085,0
0.29021102,0
0.1698669,0
0.6071261,0
0.51061815,0
0.63822645,0
0.63498783,0
0.375886,0
0.43785116,0
0.29055166,0
0.6801033,0
0.47390962,0
0.21483035,0
0.18295921,0
0.22337544,0
0.396225,0
0.4696419,0
0.46470967,0
0.3475164,0
0.5298276,0
0.6672102,0
0.37842098,0
0.581881,0
0.50325096,0
0.35897002,0
0.37730905,0
0.32036313,0
0.80663353,1
0.4467671,0
0.28589612,0
0.40615284,0
0.21806017,0
0.5352268,0
0.39879203,0
0.63500243,0
0.65003014,0
0.29600114,0
0.45693862,0
0.34879926,0
0.51001394,0
0.23999274,0
0.63039094,0
0.40031356,0
0.48513776,0
0.41709965,0
0.25857452,0
0.3766305,0
0.23268715,0
0.39301893,0
0.3048927,0
0.5801386,0
0.49617004,0
0.58011174,0
0.69645095,0
0.4576138,0
0.5443298,0
0.49466172,0
0.56470346,0
0.56702805,0
0.5634633,0
0.42900422,0
0.6340059,0
0.2343218,0
0.35972413,0
0.206909,0
0.5561144,0
0.57644707,0
0.42207003,0
0.14277227,0
0.5382499,0
0.5514746,0
0.5230896,0
0.19028601,0
0.5141141,0
0.3199137,0
0.4999467,0
0.2148608,0
0.38259947,0
0.72283864,1
0.30127227,0
0.45631984,0
0.2964227,0
0.22084372,0
0.6286339,0
0.47230238,0
0.41406986,0
0.32326728,0
0.30673632,0
0.72247374,1
0.41418782,0
0.2986864,0
0.750763,1
0.41411203,0
0.30252284,0
0.58873355,0
0.50283176,0
0.37563375,0
0.1865248,0
0.35575464,0
0.5998964,0
0.37636304,0
0.52834624,0
0.26090285,0
0.7087365,0
0.56629217,0
0.41698694,0
0.4385605,0
0.3801747,0
0.18300036,0
0.5480595,0
0.43406266,0
0.43949768,0
0.8306964,1
0.5204622,0
0.3630115,0
0.4924856,0
0.28032827,0
0.5679217,0
0.4598721,0
0.28232592,0
0.64694685,0
0.7081429,0
0.3512931,0
0.3964159,0
0.36424717,0
0.26962158,0
0.53616416,0
0.3587596,0
0.42566556,0
0.40606266,0
0.25618505,0
0.3732768,0
0.5315878,0
0.24778192,0
0.46254995,0
0.12406523,0
0.61164516,0
0.2510885,0
0.46424407,0
0.51828015,0
0.5466012,0
0.71459395,1
0.39088917,0
0.40732214,0
0.32734546,0
0.3809771,0
0.18058133,0
0.74009824,1
0.17808798,0
0.32782182,0
0.5272971,0
0.27595273,0
0.5429533,0
0.53761977,0
0.47372314,0
0.5047161,0
0.32850122,0
0.36572725,0
0.36536628,0
0.2792143,0
0.5061025,0
0.3204298,0
0.31364766,0
0.16010529,0
0.79436415,1
0.40053022,0
0.2759928,0
0.40780303,0
0.3957036,0
0.118012026,0
0.3636016,0
0.27545917,0
0.5788442,0
0.5551263,0
0.2914917,0
0.7225773,1
0.2456589,0
0.47840676,0
0.24765828,0
0.21299271,0
0.457098,0
0.38234633,0
0.5100085,0
0.34489313,0
0.2977858,0
0.34586146,0
0.6222598,0
0.22423857,0
0.3841331,0
0.654308,0
0.790329,1
0.41718918,0
0.49175715,0
0.2185177,0
0.32045743,0
0.21736994,0
0.46357876,0
0.3040292,0
0.40617606,0
0.33516255,0
0.8514812,1
0.8734655,1
0.7748818,1
0.42233804,0
0.80710095,1
0.20269397,0
0.37138012,0
0.64199775,0
0.6240113,0
0.19346729,0
0.25938088,0
0.39183655,0
0.23934619,0
0.5399146,0
0.32907692,0
0.39481875,0
0.48287356,0
0.46728438,0
0.3818094,0
0.3095562,0
0.37304357,0
0.17875315,0
0.46773627,0
0.581499,0
0.5562336,0
0.23808746,0
0.33566898,0
0.36027265,0
0.45391524,0
0.3398596,0
0.68127996,0
0.5168953,0
0.4116077,0
0.6752071,0
0.4665435,0
0.44670147,0
0.5231643,0
0.69775283,0
0.46270293,0
0.4215041,0
0.4743445,0
0.6126106,0
0.665679,0
0.3846638,0
0.38369346,0
0.6740119,0
0.5325151,0
0.5719613,0
0.47073877,0
0.5847194,0
0.4101819,0
0.41717947,0
0.4085606,0
0.67982984,0
0.28791413,0
0.4982033,0
0.6522847,0
0.68274546,0
0.29467368,0
0.6078191,0
0.3786473,0
0.32507962,0
0.23197123,0
0.50267273,0
0.653196,0
0.5044565,0
0.38704973,0
0.48843658,0
0.4824329,0
0.30089724,0
0.6104024,0
0.28356466,0
0.7444801,1
0.48341903,0
0.3824111,0
0.440041,0
0.42413026,0
0.61156,0
0.35388395,0
0.5378363,0
0.33892998,0
0.54464024,0
0.37582394,0
0.4081946,0
0.25062293,0
0.37462643,0
0.4904909,0
0.36942476,0
0.42256624,0
0.4068475,0
0.4733647,0
0.27677217,0
0.33113334,0
0.7347545,1
0.3460114,0
0.732958,1
0.69107765,0
0.39785808,0
0.45429727,0
0.6091454,0
0.39076984,0
0.41901508,0
0.4486207,0
0.5886236,0
0.3777964,0
0.24599937,0
0.8271946,1
0.3781958,0
0.41848144,0
0.36138827,0
0.49317506,0
0.50480336,0
0.31669605,0
0.51820546,0
0.41954008,0
0.27628314,0
0.5378618,0
0.63023454,0
0.73360884,1
0.7025074,0
0.65352714,0
0.5351317,0
0.38584256,0
0.39210728,0
0.46784046,0
0.8070002,1
0.54183704,0
0.6189727,0
0.3904511,0
0.7810705,1
0.5380839,0
0.3206279,0
0.3583576,0
0.7041986,0
0.1463144,0
0.63257295,0
0.51580536,0
0.21199396,0
0.50930667,0
0.54056376,0
0.4786672,0
0.4997938,0
0.5209956,0
0.62710035,0
0.5863226,0
0.54990643,0
0.7547475,1
0.35294905,0
0.40722656,0
0.5414836,0
0.3405655,0
0.24685512,0
0.3662454,0
0.5725379,0
0.22661781,0
0.55002254,0
0.4495201,0
0.36222637,0
0.30976346,0
0.5323046,0
0.6502968,0
0.4573558,0
0.7014887,0
0.41417795,0
0.4696282,0
0.57770795,0
0.35807282,0
0.5433046,0
0.49592516,0
0.22901283,0
0.33209777,0
0.4651699,0
0.45093322,0
0.32972243,0
0.3450856,0
0.41498667,0
0.25922358,0
0.75192434,1
0.5333962,0
0.47207242,0
0.4242018,0
0.5899363,0
0.5833647,0
0.46223462,0
0.35572994,0
0.5213936,0
0.46067703,0
0.15227935,0
0.46799028,0
0.32910767,0
0.57075244,0
0.56013936,0
0.310435,0
0.39290857,0
0.80482584,1
0.48160353,0
0.41663003,0
0.35018954,0
0.23611467,0
0.32537434,0
0.30351275,0
0.2548682,0
0.64396924,0
0.26049453,0
0.3532348,0
0.11522677,0
0.23350829,0
0.28660432,0
0.2668336,0
0.2191214,0
0.28225747,0
0.32042506,0
0.4465291,0
0.57560354,0
0.3327509,0
0.43898523,0
0.3156744,0
0.48990667,0
0.5312831,0
0.36654258,0
0.4991654,0
0.36541346,0
0.79358745,1
0.6268525,0
0.2862105,0
0.5863211,0
0.53593755,0
0.60508114,0
0.5638101,0
0.5147137,0
0.27826172,0
0.44281793,0
0.6347013,0
0.57066,0
0.62646776,0
0.7916927,1
0.44363776,0
0.4629501,0
0.25647774,0
0.39409816,0
0.2110362,0
0.30826744,0
0.090577364,0
0.3909379,0
0.3373365,0
0.27047494,0
0.42248037,0
0.30262023,0
0.34167886,0
0.68501914,0
0.32480574,0
0.6250632,0
0.5346967,0
0.3826991,0
0.40884355,0
0.5116146,0
0.25221735,0
0.4609585,0
0.37589216,0
0.7215741,1
0.4624187,0
0.37338838,0
0.66117007,0
0.41492078,0
0.39230236,0
0.40823704,0
0.59574366,0
0.3280063,0
0.34958547,0
0.53318787,0
0.66272515,0
0.46852067,0
0.27746817,0
0.7412125,1
0.65443707,0
0.4691126,0
0.6184825,0
0.4795694,0
0.5455942,0
0.5429632,0
0.38575435,0
0.33696043,0
0.39172012,0
0.4858179,0
0.53491193,0
0.25170234,0
0.4083838,0
0.35313535,0
0.618657,0
0.60260665,0
0.5340551,0
0.3207909,0
0.3247113,0
0.4807153,0
0.3844347,0
0.16475514,0
0.5639314,0
0.5681493,0
0.31337193,0
0.26403677,0
0.55022264,0
0.66914386,0
0.33716926,0
0.30654788,0
0.38743973,0
0.38765904,0
0.7267087,1
0.47903603,0
0.45706496,0
0.33613306,0
0.862328,1
0.21002011,0
0.5708718,0
0.6166164,0
0.47091037,0
0.49153528,0
0.33420274,0
0.38062996,0
0.36444592,0
0.35140505,0
0.2677443,0
0.34311676,0
0.4165382,0
0.6529369,0
0.44807225,0
0.49954516,0
0.30649036,0
0.38448954,0
0.2865652,0
0.4323776,0
0.55401814,0
0.2819503,0
0.40043,0
0.6114669,0
0.3336096,0
0.40524203,0
0.19296108,0
0.5709463,0
0.47596365,0
0.38569263,0
0.81163305,1
0.58194244,0
0.36678123,0
0.54526544,0
0.4426999,0
0.5723151,0
0.6351726,0
0.34358042,0
0.45619497,0
0.72857535,1
0.3948993,0
0.51458144,0
0.3390157,0
0.4433953,0
0.2927132,0
0.42330778,0
0.52234083,0
0.19360197,0
0.3565215,0
0.40559533,0
0.63006693,0
0.3960722,0
0.566165,0
0.668068,0
0.15082134,0
0.5455317,0
0.44480294,0
0.27858722,0
0.26669058,0
0.5971567,0
0.22582158,0
0.1440108,0
0.67745745,0
0.44154137,0
0.7592372,1
0.39000505,0
0.3802852,0
0.28741607,0
0.2939228,0
0.39441955,0
0.32842728,0
0.28507814,0
0.39602455,0
0.38083234,0
0.6619681,0
0.64974064,0
0.3350694,0
0.8208196,1
0.40680054,0
0.85364115,1
0.41341227,0
0.39783752,0
0.34160626,0
0.5439258,0
0.33185813,0
0.2296133,0
0.48451948,0
0.31955567,0
0.46244848,0
0.6468583,0
0.42420745,0
0.57408226,0
0.2697719,0
0.54230917,0
0.39342162,0
0.5922973,0
0.5029317,0
0.5531353,0
0.43977633,0
0.21229045,0
0.45180786,0
0.2888407,0
0.27616015,0
0.38657522,0
0.42905214,0
0.51304615,0
0.36185223,0
0.25154808,0
0.2697762,0
0.36827493,0
0.67621833,0
0.55274534,0
0.48156798,0
0.39959985,0
0.3730307,0
0.68602204,0
0.29606938,0
0.58017904,0
0.40534398,0
0.22340342,0
0.22341986,0
0.38050318,0
0.24168049,0
0.5317289,0
0.2702408,0
0.34971276,0
0.4593366,0
0.6629084,0
0.3547567,0
0.5189081,0
0.35342973,0
0.34154046,0
0.4872864,0
0.6346886,0
0.37713903,0
0.3547746,0
0.63868845,0
0.22748262,0
0.43980506,0
0.3964372,0
0.35918677,0
0.68945104,0
0.65123785,0
0.70351124,0
0.38427508,0
0.4361324,0
0.35289186,0
0.38916436,0
0.71558625,1
0.4144384,0
0.5864816,0
0.32935667,0
0.7400734,1
0.64744,0
0.6174959,0
0.4410813,0
0.5570557,0
0.42823434,0
0.7278368,1
0.46113357,0
0.39389697,0
0.35210657,0
0.5619489,0
0.4071274,0
0.41024163,0
0.4611515,0
0.6358448,0
0.33205605,0
0.6980796,0
0.3127043,0
0.54661995,0
0.39231512,0
0.23147158,0
0.33007452,0
0.5875199,0
0.73454577,1
0.46570536,0
0.43796504,0
0.36121857,0
0.34050584,0
0.5301099,0
0.4299919,0
0.35958782,0
0.3566475,0
0.28202853,0
0.30825242,0
0.68429255,0
0.40624604,0
0.36300033,0
0.41824254,0
0.72454786,1
0.20991609,0
0.4717554,0
0.4649662,0
0.37414995,0
0.33339435,0
0.305888,0
0.5595973,0
0.19493882,0
0.5323627,0
0.42765528,0
0.569721,0
0.29447466,0
0.51105803,0
0.5707332,0
0.48655438,0
0.7599396,1
0.59778833,0
0.40583757,0
0.5674825,0
0.36477506,0
0.82236713,1
0.5773624,0
0.63415533,0
0.07710105,0
0.6879603,0
0.6028543,0
0.39515933,0
0.39732665,0
0.24071962,0
0.8636714,1
0.59026736,0
0.28401276,0
0.62344635,0
0.33004063,0
0.52851474,0
0.5529548,0
0.2267383,0
0.55214727,0
0.5782705,0
0.82859915,1
0.6030749,0
0.3407661,0
0.14405498,0
0.3587044,0
0.51696396,0
0.38479817,0
0.3015908,0
0.30855268,0
0.389439,0
0.5767313,0
0.40899482,0
0.42432988,0
0.5544518,0
0.46634427,0
0.30482906,0
0.33407864,0
0.48550534,0
0.7286602,1
0.3311461,0
0.5282253,0
0.4210785,0
0.3885076,0
0.7976481,1
0.39751327,0
0.41760746,0
0.35474655,0
0.5305143,0
0.33379397,0
0.41736192,0
0.24084641,0
0.34463218,0
0.600455,0
0.38656688,0
0.3064651,0
0.39042974,0
0.4738168,0
0.3920292,0
0.40903956,0
0.658435,0
0.49283573,0
0.6080018,0
0.21297036,0
0.46675974,0
0.519729,0
0.3285567,0
0.8060045,1
0.33000648,0
0.5728723,0
0.41089347,0
0.2926312,0
0.48475635,0
0.58200145,0
0.42270383,0
0.42211017,0
0.4315001,0
0.48064473,0
0.5100431,0
0.667044,0
0.38343844,0
0.61814713,0
0.53379637,0
0.46169293,0
0.441401,0
0.24539408,0
0.53633195,0
0.4443918,0
0.24853754,0
0.428289,0
0.54245406,0
0.6923831,0
0.27936172,0
0.4685282,0
0.44964877,0
0.4123283,0
0.45299283,0
0.5058613,0
0.45927247,0
0.4427877,0
0.45903343,0
0.2514493,0
0.3411411,0
0.5099437,0
0.5612216,0
0.5202168,0
0.33526543,0
0.18867202,0
0.15028477,0
0.28720057,0
0.31164265,0
0.65749896,0
0.48140183,0
0.5184868,0
0.43915954,0
0.42416108,0
0.5367975,0
0.21371652,0
0.47047707,0
0.5534761,0
0.35900253,0
0.372889,0
0.640772,0
0.42662805,0
0.13629079,0
0.36029392,0
0.48805186,0
0.5292859,0
0.43602988,0
0.48805198,0
0.5987468,0
0.31091565,0
0.41075337,0
0.27277085,0
0.5298723,0
0.56630886,0
0.16160546,0
0.526567,0
0.6738296,0
0.3238704,0
0.3594063,0
0.6138369,0
0.5512198,0
0.7800878,1
0.4877797,0
0.4707619,0
0.48984098,0
0.3870051,0
0.19557887,0
0.4473282,0
0.71849966,1
0.608441,0
0.477208,0
0.34142116,0
0.70391715,0
0.5701936,0
0.443932,0
0.3253058,0
0.2761103,0
0.3573698,0
0.28351003,0
0.42414778,0
0.47933477,0
0.22326683,0
0.46409047,0
0.22515938,0
0.23371086,0
0.47351736,0
0.24606414,0
0.4786814,0
0.4453025,0
0.5032579,0
0.17440201,0
0.50996006,0
0.32793236,0
0.48903877,0
0.31741667,0
0.26291966,0
0.4603568,0
0.45326737,0
0.46886343,0
0.37073004,0
0.2889094,0
0.9329356,1
0.21553038,0
0.2698392,0
0.3875749,0
0.6097714,0
0.3499243,0
0.5447753,0
0.4884677,0
0.5360612,0
0.7722413,1
0.5794196,0
0.6318158,0
0.40789044,0
0.46379253,0
0.5983314,0
0.5682196,0
0.43485785,0
0.64944255,0
0.3882438,0
0.28921917,0
0.43205976,0
0.34649587,0
0.5320752,0
0.4209928,0
0.22716598,0
0.46750617,0
0.58626735,0
0.564626,0
0.21624348,0
0.39953622,0
0.16690649,0
0.30473942,0
0.5461601,0
0.36121988,0
0.4777363,0
0.70697635,0
0.30730486,0
0.38439375,0
0.44788712,0
0.4375659,0
0.53901714,0
0.5476892,0
0.41229677,0
0.42598447,0
0.34112367,0
0.24848668,0
0.4695116,0
0.34765437,0
0.4609194,0
0.37701544,0
0.40395197,0
0.43294123,0
0.36600897,0
0.33074647,0
0.3933527,0
0.675999,0
0.26200432,0
0.30878004,0
0.15464543,0
0.33148685,0
0.18893921,0
0.48925948,0
0.49510723,0
0.43939316,0
0.4385087,0
0.4906282,0
0.64240956,0
0.6209026,0
0.43387824,0
0.37729383,0
0.5196576,0
0.69331294,0
0.28246176,0
0.26483437,0
0.4779006,0
0.55483174,0
0.5128167,0
0.20832558,0
0.24583186,0
0.29622293,0
0.3527377,0
0.31779397,0
0.6284378,0
0.67631304,0
0.19576018,0
0.48554346,0
0.29309395,0
0.3399758,0
0.226608,0
0.20676117,0
0.24749501,0
0.5040973,0
0.5034772,0
0.24991176,0
0.23321548,0
0.44102678,0
0.44147083,0
0.52754873,0
0.48822933,0
0.38573188,0
0.38588288,0
0.32663715,0
0.68999964,0
0.44185853,0
0.41704324,0
0.36440083,0
0.45310733,0
0.6687314,0
0.5302912,0
0.67428,0
0.31663623,0
0.7483318,1
0.38873777,0
0.37840945,0
0.3766698,0
0.49076116,0
0.33167335,0
0.29103667,0
0.46128014,0
0.6532347,0
0.28892168,0
0.55592877,0
0.531549,0
0.24317008,0
0.19899856,0
0.26994,0
0.37628523,0
0.5580134,0
0.5304488,0
0.6229277,0
0.5595097,0
0.6021778,0
0.45972487,0
0.4360075,0
0.4899856,0
0.5879265,0
0.31506768,0
0.4540431,0
0.2767816,0
0.4607673,0
0.55605763,0
0.31704703,0
0.4231304,0
0.32781783,0
0.3664984,0
0.46958426,0
0.39611238,0
0.17511605,0
0.54070824,0
0.5382418,0
0.67084515,0
0.41552526,0
0.14458735,0
0.25418717,0
0.28314433,0
0.74054736,1
0.23474224,0
0.73222727,1
0.40272176,0
0.6189316,0
0.5169071,0
0.31304643,0
0.16032718,0
0.6970909,0
0.24458523,0
0.5198185,0
0.22125703,0
0.3673154,0
0.3273543,0
0.28637752,0
0.32672033,0
0.61012256,0
0.3133105,0
0.56703806,0
0.3927515,0
0.40823424,0
0.30942947,0
0.62303454,0
0.4384987,0
0.94780385,1
0.5782761,0
0.3478292,0
0.5826486,0
0.32639006,0
0.25682542,0
0.4288406,0
0.43634495,0
0.29723185,0
0.48830152,0
0.45749354,0
0.72017145,1
0.37198555,0
0.21463661,0
0.6585286,0
0.39510134,0
0.2638525,0
0.20946054,0
0.32120115,0
0.51793385,0
0.3991931,0
0.39302728,0
0.5853668,0
0.40897182,0
0.30137292,0
0.47288823,0
0.5242434,0
0.3136519,0
0.28586996,0
0.5428785,0
0.35566175,0
0.44000825,0
0.6510386,0
0.5854123,0
0.31526318,0
0.21007262,0
0.2729359,0
0.32670325,0
0.43995026,0
0.25793475,0
0.36757526,0
0.28751847,0
0.5144092,0
0.3067462,0
0.5215293,0
0.40024164,0
0.50145334,0
0.4084802,0
0.2964494,0
0.44517344,0
0.31879988,0
0.66758996,0
0.26988843,0
0.22891045,0
0.15379578,0
0.45859557,0
0.49990687,0
0.4232066,0
0.21544018,0
0.44118673,0
0.3685746,0
0.34827092,0
0.28852144,0
0.41755685,0
0.70355004,0
0.22545221,0
0.3019341,0
0.4143758,0
0.26440057,0
0.34367874,0
0.19873571,0
0.57470775,0
0.47273976,0
0.47027588,0
0.5636833,0
0.46603718,0
0.3046545,0
0.32141286,0
0.4427134,0
0.5728011,0
0.35949674,0
0.449992,0
0.39089736,0
0.41928658,0
0.79177237,1
0.25937492,0
0.3170589,0
0.64283675,0
0.6793883,0
0.7163731,1
0.15059713,0
0.5855838,0
0.5242257,0
0.3386624,0
0.24244678,0
0.29828045,0
0.54287577,0
0.24145152,0
0.7022789,0
0.3777403,0
0.38143906,0
0.30833504,0
0.48259726,0
0.33673298,0
0.42437306,0
0.516198,0
0.6657244,0
0.40437979,0
0.29692885,0
0.4543854,0
0.2964209,0
0.1526073,0
0.57092285,0
0.44784176,0
0.5404583,0
0.48945668,0
0.7083019,0
0.50489235,0
0.48634607,0
0.53263897,0
0.4088034,0
0.15795244,0
0.49437848,0
0.5444447,0
0.78446984,1
0.41188446,0
0.40790823,0
0.5133179,0
0.5307388,0
0.2747549,0
0.5423148,0
0.3923482,0
0.6231987,0
0.4230547,0
0.458776,0
0.59890443,0
0.29280493,0
0.52309877,0
0.25459537,0
0.3326378,0
0.5979679,0
0.67238826,0
0.6095951,0
0.45890403,0
0.31342378,0
0.26332837,0
0.35898963,0
0.45657888,0
0.6118449,0
0.4709028,0
0.23434602,0
0.37009934,0
0.4668731,0
0.2485253,0
0.4586402,0
0.22143182,0
0.5172674,0
0.45709255,0
0.53018415,0
0.5683231,0
0.2792201,0
0.47643948,0
0.53551537,0
0.43748322,0
0.485354,0
0.41837454,0
0.68637717,0
0.45922762,0
0.2960348,0
0.54014176,0
0.30638322,0
0.7247415,1
0.3518532,0
0.65404254,0
0.45786116,0
0.4193615,0
0.27144018,0
0.34702328,0
0.3752036,0
0.35057268,0
0.31162488,0
0.58676714,0
0.4898741,0
0.5427402,0
0.6453379,0
0.4421798,0
0.45201665,0
0.3445395,0
0.41951406,0
0.7883111,1
0.61097795,0
0.23778382,0
0.6631381,0
0.26873335,0
0.33216807,0
0.3488951,0
0.36976373,0
0.57354903,0
0.62753844,0
0.42051768,0
0.45516938,0
0.31863427,0
0.36987585,0
0.43024328,0
0.29454437,0
0.30767447,0
0.30640215,0
0.46858862,0
0.46623477,0
0.3058513,0
0.34558338,0
0.6363059,0
0.71687174,1
0.42212638,0
0.412597,0
0.37665194,0
0.6372865,0
0.6274859,0
0.50667554,0
0.3723621,0
0.43683758,0
0.38992095,0
0.2164774,0
0.51660323,0
0.5532517,0
0.32420546,0
0.33689058,0
0.39322326,0
0.3688942,0
0.38868684,0
0.37222418,0
0.28694168,0
0.48210225,0
0.5531545,0
0.3491308,0
0.29200238,0
0.28582403,0
0.57148325,0
0.55438805,0
0.41366908,0
0.121359535,0
0.48240998,0
0.5353372,0
0.34725916,0
0.27163908,0
0.47241664,0
0.2897449,0
0.90790075,1
0.21790528,0
0.69759446,0
0.33787206,0
0.19568357,0
0.60276246,0
0.5206894,0
0.54528564,0
0.21333422,0
0.37990198,0
0.32762197,0
0.3087255,0
0.18195818,0
0.23018257,0
0.21385801,0
0.33295068,0
0.4045005,0
0.7218506,1
0.45293495,0
0.68960273,0
0.28189132,0
0.38767636,0
0.7814103,1
0.55408776,0
0.34463847,0
0.64674413,0
0.60744286,0
0.47578213,0
0.5675706,0
0.6409379,0
0.36275283,0
0.28225097,0
0.47249073,0
0.4869798,0
0.65568876,0
0.64916354,0
0.37286776,0
0.33400056,0
0.533748,0
0.55127037,0
0.20540115,0
0.37814108,0
0.3555933,0
0.57762694,0
0.51866615,0
0.35034224,0
0.40003294,0
0.67732984,0
0.5170887,0
0.39051816,0
0.27121937,0
0.35929948,0
0.3710183,0
0.25889573,0
0.35454738,0
0.18522723,0
0.47190496,0
0.43744427,0
0.43963516,0
0.24219523,0
0.5193978,0
0.2884196,0
0.31520116,0
0.45585483,0
0.51979506,0
0.83813006,1
0.7395841,1
0.70594937,0
0.3126789,0
0.2548426,0
0.49208918,0
0.51391447,0
0.6314592,0
0.5664583,0
0.3716441,0
0.45751077,0
0.21392472,0
0.36850345,0
0.20895344,0
0.41443816,0
0.48173425,0
0.56171066,0
0.49232906,0
0.4355094,0
0.3966928,0
0.13868414,0
0.46116287,0
0.2734322,0
0.38752875,0
0.51756305,0
0.7535954,1
0.47834608,0
0.32307103,0
0.46526784,0
0.5774745,0
0.46290106,0
0.51402736,0
0.54557717,0
0.3360261,0
0.42671347,0
0.22323935,0
0.60122126,0
0.49534592,0
0.594472,0
0.37850666,0
0.4458837,0
0.44533396,0
0.2050306,0
0.7016809,0
0.35794201,0
0.24760638,0
0.35795248,0
0.2873432,0
0.33617088,0
0.30716044,0
0.34849602,0
0.46849683,0
0.1626093,0
0.55548555,0
0.5561063,0
0.5986531,0
0.3838955,0
0.5608343,0
0.577077,0
0.27434564,0
0.33821824,0
0.456684,0
0.44725084,0
0.2978177,0
0.57545996,0
0.21795352,0
0.35583374,0
0.17355648,0
0.32687816,0
0.2987569,0
0.55098,0
0.3402887,0
0.23845832,0
0.47194663,0
0.29259196,0
0.46217573,0
0.31823888,0
0.32559046,0
0.30954233,0
0.6262506,0
0.28185958,0
0.23845574,0
0.59123063,0
0.3924399,0
0.25214013,0
0.46270248,0
0.7495064,1
0.2469762,0
0.49872345,0
0.7982612,1
0.44155133,0
0.49795637,0
0.3795655,0
0.13213536,0
0.43393224,0
0.6900035,0
0.3322842,0
0.44066846,0
0.3178199,0
0.5613879,0
0.51070285,0
0.7858098,1
0.48059317,0
0.73314416,1
0.47808284,0
0.13786204,0
0.4021792,0
0.5886836,0
0.60380715,0
0.37116507,0
0.4322196,0
0.39029917,0
0.34974685,0
0.39582393,0
0.46856168,0
0.48422483,0
0.41696382,0
0.615006,0
0.46176386,0
0.1629466,0
0.49421373,0
0.49572864,0
0.2743309,0
0.41409823,0
0.5576368,0
0.43848553,0
0.7280738,1
0.5608755,0
0.75116503,1
0.6463626,0
0.57896024,0
0.21369821,0
0.3848303,0
0.4737842,0
0.44754395,0
0.36601394,0
0.6389164,0
0.5242736,0
0.21833928,0
0.4200338,0
0.6235056,0
0.36105368,0
0.44083884,0
0.45793265,0
0.62310386,0
0.51153785,0
0.27290964,0
0.39473194,0
0.2168652,0
0.47765502,0
0.4137142,0
0.2968589,0
0.28634447,0
0.4280094,0
0.31448328,0
0.6720581,0
0.20055462,0
0.3928464,0
0.27038354,0
0.4932714,0
0.3370165,0
0.57013303,0
0.6210861,0
0.46989286,0
0.32618737,0
0.7065014,0
0.4852233,0
0.18191276,0
0.5685445,0
0.50359404,0
0.34621733,0
0.667238,0
0.18626425,0
0.40814218,0
0.32621604,0
0.38700947,0
0.34958345,0
0.32519698,0
0.2458282,0
0.51896244,0
0.3285252,0
0.23271541,0
0.17559572,0
0.435851,0
0.42741328,0
0.3656883,0
0.4439383,0
0.52440774,0
0.4771344,0
0.31089756,0
0.5565097,0
0.6895652,0
0.34433237,0
0.6118515,0
0.5714123,0
0.6165375,0
0.40478408,0
0.30379954,0
0.5713388,0
0.51389855,0
0.268906,0
0.27457523,0
0.43943414,0
0.6584188,0
0.2510891,0
0.23871127,0
0.33398804,0
0.49514723,0
0.53296846,0
0.36941478,0
0.4659322,0
0.48087788,0
0.5380642,0
0.5879198,0
0.49178714,0
0.39813715,0
0.37327507,0
0.28332913,0
0.2655606,0
0.26923922,0
0.28932014,0
0.4030676,0
0.7511204,1
0.5774638,0
0.9095003,1
0.39652118,0
0.6982571,0
0.3179144,0
0.47304964,0
0.3942018,0
0.27204484,0
0.29298475,0
0.51704574,0
0.39040306,0
0.7749391,1
0.15549597,0
0.35967466,0
0.6517424,0
0.26191503,0
0.5714717,0
0.6837459,0
0.55046004,0
0.47215107,0
0.6528688,0
0.5449865,0
0.4696624,0
0.28876916,0
0.30912027,0
0.55757874,0
0.35944888,0
0.37469724,0
0.46359092,0
0.47400966,0
0.3592411,0
0.3725083,0
0.21136203,0
0.32589778,0
0.80208695,1
0.5597972,0
0.3584795,0
0.514016,0
0.33519343,0
0.5036056,0
0.70094633,0
0.4462497,0
0.39960426,0
0.23424104,0
0.35137516,0
0.6268549,0
0.30653057,0
0.44111514,0
0.35017255,0
0.6802562,0
0.4061668,0
0.103973635,0
0.21473219,0
0.14330848,0
0.6177392,0
0.28796306,0
0.26208678,0
0.5580794,0
0.41124293,0
0.2231121,0
0.357933,0
0.27681875,0
0.36031267,0
0.63212556,0
0.37625054,0
0.47041065,0
0.6074933,0
0.3762483,0
0.7029582,0
0.35963318,0
0.34516793,0
0.8353223,1
0.30649382,0
0.4324507,0
0.32516113,0
0.25360668,0
0.6533439,0
0.6100674,0
0.23842391,0
0.39784667,0
0.4472391,0
0.600033,0
0.40148607,0
0.3446783,0
0.45725873,0
0.62517786,0
0.37922868,0
0.6984519,0
0.35245013,0
0.22672625,0
0.5032536,0
0.25176615,0
0.26833507,0
0.578897,0
0.37329355,0
0.6058764,0
0.2042584,0
0.49430063,0
0.49015984,0
0.34950134,0
0.3815087,0
0.302105,0
0.46860445,0
0.4254513,0
0.5427855,0
0.4861441,0
0.4959267,0
0.47544634,0
0.25146964,0
0.821951,1
0.31233937,0
0.49803993,0
0.22243096,0
0.45782876,0
0.52417326,0
0.33572525,0
0.38313335,0
0.5050204,0
0.4088801,0
0.25830403,0
0.6038511,0
0.29026085,0
0.49766302,0
0.34853536,0
0.13769536,0
0.4810312,0
0.51181185,0
0.60544544,0
0.2917644,0
0.38813335,0
0.3041455,0
0.65366274,0
0.37947327,0
0.36179847,0
0.6031799,0
0.56722623,0
0.1931808,0
0.5296922,0
0.51815593,0
0.3361231,0
0.5861837,0
0.7907314,1
0.39518753,0
0.3749626,0
0.7710084,1
0.44152725,0
0.17649037,0
0.40309703,0
0.42936328,0
0.3738193,0
0.28987497,0
0.6746927,0
0.194857,0
0.38699138,0
0.54139006,0
0.4896382,0
0.39396295,0
0.31698993,0
0.65751904,0
0.29815453,0
0.36500746,0
0.6500213,0
0.38668406,0
0.4774358,0
0.38317648,0
0.29324108,0
0.4984488,0
0.5672328,0
0.42477715,0
0.28603968,0
0.37472323,0
0.4354287,0
0.4022001,0
0.55839884,0
0.77369964,1
0.28267387,0
0.3788804,0
0.6348888,0
0.26617756,0
0.45887622,0
0.5444282,0
0.35942182,0
0.29761508,0
0.7029702,0
0.7271951,1
0.36847398,0
0.59187216,0
0.3292888,0
0.69985294,0
0.5085809,0
0.2713128,0
0.34907225,0
0.39135337,0
0.50529015,0
0.44468206,0
0.44882676,0
0.433099,0
0.27118927,0
0.569661,0
0.4775531,0
0.42783657,0
0.45134917,0
0.4045194,0
0.57198244,0
0.35369855,0
0.34617734,0
0.19985598,0
0.23764834,0
0.34101796,0
0.79430497,1
0.26103172,0
0.39888388,0
0.4071448,0
0.3530011,0
0.37470442,0
0.5161036,0
0.35675094,0
0.21370564,0
0.49074394,0
0.4724316,0
0.18357405,0
0.3316858,0
0.31297785,0
0.4487687,0
0.3594105,0
0.27154517,0
0.4015653,0
0.36822897,0
0.43849057,0
0.34776333,0
0.4651307,0
0.46761066,0
0.45771942,0
0.55607396,0
0.4223603,0
0.37498367,0
0.33051732,0
0.3302053,0
0.3718586,0
0.44479078,0
0.25035197,0
0.4524428,0
0.5520195,0
0.6715928,0
0.40345538,0
0.38029718,0
0.2960214,0
0.33258057,0
0.46141863,0
0.457523,0
0.62405413,0
0.47367597,0
0.32381287,0
0.35697126,0
0.61352694,0
0.568997,0
0.49049482,0
0.49370587,0
0.11326878,0
0.4904432,0
0.27090836,0
0.26658347,0
0.3314387,0
0.3577897,0
0.38176265,0
0.32678962,0
0.39291704,0
0.5128149,0
0.23775443,0
0.42974034,0
0.29028824,0
0.25484058,0
0.39975122,0
0.6723165,0
0.48239014,0
0.35810524,0
0.44105637,0
0.59943223,0
0.4010039,0
0.51806855,0
0.2753685,0
0.21371143,0
0.7327459,1
0.4195047,0
0.5096405,0
0.33553794,0
0.3724006,0
0.30385435,0
0.3586627,0
0.37506032,0
0.39293304,0
0.5570378,0
0.4600897,0
0.39998627,0
0.33875665,0
0.31033486,0
0.28263903,0
0.34004408,0
0.08968182,0
0.54875624,0
0.3786446,0
0.6177881,0
0.5931066,0
0.1466634,0
0.27560225,0
0.54435015,0
0.3632806,0
0.713824,1
0.41031903,0
0.46281675,0
0.4598672,0
0.5282015,0
0.5168845,0
0.59635216,0
0.22261618,0
0.6916482,0
0.40273374,0
0.27424145,0
0.5090255,0
0.38005978,0
0.2081281,0
0.49277273,0
0.42642924,0
0.302338,0
0.7432257,1
0.39243683,0
0.5939005,0
0.38755018,0
0.20057146,0
0.1635318,0
0.56266195,0
0.562001,0
0.36971366,0
0.4233995,0
0.50057775,0
0.5276456,0
0.5521395,0
0.5117491,0
0.7653148,1
0.64129007,0
0.7024947,0
0.2204303,0
0.24351235,0
0.62527144,0
0.25912654,0
0.29354885,0
0.23333988,0
0.6446397,0
0.38621783,0
0.25113147,0
0.52195144,0
0.644958,0
0.34798393,0
0.41623935,0
0.756074,1
0.3301187,0
0.31047553,0
0.28419778,0
0.55985653,0
0.3934817,0
0.41779003,0
0.26889566,0
0.62089014,0
0.71643126,1
0.46669826,0
0.3271386,0
0.6233014,0
0.48279926,0
0.3500465,0
0.47768962,0
0.62382275,0
0.20973235,0
0.45116436,0
0.69690186,0
0.46064514,0
0.40217823,0
0.36002985,0
0.34616444,0
0.22760978,0
0.3328785,0
0.41427,0
0.47694555,0
0.36478382,0
0.41768643,0
0.5133696,0
0.6671797,0
0.5885035,0
0.41688928,0
0.5318547,0
0.3762141,0
0.25961164,0
0.18918021,0
0.4736996,0
0.29704466,0
0.58720124,0
0.47317153,0
0.44744536,0
0.6501417,0
0.65691876,0
0.20379616,0
0.24454387,0
0.35696733,0
0.41242057,0
0.42589524,0
0.45139,0
0.6131109,0
0.25005287,0
0.36227155,0
0.35452405,0
0.470061,0
0.54950655,0
0.23686975,0
0.6623678,0
0.71562046,1
0.44491273,0
0.53109044,0
0.34237742,0
0.4192319,0
0.67002404,0
0.3560598,0
0.29252216,0
0.28460526,0
0.5658072,0
0.7364826,1
0.71138966,1
0.368299,0
0.36659113,0
0.7730135,1
0.5234246,0
0.26792216,0
0.37523553,0
0.55325013,0
0.43681192,0
0.6013637,0
0.5080314,0
0.691273,0
0.26461428,0
0.39050755,0
0.40199548,0
0.5251404,0
0.31707355,0
0.34291372,0
0.35514292,0
0.550695,0
0.3386829,0
0.9442833,1
0.5261029,0
0.4038088,0
0.37026146,0
0.42479196,0
0.36654067,0
0.40807122,0
0.29057243,0
0.3937164,0
0.31282464,0
0.713821,1
0.41353166,0
0.37995356,0
0.30358598,0
0.5525283,0
0.26360494,0
0.54138416,0
0.44393945,0
0.39499378,0
0.3645845,0
0.527772,0
0.2792273,0
0.5984703,0
0.3603481,0
0.5547982,0
0.3428556,0
0.16250102,0
0.5098668,0
0.585963,0
0.60519874,0
0.33229494,0
0.47314692,0
0.334063,0
0.44097817,0
0.1787924,0
0.4740634,0
0.6397506,0
0.67521197,0
0.32480538,0
0.42332867,0
0.5527966,0
0.20436971,0
0.6154465,0
0.40590197,0
0.45004335,0
0.52861243,0
0.320761,0
0.3199425,0
0.4403003,0
0.6320239,0
0.3679236,0
0.3942545,0
0.7358284,1
0.31687984,0
0.43531397,0
0.3173574,0
0.6312744,0
0.38807395,0
0.3705989,0
0.33556092,0
0.40033808,0
0.42980543,0
0.69093406,0
0.5476654,0
0.32564777,0
0.40107372,0
0.6765945,0
0.2692293,0
0.34432185,0
0.5306521,0
0.48343742,0
0.58154273,0
0.33075497,0
0.36196658,0
0.29424345,0
0.7015421,0
0.5922869,0
0.65486795,0
0.16567576,0
0.42776394,0
0.5517474,0
0.585322,0
0.5554379,0
0.5245444,0
0.43009767,0
0.48112905,0
0.35529196,0
0.5253277,0
0.45658156,0
0.49669293,0
0.68345356,0
0.3189659,0
0.5701637,0
0.62143886,0
0.3690348,0
0.49857998,0
0.25705257,0
0.2178455,0
0.880018,1
0.24760027,0
0.33518478,0
0.34703708,0
0.55970186,0
0.8879353,1
0.35508767,0
0.552975,0
0.33738077,0
0.64883083,0
0.6926349,0
0.40488216,0
0.4352509,0
0.6315829,0
0.5266475,0
0.5761046,0
0.5908884,0
0.7449537,1
0.49168798,0
0.5227116,0
0.34371358,0
0.48798984,0
0.70105493,0
0.4997481,0
0.3328357,0
0.5801766,0
0.30712828,0
0.44127682,0
0.37518892,0
0.43840355,0
0.51907325,0
0.10014265,0
0.4251141,0
0.36918485,0
0.45838195,0
0.3158439,0
0.13079947,0
0.47604582,0
0.6296865,0
0.35199162,0
0.27085397,0
0.64143133,0
0.55048347,0
0.36307544,0
0.477376,0
0.3790631,0
0.32730108,0
0.2637896,0
0.24795373,0
0.53556573,0
0.6888503,0
0.37287885,0
0.5861363,0
0.271128,0
0.5917097,0
0.3382339,0
0.46381068,0
0.32518178,0
0.50810057,0
0.44735283,0
0.3448859,0
0.25708598,0
0.20046636,0
0.3928398,0
0.5674771,0
0.6221652,0
0.5930741,0
0.35663587,0
0.5603985,0
0.43556178,0
0.32403165,0
0.51484686,0
0.3034517,0
0.33574373,0
0.62293136,0
0.37825656,0
0.44085127,0
0.44830385,0
0.28355235,0
0.29792318,0
0.3432488,0
0.6822134,0
0.3133366,0
0.21194726,0
0.4973345,0
0.45159504,0
0.48693508,0
0.6270751,0
0.5801985,0
0.44283462,0
0.6235244,0
0.26278877,0
0.45492482,0
0.4270301,0
0.20767128,0
0.47853273,0
0.7072223,0
0.34815663,0
0.40534997,0
0.25610572,0
0.41633287,0
0.5705302,0
0.3829718,0
0.93206453,1
0.27931023,0
0.479006,0
0.27146387,0
0.38650525,0
0.20039894,0
0.7871319,1
0.5990124,0
0.47457287,0
0.43273857,0
0.57063204,0
0.3902791,0
0.41486079,0
0.42184398,0
0.4175515,0
0.6019131,0
0.30830064,0
0.45362478,0
0.59585196,0
0.49150074,0
0.6369055,0
0.40820605,0
0.3098719,0
0.5120814,0
0.3569046,0
0.31743112,0
0.5272937,0
0.3637651,0
0.45127308,0
0.85478127,1
0.46873757,0
0.27564487,0
0.30201986,0
0.27789843,0
0.37856627,0
0.49208567,0
0.9078632,1
0.57657635,0
0.3833274,0
0.30521208,0
0.37541872,0
0.3357756,0
0.51170695,0
0.16381232,0
0.5453904,0
0.44900697,0
0.5527192,0
0.5274365,0
0.35688058,0
0.54027206,0
0.29795694,0
0.29591042,0
0.5119692,0
0.65369785,0
0.20345376,0
0.3216309,0
0.8403938,1
0.3935066,0
0.27569282,0
0.46539965,0
0.4855348,0
0.38433465,0
0.48861444,0
0.18318123,0
0.4002096,0
0.42630118,0
0.47017923,0
0.46479824,0
0.5191268,0
0.4068896,0
0.29321203,0
0.68790454,0
0.29934186,0
0.3522581,0
0.5442604,0
0.5235624,0
0.4066399,0
0.46422592,0
0.36474442,0
0.2596226,0
0.44792697,0
0.5785526,0
0.41634232,0
0.6219642,0
0.46901065,0
0.43660197,0
0.38717416,0
0.40929168,0
0.32151344,0
0.37831724,0
0.36293888,0
0.3446387,0
0.5221929,0
0.45300817,0
0.351778,0
0.6719145,0
0.44527647,0
0.6365299,0
0.43241376,0
0.3652762,0
0.24621983,0
0.50627476,0
0.39332148,0
0.40223193,0
0.46739733,0
0.35708573,0
0.24986227,0
0.43317407,0
0.53970474,0
0.5276302,0
0.49889416,0
0.83065575,1
0.32192805,0
0.8330195,1
0.44906348,0
0.51913023,0
0.46728536,0
0.4943431,0
0.5528013,0
0.30707943,0
0.5242228,0
0.6267062,0
0.46316355,0
0.4590081,0
0.5773493,0
0.22809024,0
0.8715277,1
0.46233764,0
0.26932195,0
0.36949077,0
0.48939538,0
0.6229778,0
0.4174722,0
0.45321143,0
0.766514,1
0.4485487,0
0.21641913,0
0.43544024,0
0.50699997,0
0.4212185,0
0.16366316,0
0.48142305,0
0.556193,0
0.6676754,0
0.5375897,0
0.4108023,0
0.22356491,0
0.29351264,0
0.6608257,0
0.51211447,0
0.46991464,0
0.22414596,0
0.45500487,0
0.38596207,0
0.32992366,0
0.397997,0
0.5827348,0
0.29157302,0
0.29172236,0
0.32168153,0
0.3628098,0
0.410577,0
0.66311306,0
0.46342593,0
0.41251472,0
0.33122203,0
0.5031989,0
0.36570317,0
0.34880742,0
0.7464523,1
0.20010315,0
0.5491546,0
0.41163316,0
0.48043576,0
0.6254751,0
0.46477455,0
0.45642707,0
0.38427022,0
0.56928587,0
0.3076885,0
0.45698488,0
0.3020621,0
0.50261277,0
0.49759266,0
0.41122174,0
0.45531416,0
0.557306,0
0.36333582,0
0.37764394,0
0.45816776,0
0.47669598,0
0.3573651,0
0.2635034,0
0.27126795,0
0.62457573,0
0.47290814,0
0.67762977,0
0.27970496,0
0.30516118,0
0.40110472,0
0.47148976,0
0.57975787,0
0.89430445,1
0.47630984,0
0.47889453,0
0.32613707,0
0.43868858,0
0.20060089,0
0.33896038,0
0.6583732,0
0.7474232,1
0.66968745,0
0.29546964,0
0.27651158,0
0.24401878,0
0.3749636,0
0.33984286,0
0.2982844,0
0.3160398,0
0.47231194,0
0.3750076,0
0.28912902,0
0.6303127,0
0.6519647,0
0.43756416,0
0.28600755,0
0.46828383,0
0.37878454,0
0.47769648,0
0.6362049,0
0.571048,0
0.45364127,0
0.5870463,0
0.566656,0
0.30817422,0
0.49140388,0
0.6639388,0
0.67416364,0
0.40657586,0
0.20067382,0
0.34709665,0
0.31235236,0
0.23706903,0
0.63209605,0
0.38354072,0
0.43684423,0
0.39323357,0
0.44023347,0
0.502267,0
0.561722,0
0.5224238,0
0.628183,0
0.42236456,0
0.26733777,0
0.44159892,0
0.18216985,0
0.30409026,0
0.5536705,0
0.34172115,0
0.4914451,0
0.3705636,0
0.3034127,0
0.35761482,0
0.33019724,0
0.47446117,0
0.5150909,0
0.400926,0
0.3795004,0
0.3093123,0
0.453838,0
0.19745721,0
0.27073282,0
0.20852216,0
0.58351165,0
0.48351178,0
0.76013017,1
0.47294888,0
0.59643245,0
0.51718915,0
0.6674819,0
0.3514809,0
0.56384283,0
0.6822575,0
0.6993125,0
0.33385104,0
0.360717,0
0.27381775,0
0.5109395,0
0.66973525,0
0.84980404,1
0.5820677,0
0.67834336,0
0.35068768,0
0.2503166,0
0.4934642,0
0.44389486,0
0.2995104,0
0.40053427,0
0.4157698,0
0.7764,1
0.61908674,0
0.81186223,1
0.6186336,0
0.7580234,1
0.75925016,1
0.28351042,0
0.28548458,0
0.26578376,0
0.62875724,0
0.74668455,1
0.27601802,0
0.38394734,0
0.5713564,0
0.38904995,0
0.6824192,0
0.40976575,0
0.42338592,0
0.27545074,0
0.38384786,0
0.29283923,0
0.34523162,0
0.35848367,0
0.36107665,0
0.8220427,1
0.15786648,0
0.8542595,1
0.57438767,0
0.4512304,0
0.51325375,0
0.3936408,0
0.69825363,0
0.67953515,0
0.26179174,0
0.48428938,0
0.46524546,0
0.6533669,0
0.5431407,0
0.5770408,0
0.8941689,1
0.7056658,0
0.2550949,0
0.15903652,0
0.46471512,0
0.5931003,0
0.36043367,0
0.46165708,0
0.13847686,0
0.61562294,0
0.33365285,0
0.44080982,0
0.59827715,0
0.2840077,0
0.30128554,0
0.44871324,0
0.59484816,0
0.2782747,0
0.6074493,0
0.31748605,0
0.51342714,0
0.2776464,0
0.5915261,0
0.48515257,0
0.28330976,0
0.23653309,0
0.7562751,1
0.279659,0
0.61671764,0
0.3768122,0
0.4442633,0
0.6275269,0
0.49404702,0
0.38221315,0
0.33348477,0
0.44149584,0
0.5235866,0
0.4794378,0
0.43764254,0
0.39044258,0
0.49676415,0
0.43213427,0
0.34648547,0
0.6052103,0
0.18496527,0
0.46785384,0
0.3746011,0
0.53540254,0
0.19562861,0
0.41237557,0
0.38918814,0
0.4034451,0
0.7025503,0
0.44966945,0
0.13282375,0
0.5215739,0
0.5060122,0
0.5706935,0
0.36276475,0
0.4426065,0
0.38432512,0
0.50862944,0
0.40351817,0
0.35188738,0
0.36626697,0
0.43612155,0
0.5425708,0
0.5403744,0
0.269792,0
0.45803377,0
0.6818448,0
0.7799492,1
0.4605717,0
0.32328397,0
0.5499313,0
0.6963896,0
0.3787287,0
0.65749705,0
0.4892469,0
0.48757794,0
0.3481455,0
0.41809535,0
0.51325953,0
0.45671597,0
0.6955642,0
0.69651175,0
0.5763961,0
0.43651372,0
0.42671788,0
0.42832306,0
0.36759698,0
0.5359037,0
0.52979934,0
0.38659203,0
0.4629315,0
0.67335194,0
0.38948113,0
0.41493043,0
0.27059677,0
0.7705073,1
0.40954217,0
0.6547385,0
0.44826525,0
0.43819028,0
0.66293675,0
0.62162584,0
0.457025,0
0.29710883,0
0.320539,0
0.4521469,0
0.6233727,0
0.19831748,0
0.6967602,0
0.2604469,0
0.38508406,0
0.55471224,0
0.26279777,0
0.38941658,0
0.24633351,0
0.42268848,0
0.22553611,0
0.5337447,0
0.4714712,0
0.45728022,0
0.23981638,0
0.31120157,0
0.2670821,0
0.26646808,0
0.35572335,0
0.34239334,0
0.48826253,0
0.39766237,0
0.6009088,0
0.42384127,0
0.6283798,0
0.6360477,0
0.6866963,0
0.41694772,0
0.3744093,0
0.45398778,0
0.463715,0
0.45655796,0
0.39186227,0
0.2515706,0
0.29448286,0
0.52952534,0
0.3992306,0
0.4593731,0
0.4458644,0
0.44800994,0
0.37026027,0
0.2749404,0
0.39790908,0
0.18393797,0
0.7030971,0
0.31969982,0
0.8002857,1
0.8196185,1
0.24917823,0
0.3687746,0
0.71877974,1
0.5245199,0
0.5018722,0
0.22876114,0
0.6124404,0
0.39591905,0
0.33808348,0
0.40134868,0
0.5422279,0
0.55506766,0
0.5002102,0
0.38644868,0
0.71687526,1
0.3217203,0
0.44983843,0
0.30543742,0
0.31306198,0
0.23448254,0
0.7540638,1
0.63213,0
0.30714452,0
0.22003567,0
0.685629,0
0.357359,0
0.4734812,0
0.51370937,0
0.53831553,0
0.6581866,0
0.33103666,0
0.41659376,0
0.37022904,0
0.32110825,0
0.18613249,0
0.6418766,0
0.45035186,0
0.26764473,0
0.5595745,0
0.4699634,0
0.47460085,0
0.52079076,0
0.74222565,1
0.2956611,0
0.29774654,0
0.16905864,0
0.46739858,0
0.6213034,0
0.3711815,0
0.4157256,0
0.28335834,0
0.38559037,0
0.24939369,0
0.5266437,0
0.3562991,0
0.48729625,0
0.34219047,0
0.77624875,1
0.5757292,0
0.35072425,0
0.7110184,1
0.27077925,0
0.5176971,0
0.39575267,0
0.37584504,0
0.27967602,0
0.4041935,0
0.3288911,0
0.41879073,0
0.7220288,1
0.38114747,0
0.5887718,0
0.34033296,0
0.7038878,0
0.43086872,0
0.5062509,0
0.23803012,0
0.5092246,0
0.26731214,0
0.5192008,0
0.3006172,0
0.32958984,0
0.23358577,0
0.5393615,0
0.28275332,0
0.5885494,0
0.48789608,0
0.37692636,0
0.48621392,0
0.30226278,0
0.44749406,0
0.5736646,0
0.26851687,0
0.30761194,0
0.6462692,0
0.22878353,0
0.42550698,0
0.48581475,0
0.37416536,0
0.42893165,0
0.23087704,0
0.59465975,0
0.6512072,0
0.43575686,0
0.39458856,0
0.47932163,0
0.49056238,0
0.5399109,0
0.4666596,0
0.55720526,0
0.7834142,1
0.45179588,0
0.4302254,0
0.32918888,0
0.42144594,0
0.25819856,0
0.24723297,0
0.6153731,0
0.737751,1
0.24997371,0
0.46870047,0
0.36466518,0
0.5119024,0
0.40253612,0
0.39200467,0
0.35799587,0
0.34340045,0
0.4455992,0
0.45632482,0
0.2319483,0
0.32891375,0
0.30868503,0
0.5867982,0
0.46796846,0
0.53837234,0
0.46996444,0
0.5137815,0
0.36015156,0
0.32118982,0
0.36045197,0
0.5133994,0
0.5777071,0
0.46906656,0
0.53967,0
0.46208897,0
0.44673294,0
0.5943323,0
0.41246408,0
0.3128521,0
0.38765675,0
0.32558095,0
0.40542296,0
0.26433325,0
0.36144713,0
0.27644098,0
0.34038073,0
0.29997665,0
0.28369525,0
0.2557846,0
0.7331115,1
0.33447343,0
0.39801535,0
0.38108233,0
0.8575231,1
0.51135004,0
0.3260359,0
0.38061365,0
0.3684009,0
0.29224005,0
0.55091053,0
0.33251318,0
0.38321415,0
0.62618685,0
0.20990433,0
0.7164822,1
0.2913509,0
0.6962619,0
0.17625508,0
0.4621897,0
0.37277973,0
0.36223608,0
0.69269574,0
0.28388527,0
0.53650844,0
0.29947945,0
0.32114622,0
0.21987256,0
0.60711056,0
0.41691124,0
0.4707323,0
0.53044176,0
0.5134555,0
0.54940623,0
0.41383934,0
0.56496066,0
0.6973836,0
0.3204235,0
0.83100706,1
0.6282027,0
0.30101377,0
0.30836594,0
0.4171652,0
0.61480314,0
0.3669472,0
0.25677267,0
0.44069415,0
0.54841745,0
0.3524669,0
0.36581677,0
0.24624711,0
0.25487196,0
0.2122128,0
0.50993776,0
0.64106846,0
0.5064814,0
0.24662262,0
0.36810952,0
0.37231663,0
0.32766235,0
0.4897796,0
0.7145038,1
0.48520353,0
0.40106806,0
0.4446412,0
0.31729847,0
0.63641465,0
0.45229322,0
0.20514892,0
0.19888207,0
0.23900256,0
0.3207633,0
0.5938431,0
0.39361346,0
0.4887093,0
0.2847185,0
0.7343858,1
0.92251986,1
0.48921314,0
0.55092645,0
0.38811675,0
0.37194493,0
0.2724101,0
0.41166836,0
0.54535854,0
0.34683603,0
0.5044859,0
0.30979893,0
0.44219333,0
0.3366927,0
0.43276456,0
0.8296954,1
0.41777802,0
0.5984724,0
0.3831874,0
0.2957388,0
0.34070405,0
0.2674743,0
0.34187916,0
0.45376313,0
0.43221843,0
0.3250113,0
0.37499794,0
0.41906995,0
0.39092395,0
0.58599174,0
0.270742,0
0.86023456,1
0.36775753,0
0.4182231,0
0.4823077,0
0.43658587,0
0.24173549,0
0.4973486,0
0.48186997,0
0.42150235,0
0.3493569,0
0.65326965,0
0.34010172,0
0.18495508,0
0.25405717,0
0.31179956,0
0.72702473,1
0.3241162,0
0.2895153,0
0.26539782,0
0.6115907,0
0.3804804,0
0.7721339,1
0.47183946,0
0.68304354,0
0.45708543,0
0.23491171,0
0.591331,0
0.39880508,0
0.27633315,0
0.31948933,0
0.2789302,0
0.30162057,0
0.42711768,0
0.55671954,0
0.37305298,0
0.40755954,0
0.48455936,0
0.4726433,0
0.37987116,0
0.3258961,0
0.3582991,0
0.20579097,0
0.28862917,0
0.29745665,0
0.34314826,0
0.522485,0
0.22900233,0
0.48032537,0
0.52993727,0
0.5849638,0
0.48791945,0
0.8193276,1
0.3473527,0
0.70615983,0
0.7307062,1
0.4518343,0
0.29121444,0
0.8120366,1
0.3751889,0
0.44291353,0
0.5876471,0
0.35540208,0
0.73188204,1
0.48306856,0
0.41212705,0
0.4022715,0
0.35863742,0
0.28121132,0
0.47482264,0
0.57510763,0
0.27679628,0
0.20230934,0
0.49710816,0
0.36712784,0
0.8425673,1
0.3902418,0
0.41313854,0
0.24007644,0
0.49207222,0
0.4212741,0
0.25584948,0
0.4245832,0
0.44188023,0
0.58077264,0
0.65047425,0
0.18455839,0
0.36068895,0
0.662644,0
0.2620121,0
0.47028762,0
0.6974001,0
0.35214028,0
0.28034604,0
0.3273425,0
0.47804916,0
0.7193055,1
0.2271488,0
0.52330333,0
0.3278393,0
0.22798827,0
0.5687318,0
0.4987274,0
0.18875138,0
0.23988418,0
0.5108717,0
0.82754546,1
0.14263545,0
0.34021443,0
0.24291554,0
0.652505,0
0.40185502,0
0.58273435,0
0.29065445,0
0.5485301,0
0.43629587,0
0.49089453,0
0.58765703,0
0.49424478,0
0.43242183,0
0.5828443,0
0.60024786,0
0.32277986,0
0.5121341,0
0.2898569,0
0.4336808,0
0.551093,0
0.40301952,0
0.4455709,0
0.2835233,0
0.36477837,0
0.5269788,0
0.5005034,0
0.53105956,0
0.5252879,0
0.8686956,1
0.6324945,0
0.17812586,0
0.46871054,0
0.6131271,0
0.1264971,0
0.3473899,0
0.3086923,0
0.32545137,0
0.40233195,0
0.40112782,0
0.5753101,0
0.25948775,0
0.59806114,0
0.47072068,0
0.42648107,0
0.23903742,0
0.48040104,0
0.4066599,0
0.62136096,0
0.51486176,0
0.2843603,0
0.4888294,0
0.40472317,0
0.29125804,0
0.47857872,0
0.47156724,0
0.42343062,0
0.41624206,0
0.34657842,0
0.25119126,0
0.30515963,0
0.67609066,0
0.39743724,0
0.38811135,0
0.40636197,0
0.41162977,0
0.55554414,0
0.44601855,0
0.31111875,0
0.26773652,0
0.6638636,0
0.68595904,0
0.5133368,0
0.231828,0
0.5585069,0
0.25062197,0
0.35244772,0
0.32732663,0
0.39614147,0
0.6279969,0
0.23409565,0
0.48322365,0
0.33556855,0
0.6157636,0
0.423432,0
0.42782265,0
0.25988394,0
0.43214443,0
0.39802113,0
0.2963878,0
0.33040258,0
0.2814195,0
0.31239632,0
0.321624,0
0.55398244,0
0.53575647,0
0.38649473,0
0.5737473,0
0.25157884,0
0.26528376,0
0.47934455,0
0.72352475,1
0.44019288,0
0.4769308,0
0.37796855,0
0.27522048,0
0.54416895,0
0.39778697,0
0.31650752,0
0.33286703,0
0.6351933,0
0.65624213,0
0.31843334,0
0.48297194,0
0.3012299,0
0.47626182,0
0.22498329,0
0.28831363,0
0.26252905,0
0.39803582,0
0.4817395,0
0.22328907,0
0.44607523,0
0.25171274,0
0.2617123,0
0.35341233,0
0.4432701,0
0.43927112,0
0.3794311,0
0.40846086,0
0.5452493,0
0.5298139,0
0.5123011,0
0.38172776,0
0.19833456,0
0.5766141,0
0.3706759,0
0.5514969,0
0.40809035,0
0.43692195,0
0.52997476,0
0.4939847,0
0.25807542,0
0.4658165,0
0.48806435,0
0.58448774,0
0.34902164,0
0.1560416,0
0.6215507,0
0.5068849,0
0.31305045,0
0.4954633,0
0.5158702,0
0.40462103,0
0.32527238,0
0.6517832,0
0.41338554,0
0.5711288,0
0.6432159,0
0.5403328,0
0.5008787,0
0.1366057,0
0.38293368,0
0.4136042,0
0.31038636,0
0.45529667,0
0.37783867,0
0.568389,0
0.29567164,0
0.4195545,0
0.34825286,0
0.21467274,0
0.3995078,0
0.3701198,0
0.5185504,0
0.66657674,0
0.45196468,0
0.61228096,0
0.47952142,0
0.3277626,0
0.326194,0
0.19122644,0
0.50313413,0
0.35504666,0
0.42956215,0
0.5482501,0
0.7053062,0
0.5938741,0
0.59997934,0
0.46436116,0
0.3761597,0
0.72323877,1
0.42577198,0
0.6526168,0
0.25789568,0
0.4965856,0
0.557001,0
0.3138775,0
0.28429773,0
0.36863333,0
0.82870024,1
0.39397722,0
0.5521632,0
0.5764576,0
0.54571104,0
0.32416227,0
0.46760127,0
0.3438033,0
0.79977185,1
0.43445092,0
0.2840467,0
0.77088064,1
0.39812574,0
0.41487646,0
0.46174178,0
0.43058744,0
0.71135604,1
0.44271463,0
0.38214245,0
0.30280265,0
0.6144539,0
0.16248423,0
0.4279398,0
0.23138225,0
0.2752708,0
0.5235625,0
0.6629532,0
0.6407324,0
0.30137497,0
0.49336308,0
0.4562036,0
0.5734074,0
0.4224377,0
0.4121808,0
0.38845855,0
0.4464655,0
0.4695906,0
0.5026789,0
0.5576608,0
0.28372413,0
0.58861303,0
0.19502883,0
0.16469468,0
0.60914105,0
0.28455362,0
0.32808182,0
0.42158538,0
0.4211392,0
0.2717301,0
0.38437536,0
0.4339855,0
0.32258967,0
0.4388002,0
0.32292536,0
0.5344789,0
0.78474396,1
0.58700186,0
0.92403,1
0.414726,0
0.5747498,0
0.34749168,0
0.42328593,0
0.45794868,0
0.35936493,0
0.51702535,0
0.19906554,0
0.37830195,0
0.40991628,0
0.48868892,0
0.5309492,0
0.6730677,0
0.4730024,0
0.3730029,0
0.5007426,0
0.74972266,1
0.38492247,0
0.28324282,0
0.45679122,0
0.38194633,0
0.43517423,0
0.4484985,0
0.2651906,0
0.50418705,0
0.43468174,0
0.47187194,0
0.6803123,0
0.52346873,0
0.8277059,1
0.39247158,0
0.22634241,0
0.28500465,0
0.84258443,1
0.51274496,0
0.58471733,0
0.5856783,0
0.54042023,0
0.27421525,0
0.45290703,0
0.41250783,0
0.42540452,0
0.5051949,0
0.57151425,0
0.5570423,0
0.36956155,0
0.33521184,0
0.5517462,0
0.36776286,0
0.6079031,0
0.5825476,0
0.49835694,0
0.32290918,0
0.39958966,0
0.38396797,0
0.46714428,0
0.42871562,0
0.52585125,0
0.68900084,0
0.35204262,0
0.44784027,0
0.32742673,0
0.5063519,0
0.60853857,0
0.5770989,0
0.28948668,0
0.5722093,0
0.2554467,0
0.4532849,0
0.44031045,0
0.33091697,0
0.16742177,0
0.4498299,0
0.49086443,0
0.63988614,0
0.13445336,0
0.4567272,0
0.3474096,0
0.4006992,0
0.58900064,0
0.6071407,0
0.23765098,0
0.34174594,0
0.29726586,0
0.6908593,0
0.40927833,0
0.447683,0
0.39670068,0
0.6564218,0
0.55089915,0
0.65324885,0
0.359957,0
0.9446756,1
0.21260329,0
0.5016106,0
0.6531698,0
0.5561167,0
0.4048981,0
0.22526468,0
0.3566775,0
0.29390427,0
0.5016099,0
0.42644516,0
0.26783416,0
0.31164107,0
0.8048408,1
0.3708573,0
0.5117393,0
0.6364721,0
0.59721154,0
0.42875913,0
0.7149812,1
0.36559767,0
0.37750092,0
0.31724337,0
0.53708696,0
0.59809697,0
0.35986048,0
0.5783594,0
0.44245982,0
0.29703417,0
0.37315762,0
0.40258178,0
0.67990476,0
0.24082237,0
0.37421912,0
0.44466367,0
0.42684355,0
0.73596376,1
0.24310386,0
0.50275856,0
0.1946053,0
0.53257704,0
0.23096001,0
0.3095277,0
0.3488743,0
0.47689316,0
0.30519187,0
0.49770272,0
0.50518477,0
0.19993767,0
0.63007784,0
0.38399205,0
0.3201412,0
0.4572849,0
0.4102893,0
0.6937848,0
0.78245574,1
0.3938411,0
0.44030482,0
0.5698885,0
0.46053985,0
0.33077222,0
0.23793864,0
0.57195157,0
0.53366256,0
0.44791052,0
0.41986394,0
0.23348199,0
0.4305383,0
0.7429775,1
0.32437435,0
0.5823967,0
0.40641126,0
0.4105385,0
0.8121945,1
0.56624216,0
0.5021122,0
0.52830327,0
0.32439235,0
0.49480686,0
0.23188801,0
0.39275742,0
0.37743568,0
0.42262816,0
0.3572194,0
0.42439404,0
0.7016977,0
0.5522378,0
0.37947488,0
0.5215428,0
0.28489995,0
0.4032928,0
0.3078536,0
0.4912571,0
0.39736685,0
0.49198288,0
0.54016083,0
0.4554522,0
0.34627312,0
0.53839695,0
0.42657256,0
0.41677478,0
0.57453746,0
0.57601374,0
0.5215046,0
0.6807571,0
0.25279704,0
0.72558516,1
0.52402246,0
0.41973177,0
0.36538884,0
0.4448667,0
0.39666942,0
0.38133416,0
0.45327064,0
0.35568702,0
0.49935293,0
0.53572273,0
0.51611906,0
0.3886076,0
0.47419763,0
0.41085315,0
0.49769297,0
0.34978628,0
0.39403576,0
0.6104866,0
0.28815734,0
0.2779587,0
0.5344013,0
0.2734775,0
0.38296187,0
0.31128415,0
0.17370285,0
0.1393231,0
0.30212215,0
0.59143823,0
0.7722163,1
0.34878445,0
0.31273943,0
0.3203548,0
0.65723693,0
0.31903955,0
0.3273396,0
0.417723,0
0.3628833,0
0.4160665,0
0.6513311,0
0.28389278,0
0.69660896,0
0.4645348,0
0.32544452,0
0.22256142,0
0.3810587,0
0.732967,1
0.5402554,0
0.7437651,1
0.33658347,0
0.3727699,0
0.32466,0
0.30823967,0
0.70570195,0
0.43695378,0
0.44689763,0
0.5890644,0
0.3523091,0
0.2728367,0
0.54244745,0
0.80519277,1
0.28828928,0
0.36661854,0
0.3873157,0
0.40102953,0
0.4960282,0
0.4555076,0
0.36966345,0
0.39540157,0
0.30203995,0
0.2245063,0
0.4069859,0
0.5463444,0
0.3368928,0
0.40907544,0
0.52110934,0
0.23708308,0
0.5205775,0
0.48284116,0
0.3479287,0
0.4998639,0
0.4929344,0
0.51888984,0
0.3511901,0
0.3067957,0
0.34889966,0
0.27213612,0
0.39654326,0
0.36927125,0
0.29519075,0
0.48915413,0
0.53470474,0
0.3554841,0
0.50851417,0
0.2711721,0
0.24279705,0
0.41005436,0
0.35400897,0
0.46254867,0
0.6647955,0
0.48383862,0
0.4963343,0
0.36919415,0
0.3121831,0
0.6322204,0
0.3718582,0
0.27115518,0
0.48690537,0
0.52648216,0
0.5869283,0
0.4806297,0
0.4670354,0
0.4969167,0
0.32778877,0
0.25050095,0
0.70886153,0
0.37932077,0
0.20090237,0
0.83212614,1
0.5430794,0
0.22645558,0
0.43692014,0
0.32163644,0
0.79059887,1
0.52070236,0
0.52533793,0
0.42142028,0
0.405706,0
0.31208625,0
0.28491104,0
0.61405885,0
0.78784436,1
0.34568986,0
0.6891049,0
0.5460241,0
0.41513455,0
0.336132,0
0.44095737,0
0.6671037,0
0.41006622,0
0.5736272,0
0.6893334,0
0.7377602,1
0.3728883,0
0.27019057,0
0.3723824,0
0.2663347,0
0.36519825,0
0.9600898,1
0.25377074,0
0.67023313,0
0.58672506,0
0.7335259,1
0.36901733,0
0.49626562,0
0.5304215,0
0.31443125,0
0.5701921,0
0.35350376,0
0.44225875,0
0.4759576,0
0.3487078,0
0.31817713,0
0.3709011,0
0.7086894,0
0.9937664,1
0.48281452,0
0.38586253,0
0.613073,0
0.8907756,1
0.40598774,0
0.50812966,0
0.48993242,0
0.30542827,0
0.3812783,0
0.2709412,0
0.53361386,0
0.45569408,0
0.46739328,0
0.47303128,0
0.46274716,0
0.20307733,0
0.28854918,0
0.1742458,0
0.40533915,0
0.51308864,0
0.40674666,0
0.33018205,0
0.55257183,0
0.7577341,1
0.6097551,0
0.3605981,0
0.4166385,0
0.5249258,0
0.4083721,0
0.42581788,0
0.21906972,0
0.33300394,0
0.27092734,0
0.58803266,0
0.7128401,1
0.43262735,0
0.40961203,0
0.37796673,0
0.60329545,0
0.6758669,0
0.328387,0
0.47305843,0
0.69833064,0
0.4192777,0
0.46941373,0
0.44582015,0
0.49544773,0
0.3372544,0
0.60198104,0
0.3369914,0
0.48842117,0
0.5021272,0
0.42757773,0
0.3369842,0
0.40518618,0
0.5046682,0
0.502828,0
0.4108617,0
0.5831165,0
0.51604015,0
0.17064579,0
0.3927516,0
0.51646334,0
0.5917155,0
0.4942304,0
0.45363286,0
0.20839734,0
0.59782445,0
0.56783336,0
0.41243386,0
0.53971225,0
0.31544983,0
0.3181518,0
0.49092945,0
0.4569096,0
0.35390308,0
0.44358504,0
0.31368855,0
0.57569426,0
0.49205363,0
0.33904773,0
0.3087584,0
0.61029357,0
0.7104842,1
0.46413386,0
0.60712564,0
0.43018538,0
0.48340026,0
0.44149053,0
0.23833483,0
0.8189772,1
0.32395685,0
0.45452884,0
0.42612213,0
0.6315282,0
0.4289349,0
0.6404557,0
0.46694952,0
0.3355608,0
0.49089235,0
0.41634214,0
0.18704219,0
0.58921117,0
0.3870688,0
0.28826723,0
0.5833336,0
0.3306081,0
0.19770782,0
0.8668605,1
0.34951055,0
0.43362552,0
0.46122473,0
0.58108926,0
0.27114737,0
0.44678262,0
0.37964046,0
0.30898356,0
0.40455133,0
0.4991084,0
0.32072023,0
0.36371237,0
0.5536196,0
0.40140653,0
0.6623694,0
0.54528135,0
0.6281351,0
0.24951121,0
0.26193455,0
0.25947577,0
0.4047442,0
0.52806187,0
0.3750796,0
0.5346317,0
0.3041846,0
0.5248902,0
0.24728338,0
0.53681487,0
0.58261836,0
0.23149528,0
0.35939753,0
0.5256619,0
0.7451687,1
0.376366,0
0.4020111,0
0.80152386,1
0.3972094,0
0.75268835,1
0.42257032,0
0.41492006,0
0.4436612,0
0.32862172,0
0.2922586,0
0.46780458,0
0.6142031,0
0.20429887,0
0.5312617,0
0.6260241,0
0.29071203,0
0.785593,1
0.36664847,0
0.41346714,0
0.5381473,0
0.43551353,0
0.49706936,0
0.52764446,0
0.57522494,0
0.5140591,0
0.6166803,0
0.46545377,0
0.32902864,0
0.37304547,0
0.6412753,0
0.36285537,0
0.82160616,1
0.42516115,0
0.3810351,0
0.3578382,0
0.21732403,0
0.4076428,0
0.49013984,0
0.45534244,0
0.3499532,0
0.46933833,0
0.47644213,0
0.32278898,0
0.26583955,0
0.2976225,0
0.40053633,0
0.48507053,0
0.28761253,0
0.2984146,0
0.38040334,0
0.6164466,0
0.42091843,0
0.34673414,0
0.5364043,0
0.41706005,0
0.5064993,0
0.8056517,1
0.32379192,0
0.2889917,0
0.5153433,0
0.28672582,0
0.66575974,0
0.46368137,0
0.42878687,0
0.8382477,1
0.81013626,1
0.36728832,0
0.64016426,0
0.3120787,0
0.43514985,0
0.5356988,0
0.8685627,1
0.56970865,0
0.4207167,0
0.6222414,0
0.17134227,0
0.66630745,0
0.51163524,0
0.38561177,0
0.46470842,0
0.5452454,0
0.3053661,0
0.41693097,0
0.33980337,0
0.5519319,0
0.24504775,0
0.68329775,0
0.536074,0
0.45356536,0
0.39516893,0
0.45650962,0
0.20786677,0
0.5109276,0
0.26781383,0
0.271792,0
0.44117105,0
0.3957641,0
0.48751488,0
0.33047298,0
0.3897907,0
0.4977254,0
0.4175664,0
0.4871302,0
0.4701062,0
0.34989116,0
0.46740857,0
0.42115805,0
0.5185545,0
0.46233428,0
0.4551113,0
0.33328488,0
0.5457074,0
0.41554517,0
0.24687985,0
0.65130115,0
0.8031943,1
0.18028255,0
0.6096446,0
0.47234696,0
0.40076587,0
0.7347756,1
0.28830257,0
0.4741667,0
0.5301463,0
0.39937085,0
0.4828933,0
0.46760103,0
0.4844116,0
0.33752462,0
0.3660526,0
0.29622284,0
0.36839414,0
0.22654136,0
0.32644928,0
0.42263857,0
0.34035254,0
0.23965839,0
0.4792166,0
0.33732343,0
0.33631328,0
0.32210502,0
0.45605057,0
0.43726358,0
0.3423408,0
0.32340515,0
0.35606152,0
0.57885915,0
0.2905768,0
0.30059907,0
0.41933396,0
0.33886218,0
0.4179043,0
0.508363,0
0.20993114,0
0.77106965,1
0.260042,0
0.38428172,0
0.62629557,0
0.56828153,0
0.59750247,0
0.3141162,0
0.54272264,0
0.52488506,0
0.36878315,0
0.38293287,0
0.2976097,0
0.47328192,0
0.39016688,0
0.30771157,0
0.3875883,0
0.5838202,0
0.5735142,0
0.47665092,0
0.4371534,0
0.31235588,0
0.6382044,0
0.2881,0
0.4555911,0
0.4371091,0
0.6060062,0
0.6839828,0
0.28946155,0
0.47645056,0
0.46163866,0
0.40276948,0
0.23939936,0
0.34867224,0
0.5054289,0
0.51173913,0
0.92730105,1
0.30141783,0
0.3296102,0
0.2518196,0
0.29780135,0
0.62627983,0
0.39870068,0
0.49586114,0
0.63022685,0
0.33103612,0
0.56855947,0
0.3069592,0
0.37197554,0
0.68196493,0
0.4004092,0
0.44316465,0
0.25653479,0
0.35641003,0
0.34656742,0
0.23779196,0
0.86482686,1
0.63442373,0
0.462435,0
0.20324679,0
0.63530123,0
0.57841206,0
0.32566065,0
0.36112583,0
0.25414032,0
0.59506154,0
0.6969097,0
0.36906493,0
0.46859825,0
0.5469805,0
0.52898705,0
0.3763746,0
0.44730645,0
0.5585378,0
0.4646522,0
0.35631013,0
0.69673705,0
0.44790182,0
0.36506182,0
0.47520503,0
0.3921379,0
0.6001477,0
0.21462369,0
0.27562922,0
0.40721688,0
0.41754037,0
0.44766608,0
0.42332998,0
0.33467197,0
0.24414389,0
0.43073416,0
0.44140384,0
0.7092655,0
0.5995055,0
0.6994012,0
0.38837016,0
0.46666482,0
0.4171742,0
0.55440295,0
0.46913266,0
0.6017914,0
0.31651765,0
0.23974855,0
0.38325518,0
0.5274682,0
0.4383612,0
0.2740025,0
0.50312793,0
0.52834207,0
0.237936,0
0.38496858,0
0.3664693,0
0.62513405,0
0.59166914,0
0.2932858,0
0.40908492,0
0.60283375,0
0.5113379,0
0.79376227,1
0.512021,0
0.37643486,0
0.3428057,0
0.45044827,0
0.3287122,0
0.4867842,0
0.5177417,0
0.58196443,0
0.43410218,0
0.6295694,0
0.5462729,0
0.37147927,0
0.2723448,0
0.46776012,0
0.5527214,0
0.31058854,0
0.22951967,0
0.5104203,0
0.36281726,0
0.36438003,0
0.41194454,0
0.4980414,0
0.26243204,0
0.28749612,0
0.5949897,0
0.2599046,0
0.37160677,0
0.42485744,0
0.31599656,0
0.77754426,1
0.29030067,0
0.43222228,0
0.46742472,0
0.6565365,0
0.49159727,0
0.34804648,0
0.35870534,0
0.6525724,0
0.61413187,0
0.29211804,0
0.19063033,0
0.5053851,0
0.56092644,0
0.53058803,0
0.3049761,0
0.24885154,0
0.31155232,0
0.4120793,0
0.58901954,0
0.4501956,0
0.37024027,0
0.82413566,1
0.685601,0
0.5985711,0
0.82619166,1
0.28924465,0
0.39643255,0
0.32114404,0
0.43681383,0
0.25529858,0
0.43462408,0
0.33325255,0
0.27812967,0
0.5090759,0
0.28431824,0
0.4778549,0
0.42754748,0
0.34937006,0
0.34032944,0
0.52040684,0
0.32495055,0
0.5974694,0
0.25185385,0
0.18581317,0
0.65550625,0
0.48103684,0
0.37230292,0
0.49930894,0
0.4712745,0
0.41560945,0
0.28731582,0
0.18573019,0
0.26742327,0
0.29074845,0
0.23998806,0
0.53533196,0
0.58556324,0
0.7192873,1
0.41607413,0
0.59172374,0
0.52035856,0
0.47418192,0
0.43621042,0
0.52398175,0
0.7905549,1
0.29499927,0
0.5135751,0
0.48298883,0
0.69497883,0
0.3269728,0
0.65631753,0
0.50373465,0
0.5918098,0
0.38802606,0
0.28161696,0
0.44897357,0
0.20555945,0
0.9663586,1
0.52104425,0
0.35277194,0
0.29784128,0
0.47187534,0
0.43218103,0
0.3213091,0
0.52417266,0
0.37882867,0
0.9463315,1
0.453323,0
0.6246912,0
0.34518504,0
0.46234182,0
0.39088908,0
0.49754933,0
0.48871174,0
0.4046058,0
0.46219036,0
0.23674783,0
0.55403817,0
0.500761,0
0.2770427,0
0.43705454,0
0.29258835,0
0.45484638,0
0.48266634,0
0.37136763,0
0.46440095,0
0.47202504,0
0.23929471,0
0.49154693,0
0.3530723,0
0.13077985,0
0.5514782,0
0.33044156,0
0.5476397,0
0.70231265,0
0.20163958,0
0.29994687,0
0.41152766,0
0.3392244,0
0.6346281,0
0.506814,0
0.51481044,0
0.38509884,0
0.26396158,0
0.4758997,0
0.51178324,0
0.28049976,0
0.53815204,0
0.323426,0
0.30770925,0
0.2794412,0
0.3995496,0
0.42490917,0
0.2930461,0
0.40435547,0
0.57152635,0
0.38336948,0
0.36417437,0
0.34497648,0
0.47830588,0
0.34552404,0
0.3086997,0
0.3401857,0
0.23161124,0
0.33330005,0
0.83151156,1
0.2821822,0
0.3138476,0
0.43940127,0
0.6208779,0
0.2950389,0
0.36228502,0
0.6291303,0
0.42610914,0
0.5909283,0
0.559645,0
0.452685,0
0.53877217,0
0.557828,0
0.5897921,0
0.3747659,0
0.60225093,0
0.2767122,0
0.8633326,1
0.3036764,0
0.36277044,0
0.6210547,0
0.55711824,0
0.32071432,0
0.39987567,0
0.6057381,0
0.24315861,0
0.6072093,0
0.21299641,0
0.31505898,0
0.3553134,0
0.4682344,0
0.3752956,0
0.39636266,0
0.65844244,0
0.36165744,0
0.39612103,0
0.41989225,0
0.5902261,0
0.53508246,0
0.31424445,0
0.53085804,0
0.19769949,0
0.41334367,0
0.21915738,0
0.22741228,0
0.3310457,0
0.40888572,0
0.45078075,0
0.48824787,0
0.64423114,0
0.34651121,0
0.35281757,0
0.36580333,0
0.42630345,0
0.46414968,0
0.6582341,0
0.51037055,0
0.4422397,0
0.2670106,0
0.33181778,0
0.5829161,0
0.2954555,0
0.42240447,0
0.35473326,0
0.3313705,0
0.37824568,0
0.29699433,0
0.30667594,0
0.29181054,0
0.8201067,1
0.2647434,0
0.5559613,0
0.42529398,0
0.63889605,0
0.26481533,0
0.4811834,0
0.4493552,0
0.30061156,0
0.44679222,0
0.8053234,1
0.5088913,0
0.47299767,0
0.36970475,0
0.6128308,0
0.23351932,0
0.39570728,0
0.3901493,0
0.3480102,0
0.448564,0
0.4973318,0
0.29976916,0
0.6445526,0
0.42003912,0
0.47589025,0
0.38860497,0
0.4274304,0
0.42563733,0
0.3197174,0
0.68397665,0
0.5020628,0
0.50722206,0
0.25912288,0
0.22921072,0
0.7244004,1
0.44069833,0
0.23010145,0
0.4373546,0
0.23218715,0
0.32129768,0
0.5684409,0
0.59300035,0
0.53369266,0
0.4868607,0
0.3417312,0
0.6301781,0
0.19355714,0
0.38087237,0
0.2647042,0
0.29814303,0
0.40876108,0
0.49458775,0
0.31990793,0
0.41137013,0
0.4741028,0
0.49590302,0
0.3239635,0
0.56653583,0
0.56128615,0
0.9447049,1
0.4426422,0
0.22331624,0
0.40035188,0
0.25527936,0
0.8104891,1
0.36016342,0
0.16802438,0
0.59525,0
0.44704944,0
0.4143398,0
0.4270053,0
0.7054147,0
0.4480062,0
0.3958899,0
0.41810268,0
0.4678676,0
0.24239218,0
0.32196987,0
0.4616728,0
0.48510274,0
0.7410861,1
0.3779028,0
0.3453424,0
0.5628304,0
0.28097513,0
0.26424226,0
0.2511026,0
0.3332188,0
0.21089843,0
0.44366315,0
0.3292314,0
0.61977667,0
0.5359172,0
0.39452022,0
0.64318043,0
0.611072,0
0.39811322,0
0.48503166,0
0.33096606,0
0.3693785,0
0.47901967,0
0.21487108,0
0.25226182,0
0.44690162,0
0.38841212,0
0.7096559,0
0.3556606,0
0.29195067,0
0.33331227,0
0.3837,0
0.43627688,0
0.42300287,0
0.20187336,0
0.40251958,0
0.63049674,0
0.5320638,0
0.48107374,0
0.14271168,0
0.35943508,0
0.5815183,0
0.55976677,0
0.5863918,0
0.37810692,0
0.35362008,0
0.6519481,0
0.4143791,0
0.18573499,0
0.60959136,0
0.26348406,0
0.27126855,0
0.5064247,0
0.1952012,0
0.30248776,0
0.27417043,0
0.18691596,0
0.37032717,0
0.41063204,0
0.36514273,0
0.39771914,0
0.706063,0
0.50855064,0
0.677596,0
0.28766087,0
0.5612834,0
0.48645854,0
0.47562698,0
0.3312585,0
0.54895216,0
0.54773945,0
0.62079424,0
0.35921505,0
0.27882814,0
0.5174637,0
0.37506634,0
0.3916763,0
0.6723798,0
0.32154602,0
0.62991595,0
0.21362077,0
0.73033446,1
0.695886,0
0.37654397,0
0.37005723,0
0.3442961,0
0.4903703,0
0.33149838,0
0.3040382,0
0.46863136,0
0.22109556,0
0.35040694,0
0.41391456,0
0.34212333,0
0.3717394,0
0.69009835,0
0.3604879,0
0.39435259,0
0.44902635,0
0.287558,0
0.30878505,0
0.41699085,0
0.5321251,0
0.26264566,0
0.30862153,0
0.5156257,0
0.24304442,0
0.5916927,0
0.3569898,0
0.3049005,0
0.34490746,0
0.22143264,0
0.25864467,0
0.5628035,0
0.46917784,0
0.34569308,0
0.26611453,0
0.35276857,0
0.47157478,0
0.3516368,0
0.37935194,0
0.2719864,0
0.55010766,0
0.18693429,0
0.4383859,0
0.22044024,0
0.39600587,0
0.5212243,0
0.60145867,0
0.30134186,0
0.2535057,0
0.5121257,0
0.62425697,0
0.4418574,0
0.39808834,0
0.50765806,0
0.53715414,0
0.33630896,0
0.64045876,0
0.6038666,0
0.3675355,0
0.3563165,0
0.41697308,0
0.87587976,1
0.25391415,0
0.1813575,0
0.5833412,0
0.52011013,0
0.18358326,0
0.59674686,0
0.42931947,0
0.5546353,0
0.50832164,0
0.45331267,0
0.32666165,0
0.80949837,1
0.34493312,0
0.3759982,0
0.20679477,0
0.5955432,0
0.3496223,0
0.38756433,0
0.41380024,0
0.31110922,0
0.60470635,0
0.41332394,0
0.27359325,0
0.5579036,0
0.68737423,0
0.45992544,0
0.6305833,0
0.7269821,1
0.41717863,0
0.36002833,0
0.48694435,0
0.6936583,0
0.5826222,0
0.3264375,0
0.19964145,0
0.42725667,0
0.23190837,0
0.60451424,0
0.70536053,0
0.58820325,0
0.6301612,0
0.4247719,0
0.5945461,0
0.3610255,0
0.5388464,0
0.34161296,0
0.40946805,0
0.66724235,0
0.29209635,0
0.35944203,0
0.5823267,0
0.5882237,0
0.41189384,0
0.27909026,0
0.65826744,0
0.3201306,0
0.36789817,0
0.41146672,0
0.698407,0
0.47359493,0
0.39659935,0
0.52731717,0
0.38233852,0
0.3475096,0
0.31256768,0
0.45167312,0
0.34814656,0
0.25867113,0
0.6052348,0
0.19805036,0
0.5893498,0
0.3268712,0
0.37063485,0
0.5078475,0
0.5823426,0
0.52257043,0
0.38172308,0
0.46111652,0
0.5117481,0
0.61400664,0
0.44398913,0
0.33666664,0
0.4257011,0
0.14050046,0
0.3222536,0
0.3592192,0
0.4230252,0
0.32195014,0
0.6394273,0
0.5454049,0
0.3191073,0
0.2883766,0
0.38022754,0
0.60890085,0
0.4547175,0
0.52118534,0
0.41359404,0
0.2768956,0
0.60137594,0
0.40958673,0
0.488817,0
0.3430157,0
0.710332,1
0.63616693,0
0.5878751,0
0.45101386,0
0.50213915,0
0.34352204,0
0.5220509,0
0.32561642,0
0.2241503,0
0.3148257,0
0.6442204,0
0.2596592,0
0.608857,0
0.33588955,0
0.3986544,0
0.4567038,0
0.29900694,0
0.27298197,0
0.74744415,1
0.37420228,0
0.35359472,0
0.35145935,0
0.41152328,0
0.34426248,0
0.3568597,0
0.30606937,0
0.5032544,0
0.39622912,0
0.51469904,0
0.39213786,0
0.54787177,0
0.3814408,0
0.37352785,0
0.4712541,0
0.5836658,0
0.46982306,0
0.4657867,0
0.45432082,0
0.6551917,0
0.43474367,0
0.36600435,0
0.39525384,0
0.5125954,0
0.6793925,0
0.48856246,0
0.20628072,0
0.44674644,0
0.30727342,0
0.43374726,0
0.4568454,0
0.44510654,0
0.41222054,0
0.33498138,0
0.54504377,0
0.4587624,0
0.4892528,0
0.35934836,0
0.23551221,0
0.33085385,0
0.5082834,0
0.4430195,0
0.78686404,1
0.7081383,0
0.24820073,0
0.2988614,0
0.58225095,0
0.36833516,0
0.23105615,0
0.2724039,0
0.46270892,0
0.4512209,0
0.37895742,0
0.22969046,0
0.4074172,0
0.58725214,0
0.32997403,0
0.41557872,0
0.5436573,0
0.43356913,0
0.49296546,0
0.533943,0
0.4458796,0
0.5232922,0
0.70553017,0
0.6281091,0
0.2805006,0
0.3259858,0
0.58101964,0
0.4197846,0
0.24633074,0
0.67350245,0
0.30876943,0
0.304752,0
0.542387,0
0.40714037,0
0.7981388,1
0.40429,0
0.41854,0
0.6869667,0
0.3921354,0
0.262456,0
0.29561847,0
0.28939378,0
0.80897135,1
0.6148112,0
0.91036785,1
0.37945944,0
0.6251299,0
0.29866543,0
0.38737348,0
0.69057786,0
0.529457,0
0.3705472,0
0.49277297,0
0.21024093,0
0.44029778,0
0.2738298,0
0.4919673,0
0.33227527,0
0.35537243,0
0.7244356,1
0.43862328,0
0.38346338,0
0.28579992,0
0.28476408,0
0.2987351,0
0.3385422,0
0.54295844,0
0.41684783,0
0.5540634,0
0.22283468,0
0.42062926,0
0.2334181,0
0.32057807,0
0.24732366,0
0.47078463,0
0.47099233,0
0.40360987,0
0.35246387,0
0.35815477,0
0.30045316,0
0.78003347,1
0.5009077,0
0.29489955,0
0.36102062,0
0.30673867,0
0.27570245,0
0.27723733,0
0.39524996,0
0.42654786,0
0.31560478,0
0.7247598,1
0.50626475,0
0.5523362,0
0.8221788,1
0.46429545,0
0.54016715,0
0.19655295,0
0.46237257,0
0.6029494,0
0.4260502,0
0.6567664,0
0.5385504,0
0.275008,0
0.49184123,0
0.392504,0
0.5745408,0
0.41532227,0
0.27050358,0
0.7117095,1
0.43195555,0
0.368436,0
0.5835526,0
0.38765222,0
0.43234575,0
0.23420584,0
0.5243434,0
0.83401775,1
0.5252841,0
0.18389614,0
0.37981686,0
0.4783964,0
0.2849617,0
0.23725589,0
0.453663,0
0.39532363,0
0.21246088,0
0.24744135,0
0.6072366,0
0.6383549,0
0.38863343,0
0.4138725,0
0.30521578,0
0.39288053,0
0.3680806,0
0.29309264,0
0.60758626,0
0.6744317,0
0.38891792,0
0.37781215,0
0.5436095,0
0.2609752,0
0.2749067,0
0.3101914,0
0.36829,0
0.3183268,0
0.6975349,0
0.62547076,0
0.3542091,0
0.31604847,0
0.40313503,0
0.481248,0
0.3040581,0
0.53062963,0
0.4938465,0
0.53280413,0
0.19246216,0
0.6075959,0
0.438227,0
0.5205564,0
0.77005285,1
0.45387727,0
0.49607304,0
0.4603921,0
0.47555253,0
0.26404604,0
0.6184712,0
0.40134,0
0.3967907,0
0.38431296,0
0.35004193,0
0.39438167,0
0.4688065,0
0.42165816,0
0.5819633,0
0.53095627,0
0.46491376,0
0.5557651,0
0.37425634,0
0.4811827,0
0.42739263,0
0.23883548,0
0.30520827,0
0.30143997,0
0.36555013,0
0.3353405,0
0.45958054,0
0.3464534,0
0.36926502,0
0.4015601,0
0.7563802,1
0.35961938,0
0.38766813,0
0.6410514,0
0.43463016,0
0.5628824,0
0.46224818,0
0.42820588,0
0.41852376,0
0.5436103,0
0.4599056,0
0.7218139,1
0.39588726,0
0.6852718,0
0.324198,0
0.34798157,0
0.5214624,0
0.31352425,0
0.44614527,0
0.48161522,0
0.48649654,0
0.29760912,0
0.46312606,0
0.4633572,0
0.33927915,0
0.2592263,0
0.34078804,0
0.42331225,0
0.5021412,0
0.51448,0
0.3060482,0
0.24278094,0
0.5922793,0
0.42946133,0
0.66135246,0
0.24277313,0
0.6247578,0
0.24505113,0
0.2643236,0
0.3191877,0
0.7916005,1
0.66349447,0
0.3263271,0
0.6724468,0
0.39549622,0
0.5691965,0
0.42619756,0
0.36244535,0
0.3470293,0
0.5630352,0
0.4310971,0
0.54043096,0
0.48135906,0
0.4935135,0
0.37968513,0
0.4126642,0
0.5505573,0
0.35519403,0
0.36524534,0
0.71865433,1
0.29238552,0
0.52381486,0
0.5940996,0
0.4721523,0
0.23179948,0
0.73667973,1
0.42193618,0
0.6043776,0
0.47026587,0
0.2550248,0
0.5496706,0
0.44288558,0
0.4699704,0
0.32330477,0
0.4807223,0
0.7209312,1
0.79893744,1
0.49170077,0
0.5641799,0
0.57736564,0
0.5194968,0
0.5220904,0
0.5029361,0
0.47138605,0
0.39814925,0
0.31368017,0
0.51420313,0
0.43911403,0
0.27760133,0
0.2648781,0
0.39241204,0
0.2879432,0
0.508277,0
0.3881462,0
0.38197723,0
0.2735462,0
0.27180734,0
0.3495124,0
0.31290835,0
0.4365417,0
0.32786345,0
0.5778902,0
0.39475402,0
0.30129394,0
0.69690055,0
0.46593142,0
0.4792924,0
0.47470668,0
0.562114,0
0.22815034,0
0.45533526,0
0.29425952,0
0.4139936,0
0.5759237,0
0.41511732,0
0.65507954,0
0.26563495,0
0.38493684,0
0.2453183,0
0.41778237,0
0.49143174,0
0.21052961,0
0.7009702,0
0.4150171,0
0.35127714,0
0.43118864,0
0.5287226,0
0.282302,0
0.25307384,0
0.37746674,0
0.2751483,0
0.221782,0
0.71619,1
0.25548735,0
0.28672758,0
0.6256619,0
0.5038108,0
0.29766712,0
0.46580377,0
0.5332483,0
0.62024045,0
0.5770255,0
0.15839833,0
0.46924838,0
0.23817658,0
0.5426649,0
0.31961414,0
0.26824138,0
0.55260164,0
0.21052086,0
0.42723235,0
0.48525494,0
0.4874853,0
0.15995514,0
0.36681265,0
0.32007468,0
0.457092,0
0.30267185,0
0.5139694,0
0.28790104,0
0.30206037,0
0.6509221,0
0.32497922,0
0.57120585,0
0.42802164,0
0.30633268,0
0.42061797,0
0.50347346,0
0.44992235,0
0.34004268,0
0.34184438,0
0.3405929,0
0.52502054,0
0.4812315,0
0.27836162,0
0.27839965,0
0.40687189,0
0.735063,1
0.5801326,0
0.31408316,0
0.25465357,0
0.6468397,0
0.33597824,0
0.39248607,0
0.42074078,0
0.37971336,0
0.3231069,0
0.21845934,0
0.23044243,0
0.6969905,0
0.46178037,0
0.30207187,0
0.2893657,0
0.2791044,0
0.95248395,1
0.58112353,0
0.653645,0
0.6381429,0
0.29729462,0
0.5752451,0
0.62978804,0
0.6490012,0
0.5371042,0
0.49229625,0
0.37883532,0
0.20730475,0
0.4172693,0
0.33066303,0
0.19385198,0
0.3980055,0
0.4925193,0
0.29371473,0
0.41218808,0
0.38798407,0
0.3113896,0
0.41843832,0
0.40037942,0
0.60742855,0
0.78702277,1
0.50866777,0
0.183947,0
0.29843932,0
0.3573922,0
0.55130583,0
0.49727598,0
0.40579087,0
0.64737755,0
0.46246356,0
0.36996576,0
0.36583138,0
0.30950013,0
0.67179644,0
0.2855975,0
0.19206141,0
0.10318376,0
0.23242034,0
0.4739,0
0.22699995,0
0.36537609,0
0.35819027,0
0.56312615,0
0.39353788,0
0.4406937,0
0.43144298,0
0.31276396,0
0.6673708,0
0.52923554,0
0.54711163,0
0.3987903,0
0.54296565,0
0.74325246,1
0.18029505,0
0.4949143,0
0.3778237,0
0.384912,0
0.24012579,0
0.29931104,0
0.56474483,0
0.5395055,0
0.38490844,0
0.43706307,0
0.25453055,0
0.43369937,0
0.4217691,0
0.5041281,0
0.47200188,0
0.36144826,0
0.41997552,0
0.39092436,0
0.4395663,0
0.34273446,0
0.61471343,0
0.44808498,0
0.5113246,0
0.45532453,0
0.56157833,0
0.5703256,0
0.44708472,0
0.39397764,0
0.28237653,0
0.60901076,0
0.32291806,0
0.30762315,0
0.51354635,0
0.36785394,0
0.45874855,0
0.26718795,0
0.6738322,0
0.39003822,0
0.44321087,0
0.35464787,0
0.30931288,0
0.3582414,0
0.26588717,0
0.48021,0
0.49925354,0
0.17574166,0
0.5126158,0
0.6162025,0
0.30334124,0
0.4823005,0
0.24874958,0
0.36087975,0
0.5627983,0
0.5078514,0
0.46819732,0
0.6711339,0
0.36853102,0
0.5863728,0
0.52500474,0
0.44265455,0
0.27894783,0
0.49749085,0
0.29406375,0
0.70267636,0
0.33123487,0
0.21754827,0
0.7194911,1
0.4009174,0
0.34675682,0
0.50899565,0
0.33141378,0
0.27646843,0
0.56920785,0
0.31264487,0
0.23613763,0
0.6626906,0
0.38132864,0
0.21093671,0
0.46989605,0
0.39584246,0
0.75746715,1
0.4782788,0
0.48714548,0
0.72279906,1
0.24856737,0
0.5024418,0
0.5003787,0
0.54063743,0
0.64321226,0
0.5528829,0
0.4927013,0
0.37136367,0
0.450011,0
0.61538893,0
0.55371964,0
0.22523066,0
0.31334138,0
0.6453569,0
0.23016044,0
0.5072886,0
0.31650975,0
0.3435589,0
0.30591026,0
0.24714674,0
0.3920882,0
0.54437155,0
0.2790337,0
0.7549364,1
0.7006148,0
0.25400314,0
0.3748106,0
0.59811103,0
0.38834015,0
0.51296186,0
0.34530702,0
0.1753045,0
0.37404758,0
0.27981168,0
0.2720708,0
0.29705426,0
0.19732259,0
0.30829868,0
0.8794071,1
0.52879703,0
0.5697402,0
0.33990115,0
0.37972966,0
0.52776533,0
0.43591142,0
0.68538254,0
0.22292478,0
0.2899019,0
0.28958303,0
0.42159665,0
0.4227368,0
0.37632447,0
0.51930183,0
0.39021376,0
0.20825343,0
0.51908255,0
0.6433774,0
0.55829656,0
0.34391993,0
0.27765143,0
0.40082166,0
0.39850393,0
0.6703206,0
0.254504,0
0.5544816,0
0.4814056,0
0.46967286,0
0.37468517,0
0.22703281,0
0.551072,0
0.24048828,0
0.46657687,0
0.43973535,0
0.5320563,0
0.72421384,1
0.5451245,0
0.2810697,0
0.39395958,0
0.27441573,0
0.3241603,0
0.61347353,0
0.49792358,0
0.42950055,0
0.43612826,0
0.5006837,0
0.41448808,0
0.2761276,0
0.37480757,0
0.6160551,0
0.45617378,0
0.6629297,0
0.46037444,0
0.58039594,0
0.4541939,0
0.39339718,0
0.0978839,0
0.44708893,0
0.292996,0
0.30900863,0
0.64791983,0
0.54823893,0
0.40878096,0
0.8235966,1
0.3458626,0
0.370823,0
0.4691931,0
0.52331954,0
0.6067182,0
0.3652605,0
0.43853655,0
0.48320505,0
0.54356533,0
0.6594095,0
0.27966192,0
0.29661402,0
0.3571429,0
0.42006654,0
0.66174436,0
0.33819437,0
0.3114432,0
0.72945064,1
0.52403104,0
0.4451881,0
0.39567718,0
0.50777566,0
0.5255879,0
0.2535929,0
0.90328413,1
0.41787225,0
0.35981798,0
0.24399288,0
0.41287497,0
0.4143257,0
0.37993434,0
0.25627422,0
0.5525742,0
0.28808352,0
0.28930324,0
0.5123395,0
0.5599158,0
0.8872754,1
0.71232265,1
0.35608712,0
0.5713939,0
0.46237323,0
0.8647029,1
0.5694385,0
0.22652417,0
0.26434925,0
0.23111771,0
0.39691278,0
0.43986416,0
0.29309294,0
0.24706896,0
0.23704867,0
0.48782226,0
0.55132496,0
0.5273732,0
0.3147254,0
0.30498323,0
0.55303067,0
0.3315231,0
0.5303657,0
0.5887232,0
0.3163759,0
0.3013941,0
0.5251782,0
0.47027302,0
0.33887637,0
0.38299507,0
0.35334334,0
0.51421213,0
0.4633992,0
0.69142276,0
0.37553304,0
0.6303975,0
0.41451222,0
0.38008872,0
0.58717597,0
0.23231842,0
0.6554657,0
0.51332605,0
0.50872296,0
0.7294192,1
0.22346121,0
0.28346738,0
0.43068948,0
0.599643,0
0.41864344,0
0.33363816,0
0.2691259,0
0.52496266,0
0.50407034,0
0.60143936,0
0.35810995,0
0.422658,0
0.16423017,0
0.5512061,0
0.37760243,0
0.49120474,0
0.3811261,0
0.3042888,0
0.21741071,0
0.65439343,0
0.3340993,0
0.24053495,0
0.7486614,1
0.60908514,0
0.20970924,0
0.3327606,0
0.4988451,0
0.54403,0
0.46813002,0
0.28121558,0
0.41392553,0
0.58797616,0
0.69733244,0
0.60398763,0
0.23231028,0
0.27667928,0
0.4802361,0
0.4449585,0
0.5788071,0
0.48866346,0
0.585359,0
0.21868144,0
0.40575567,0
0.43659976,0
0.2981952,0
0.40968755,0
0.33221215,0
0.38926363,0
0.30844542,0
0.37621862,0
0.29128352,0
0.53357935,0
0.6591124,0
0.41508898,0
0.446753,0
0.27884486,0
0.51088923,0
0.7504485,1
0.33895695,0
0.32952207,0
0.44935676,0
0.5149951,0
0.8180267,1
0.40469587,0
0.5719857,0
0.37076956,0
0.39097705,0
0.6705883,0
0.31570333,0
0.40618753,0
0.35319677,0
0.36485845,0
0.31825548,0
0.38692978,0
0.6374961,0
0.6665747,0
0.22939971,0
0.29689598,0
0.8142656,1
0.32803085,0
0.42644835,0
0.2579979,0
0.3474078,0
0.31414512,0
0.5021993,0
0.77028835,1
0.67001617,0
0.4342072,0
0.31049553,0
0.40214407,0
0.5665992,0
0.33857745,0
0.46331197,0
0.51556826,0
0.52204376,0
0.6814706,0
0.49779615,0
0.41818872,0
0.47088012,0
0.47330272,0
0.8803322,1
0.36882702,0
0.33476552,0
0.4522431,0
0.09782492,0
0.34673116,0
0.21451396,0
0.59448963,0
0.45976856,0
0.41838762,0
0.4853668,0
0.23019099,0
0.5728309,0
0.41543624,0
0.38055173,0
0.38741913,0
0.29749542,0
0.48072335,0
0.25511009,0
0.37852207,0
0.30654016,0
0.27273506,0
0.31617904,0
0.5449826,0
0.72609764,1
0.37444922,0
0.25248876,0
0.2525722,0
0.39253992,0
0.27090982,0
0.48669276,0
0.5871994,0
0.35853055,0
0.36640513,0
0.54934925,0
0.54411775,0
0.36896545,0
0.46490633,0
0.25871545,0
0.43241134,0
0.5125362,0
0.4995466,0
0.6550556,0
0.7052151,0
0.24823596,0
0.55182064,0
0.63619846,0
0.32170296,0
0.30117702,0
0.6002554,0
0.6913463,0
0.47024888,0
0.47410548,0
0.28142184,0
0.23355594,0
0.39727825,0
0.2665505,0
0.41778553,0
0.34613273,0
0.29738116,0
0.77685773,1
0.35970733,0
0.2901867,0
0.35229167,0
0.47249743,0
0.34510642,0
0.34454766,0
0.3270204,0
0.60138273,0
0.67673355,0
0.3046345,0
0.45532638,0
0.349384,0
0.56824917,0
0.26295418,0
0.49738967,0
0.3951455,0
0.26034808,0
0.71514535,1
0.36384842,0
0.2854791,0
0.60303384,0
0.5809768,0
0.23725447,0
0.6738461,0
0.5191738,0
0.6594326,0
0.3237446,0
0.24662802,0
0.41961142,0
0.38317087,0
0.44576403,0
0.29682064,0
0.62245095,0
0.29318002,0
0.23751134,0
0.3124961,0
0.7859585,1
0.33153334,0
0.34354115,0
0.47584292,0
0.7602955,1
0.4763693,0
0.63015306,0
0.19342998,0
0.48392096,0
0.53569907,0
0.57136303,0
0.21663974,0
0.35846502,0
0.37877718,0
0.38447312,0
0.55957896,0
0.29685286,0
0.8626143,1
0.2710957,0
0.57759845,0
0.6919397,0
0.49082744,0
0.34958088,0
0.6228137,0
0.29464704,0
0.5331679,0
0.5904365,0
0.30840853,0
0.4018411,0
0.36253026,0
0.53469574,0
0.24471782,0
0.6097672,0
0.2236632,0
0.33182123,0
0.46167555,0
0.40897977,0
0.4225914,0
0.4548964,0
0.33322778,0
0.23398142,0
0.5149693,0
0.52968156,0
0.22124368,0
0.53639877,0
0.4359349,0
0.3569921,0
0.84277856,1
0.58867043,0
0.40913993,0
0.49195674,0
0.31185478,0
0.6724247,0
0.5443195,0
0.41699275,0
0.44100368,0
0.4802222,0
0.5695792,0
0.17504786,0
0.41679516,0
0.6504895,0
0.68535787,0
0.43919644,0
0.20656665,0
0.26349765,0
0.6258965,0
0.4579772,0
0.43594152,0
0.3823601,0
0.3429209,0
0.23630792,0
0.46571553,0
0.5099192,0
0.44801253,0
0.43593654,0
0.25967616,0
0.36945426,0
0.53525853,0
0.37252635,0
0.25601336,0
0.46867314,0
0.54697406,0
0.5136842,0
0.62151057,0
0.5041102,0
0.43301496,0
0.2636227,0
0.3970494,0
0.32699934,0
0.5908761,0
0.48132548,0
0.33843887,0
0.3356837,0
0.27772322,0
0.68969715,0
0.34451422,0
0.76357645,1
0.56182116,0
0.31006628,0
0.7078024,0
0.32529694,0
0.3859666,0
0.30246446,0
0.4486187,0
0.33556917,0
0.61225957,0
0.45424324,0
0.512295,0
0.35268012,0
0.3664347,0
0.2515674,0
0.47274485,0
0.15830502,0
0.3166133,0
0.29508108,0
0.41426298,0
0.4830626,0
0.42017198,0
0.6873321,0
0.38248363,0
0.20446639,0
0.5549175,0
0.5106463,0
0.3042047,0
0.3093459,0
0.23067307,0
0.5671087,0
0.80942744,1
0.32912827,0
0.45622867,0
0.39794195,0
0.24416833,0
0.39072633,0
0.8289503,1
0.35042733,0
0.62080663,0
0.62929755,0
0.32715884,0
0.4647832,0
0.2908691,0
0.7884142,1
0.33155453,0
0.49956086,0
0.2888712,0
0.3042706,0
0.48880035,0
0.55057466,0
0.23120455,0
0.39622092,0
0.53762543,0
0.28971756,0
0.9071673,1
0.6985613,0
0.44271892,0
0.3866992,0
0.46012858,0
0.5228449,0
0.5179619,0
0.4248322,0
0.3439038,0
0.19126636,0
0.27091333,0
0.22003895,0
0.12699302,0
0.4261111,0
0.312106,0
0.4055838,0
0.28957978,0
0.19379729,0
0.074293494,0
0.5062265,0
0.24922316,0
0.18349664,0
0.6938953,0
0.32083905,0
0.23092435,0
0.242973,0
0.29880005,0
0.56395453,0
0.26007777,0
0.33565602,0
0.4046078,0
0.8066781,1
0.36503386,0
0.44935936,0
0.6710196,0
0.1937445,0
0.27009338,0
0.65969115,0
0.39979213,0
0.5337404,0
0.45027187,0
0.32765865,0
0.46202606,0
0.2992488,0
0.54999006,0
0.3141144,0
0.5961443,0
0.26967847,0
0.33183655,0
0.5225249,0
0.40996966,0
0.5028626,0
0.42710182,0
0.5281037,0
0.35646147,0
0.6287882,0
0.42506298,0
0.30715984,0
0.48741516,0
0.31825745,0
0.24791425,0
0.32203442,0
0.420923,0
0.74358505,1
0.41562238,0
0.47027525,0
0.3641387,0
0.5153041,0
0.5968597,0
0.59292686,0
0.57939136,0
0.45049927,0
0.3558424,0
0.34766263,0
0.3555669,0
0.31768677,0
0.39303035,0
0.80714875,1
0.47449335,0
0.28789645,0
0.4413131,0
0.1859333,0
0.44137663,0
