a,b,y,kind,title_a,clean_a,grp_a,title_b,clean_b,grp_b,score,pred,num_conflict,jaccard
2480,30215,0,hard_neg,TERLARIS !!! Bandana Rajut PREMIUM BAHAN TEBAL DAN LEMBUT !!! Ciput rajut premium,terlaris bandana rajut premium bahan tebal dan lembut ciput rajut premium,2008989859,Turtle neck men sweater / sweater rajut / rajut pria / korean rajut / rajut premium / rajut murah,turtle neck men sweater sweater rajut rajut pria korean rajut rajut premium rajut murah,447873549,0.43445056110866065,1,False,0.125
9460,10819,0,hard_neg,(27AN.ID)COD Dompet Wanita 00405 dompet Panjang dompet Lipat Impor Murah Cantik Real Pic# dompet C8,27an id cod dompet wanita 00405 dompet panjang dompet lipat impor murah cantik real pic dompet c8,2941395933,(27AN.ID) COD Dompet wanita A16 DOMPET cewek Dompet Fashion Dompet mini Wanita Impor C2,27an id cod dompet wanita a16 dompet cewek dompet fashion dompet mini wanita impor c2,2290272256,0.7164002044886806,1,True,0.3157894736842105
26861,29336,0,hard_neg,BJBACC | HEADSET / HANDSFREE U19 MACAROON MATE COLOR HIFI EXTRA BASS SUARA MANTAP MURAH BISA COD,bjbacc headset handsfree u19 macaroon mate color hifi extra bass suara mantap murah bisa cod,2935813666,Headset Bando EXTRA BASS Headphone Gaming Headset Handsfree XB450,headset bando extra bass headphone gaming headset handsfree xb450,2029725444,0.5104663663603364,1,True,0.21052631578947367
9506,11400,0,hard_neg,Miranda Keratin Protein Treatment,miranda keratin protein treatment,343893984,Hanasui Intense Treatment Bright Up/Rich Nutrition/Propolis Serum 25ml,hanasui intense treatment bright up rich nutrition propolis serum 25ml,40040342,0.3330595457071818,1,False,0.07692307692307693
12873,14023,0,hard_neg,Boci Baso Aci,boci baso aci,2363117516,Baso aci instan khas garut bacikruh,baso aci instan khas garut bacikruh,4271359781,0.4180658332678466,1,False,0.2857142857142857
1748,17378,0,hard_neg,AIR CUCI SOFTLENS / CAIRAN SOFTLENS COMPLETE 360 ML,air cuci softlens cairan softlens complete 360 ml,189405642,Kotak Softlens DORAEMON BULAT / Tempat Soflens / Kotak Softlens Karakter,kotak softlens doraemon bulat tempat soflens kotak softlens karakter,3645982713,0.3343714233990708,1,False,0.07692307692307693
4688,9308,0,hard_neg,AVOSKIN Miraculous Refining Serum (share in bottle 5ml),avoskin miraculous refining serum share in bottle 5ml,4291905065,AVOSKIN Miraculous RETINOL Toner 100ml,avoskin miraculous retinol toner 100ml,1268201436,0.5366018488696845,1,True,0.18181818181818182
11576,14041,0,hard_neg,Daster arab zeera savira,daster arab zeera savira,2040424215,SABUN ARAB PYARY / ARAB SOAP ORIGINAL,sabun arab pyary arab soap original,2453621296,0.3617117288732767,1,False,0.125
12983,17555,0,hard_neg,Celana dalam boxer pria rajut  MR DAX / UK L X,celana dalam boxer pria rajut mr dax uk l x,835765986,Cd boxer - boxer pria - celana dalam boxer pria - celana dalam pria - cd pria - cd cowok,cd boxer boxer pria celana dalam boxer pria celana dalam pria cd pria cd cowok,904086103,0.8607731311539208,1,False,0.3333333333333333
7372,8155,0,hard_neg,Aqila Polka Maxy Gamis l Dress Maxi l Fashion Wanita Muslim,aqila polka maxy gamis l dress maxi l fashion wanita muslim,2722794324,Alana Maxi #2/Dress muslim,alana maxi 2 dress muslim,2932987408,0.7064046542763501,1,False,0.25
24844,28574,0,hard_neg,ID BOLA KARET BASKET 5016 - MAINAN BOLA BASKET,id bola karet basket 5016 mainan bola basket,69923982,ring basket single untuk bola basket size 7,ring basket single untuk bola basket size 7,279495752,0.3437156866736771,1,True,0.18181818181818182
2412,31889,0,hard_neg,Sandal ando nice - sandal jepit ando cewek,sandal ando nice sandal jepit ando cewek,1829968607,Sendal Marvel Vns Navy Wanita Ukuran 37-40 / Sandal Slide / Sandal Keren / Sandal Cewek,sendal marvel vns navy wanita ukuran 37 40 sandal slide sandal keren sandal cewek,2977213622,0.4078970006057421,1,False,0.13333333333333333
13538,31127,0,hard_neg,Garansi Resmi !! TOTOLINK N200RE versi 4 / versi 5 Wireless n router 300mbps,garansi resmi totolink n200re versi 4 versi 5 wireless n router 300mbps,2330716112,TOTOLINK N300RT Router 300Mbps Wireless 2 Antena ( Korea ),totolink n300rt router 300mbps wireless 2 antena korea,3756458081,0.7001969468545148,1,True,0.26666666666666666
1440,1952,0,hard_neg,SEPATU WANITA JINTU KOREA 2020,sepatu wanita jintu korea 2020,284754035,Sepatu sneakers wanita fashion M,sepatu sneakers wanita fashion m,2470037095,0.49596614394066685,1,False,0.25
21471,28543,0,hard_neg,Mora Maxi - Dress Monalisa,mora maxi dress monalisa,1368071481,Alana maxi dress,alana maxi dress,4127663182,0.758063162847582,1,False,0.4
17434,21179,0,hard_neg,Madu ARAB ALSHIFA / AL SHIFA Natural Honey 1 KG,madu arab alshifa al shifa natural honey 1 kg,4086252188,Promo Madu Al Shifa Asli 500 gr Free 125 gr,promo madu al shifa asli 500 gr free 125 gr,4272731011,0.5660103583263213,1,True,0.2
13254,31633,0,hard_neg,DIRA DRESS/GAMIS POLOS,dira dress gamis polos,2663692815,GAMIS JUMBO UKURAN L - XL - XXL  / GAMIS MURAH / GAMIS BUSUI / POLOS / GAMIS SYARI ( RENATA DRESS ),gamis jumbo ukuran l xl xxl gamis murah gamis busui polos gamis syari renata dress,3385944896,0.7275514207430798,1,False,0.23076923076923078
9579,20997,0,hard_neg,AVOSKIN - Miraculous Refining Toner 100ML,avoskin miraculous refining toner 100ml,1268201436,SHARE IN JAR AVOSKIN HTE AVOSKIN REFINING TONER AVOSKIN RETINOL AMPOULE AVOSKIN RETINOL AMPOULE,share in jar avoskin hte avoskin refining toner avoskin retinol ampoule avoskin retinol ampoule,4291905065,0.5659247846532822,1,False,0.2727272727272727
3428,19676,0,hard_neg,Cream GB GLOW Embos Original,cream gb glow embos original,3293988036,GLOW 1 ( CREAM MALAM ) THERASKIN,glow 1 cream malam theraskin,1146205648,0.4794147627562467,1,False,0.25
17733,19178,0,hard_neg,Smartfren unlimited fisik,smartfren unlimited fisik,558985316,Voucher Smartfren 4GB,voucher smartfren 4gb,559860623,0.5627037312161292,1,False,0.2
13798,21686,0,hard_neg,SARUNG TANGAN CUCI PIRING BERSIH KAIN ANTI MINYAK ANTI AIR SPON CUCI PIRING PRAKTIS TERMURAH,sarung tangan cuci piring bersih kain anti minyak anti air spon cuci piring praktis termurah,3170475874,Sarung Tangan Cuci Piring Anti Air Rubber Glove Sarung Karet Cuci New,sarung tangan cuci piring anti air rubber glove sarung karet cuci new,3715162867,0.7923249527964792,1,False,0.375
9655,10694,0,hard_neg,Tombow Fudenosuke Brush Pen Soft Tip [CREATIV],tombow fudenosuke brush pen soft tip creativ,1795499280,MURAH !! Tombow Fudenosuke Brush Pen Art Markers (Brush Pen Tombow Fudenosuke) Terlaris dan Termurah,murah tombow fudenosuke brush pen art markers brush pen tombow fudenosuke terlaris dan termurah,2454261231,0.8664201189423739,1,False,0.3076923076923077
30211,33038,0,hard_neg,BOYFRIEND JEANS SNOW BLACK,boyfriend jeans snow black,1610608547,FWR - Celana Kulot Jeans Boyfriend Lia,fwr celana kulot jeans boyfriend lia,1474479803,0.7901028918643326,1,False,0.25
1533,20872,0,hard_neg,Slop Pria Adidas Neymar Nevy Merah Slip On Sepatu Pria Casual Santai Termurah,slop pria adidas neymar nevy merah slip on sepatu pria casual santai termurah,122159316,Sepatu Slip On Wanita MD,sepatu slip on wanita md,149330795,0.3901914558912354,1,False,0.21428571428571427
15349,23456,0,hard_neg,Lock&Lock Botol Minum Anak Kartun 600mL,lock lock botol minum anak kartun 600ml,2231230291,Botol Minum New B Sports Spray Water Bottle 600ml,botol minum new b sports spray water bottle 600ml,4166965007,0.49883422202013444,1,False,0.25
16343,27216,0,hard_neg,GAMIS WOLFIS LIST RENDA//GAMIS SYARIFAH,gamis wolfis list renda gamis syarifah,2178028877,Gamis wolfis renda  set jilbab+cadar,gamis wolfis renda set jilbab cadar,3203369806,0.6999050559312656,1,False,0.375
6651,17490,0,hard_neg,Luminous Serum,luminous serum,2092002172,Wardah Everyday Luminous Liquid Foundation,wardah everyday luminous liquid foundation,2651908416,0.5101233701164831,1,False,0.16666666666666666
14696,16947,0,hard_neg,Masker kain Oxford model hijab,masker kain oxford model hijab,3070646096,MASKER KAIN OXFORD TALI KARET,masker kain oxford tali karet,424232472,0.8126168961922249,1,False,0.42857142857142855
17919,19998,0,hard_neg,Tepung Cap Putri  250gr,tepung cap putri 250gr,591338133,LISTERINE COOL MINT 250GR,listerine cool mint 250gr,4192619133,0.3349957989045311,1,False,0.14285714285714285
1655,26307,0,hard_neg,Bubble Wrap,bubble wrap,4198148727,Bubble wrap untuk packing,bubble wrap untuk packing,2783554580,0.9012892753694784,1,False,0.5
1656,15307,0,hard_neg,Bubble Wrap untuk ekstra packaging,bubble wrap untuk ekstra packaging,4198148727,Bubble wrap packing roll 5METER * 125CM,bubble wrap packing roll 5meter 125cm,688154394,0.6256467734004447,1,False,0.2222222222222222
18018,26353,0,hard_neg,SANDAL WANITA SILANG MIKA BULU RASFUR RM 33,sandal wanita silang mika bulu rasfur rm 33,2067677642,Slip Sandal Wanita Mika Samping,slip sandal wanita mika samping,1130919487,0.5748885916103218,1,False,0.3
873,11593,0,hard_neg,Travel Charger casan Xiaomi Fast Charging Xiaomi Charger - Xiaomi Fast,travel charger casan xiaomi fast charging xiaomi charger xiaomi fast,4220805733,Over Steker sambungan adapter kepala charger xiaomi colokan converter,over steker sambungan adapter kepala charger xiaomi colokan converter,2697778163,0.5727444859090649,1,False,0.15384615384615385
17294,26024,0,hard_neg,Softlens N8+ / Big eyes / Exoticon + FREE LENSCASE,softlens n8 big eyes exoticon free lenscase,2889946990,"Softlens sweety Big Eyes 15mm , Original , Made in korea , lensa kontak mata",softlens sweety big eyes 15mm original made in korea lensa kontak mata,3448676668,0.45761415788065146,1,True,0.1875
18294,21499,0,hard_neg,Parfum Garuda Lavina,parfum garuda lavina,2476861661,Parfum Pria 1034  Dunhill Blue -Parfumku93,parfum pria 1034 dunhill blue parfumku93,170536513,0.4755346953756902,1,False,0.125
1817,26819,0,hard_neg,Khimar Hijab Jilbab/Syari Trivia Oval Ceruty,khimar hijab jilbab syari trivia oval ceruty,3345443347,JILBAB/HIJAB KHIMAR SEGITIGA BOBAL 2LAYER DIAMOND,jilbab hijab khimar segitiga bobal 2layer diamond,2008989859,0.43620973862455215,1,False,0.2727272727272727
28023,33363,0,hard_neg,Lakme Classic Skin Brightening Compact Powder,lakme classic skin brightening compact powder,1313028914,PIGEON BABY  COMPACT POWDER,pigeon baby compact powder,579435501,0.485217524466701,1,False,0.25
8957,28194,0,hard_neg,[ SET ] Joyko  CP-48PB Pensil Warna Panjang,set joyko cp 48pb pensil warna panjang,73579052,Color Pen Joyko 24 warna CLP-05 (Pena Warna) spidol yang bisa di hapus / Joyko Washable,color pen joyko 24 warna clp 05 pena warna spidol yang bisa di hapus joyko washable,1600191875,0.4616496621029938,1,True,0.10526315789473684
4361,22415,0,hard_neg,Kojiesan Face Lightening Cream 30G /Pemutih Wajah/Pelembab Wajah/Cream Wajah (Original 100%),kojiesan face lightening cream 30g pemutih wajah pelembab wajah cream wajah original 100,2134514629,KOJIE SAN Lightening Face Cream 30g,kojie san lightening face cream 30g,217804619,0.8576403148656994,1,True,0.3333333333333333
1602,29154,0,hard_neg,"Aksesoris Rambut,ikat Tali Rambut, Biru Sederhana Scrub Rambut Jantung",aksesoris rambut ikat tali rambut biru sederhana scrub rambut jantung,2023870601,COD TJM Ikat Rambut 12 Pcs KODE 228 Ikat Rambut Set Wanita Termasuk Tabung Kunciran Rambut Set,cod tjm ikat rambut 12 pcs kode 228 ikat rambut set wanita termasuk tabung kunciran rambut set,1713590511,0.4125663094270951,1,False,0.10526315789473684
5622,7663,0,hard_neg,[SYB] Bibit pemutih original bpom,syb bibit pemutih original bpom,3085411073,RED JELLY GLOW SERUM BY SYB FORTEe /serum jelly merah bpom / ORIGINAL,red jelly glow serum by syb fortee serum jelly merah bpom original,4094795400,0.3844015274856415,1,False,0.25
8943,20704,0,hard_neg,Fuze realme c1 c2 c3 u1 2 2 pro 3 pro 5 5i 5s pro 6 pro x xt c11 c15 c12 x2 pro narzo CS882,fuze realme c1 c2 c3 u1 2 2 pro 3 pro 5 5i 5s pro 6 pro x xt c11 c15 c12 x2 pro narzo cs882,2974535963,Soft Casing Realme C15 5i C12 C17 C11 C2 C3 7 7i 3 3i 5 6 C1 C3i 5 5S U1 X2 XT Q 6i 2 X2 5 PRO Narzo 20 PRO 10 10A 20A VIVO Y12 Y30 Y15 Y17 Y93 Y95 OPPO A31 2020 A9 A5 2020 A7 A5S A12 Candy-colored Cartoon Bears + PopSocket Silicone Phone Case,soft casing realme c15 5i c12 c17 c11 c2 c3 7 7i 3 3i 5 6 c1 c3i 5 5s u1 x2 xt q 6i 2 x2 5 pro narzo 20 pro 10 10a 20a vivo y12 y30 y15 y17 y93 y95 oppo a31 2020 a9 a5 2020 a7 a5s a12 candy colored cartoon bears popsocket silicone phone case,2126962532,0.41762398134904377,1,True,0.3157894736842105
5036,14303,0,hard_neg,Food Tongs / PENJEPIT MAKANAN / GORENGAN / BBQ,food tongs penjepit makanan gorengan bbq,4009087620,Silicone Food Brush / Kuas Silikon Makanan,silicone food brush kuas silikon makanan,1733221456,0.35473741693079264,1,False,0.2
24535,29048,0,hard_neg,COD IKAT RAMBUT KOREA BODY MUTIARA MULTIGUNA AKSESORIS WANITA TERMURAH/ IKAT RAMBUT MUTIARA,cod ikat rambut korea body mutiara multiguna aksesoris wanita termurah ikat rambut mutiara,2023870601,Perhiasan Hiasan Mutiara Manis Elegan,perhiasan hiasan mutiara manis elegan,1596358171,0.40664756023532517,1,False,0.07142857142857142
24590,29828,0,hard_neg,Rak Sudut Kamar Mandi Modern Untuk Menyimpan Sikat Gigi Sabun Dan Peralatan Mandi Tanpa Bor Paku,rak sudut kamar mandi modern untuk menyimpan sikat gigi sabun dan peralatan mandi tanpa bor paku,2249427966,"Rak Sudut Serbaguna (Pasangnya tanpa paku, tanpa bor keramik)",rak sudut serbaguna pasangnya tanpa paku tanpa bor keramik,1371706715,0.37015357961121187,1,False,0.2777777777777778
32854,33809,0,hard_neg,Morinaga Chil Kid Platinum Moricare+ Vanilla 12x16gr,morinaga chil kid platinum moricare vanilla 12x16gr,1292218376,Chil Kid platinum vanila / madu 800gr,chil kid platinum vanila madu 800gr,249398264,0.4702481465155881,1,True,0.3
394,26620,0,hard_neg,Charger Samsung Galaxy Fast Charging J2 J3 J5 J7 Prime /Pro Galaxy Note 4 S5 S6 S7 A3 2016,charger samsung galaxy fast charging j2 j3 j5 j7 prime pro galaxy note 4 s5 s6 s7 a3 2016,1619295470,"Anti Crack Shock Case Samsung J1 J2 J5 2015, J2 Prime J2 Pro A3 J3 2016 J4 J6 A6 A6+ 2018 J7 Duo",anti crack shock case samsung j1 j2 j5 2015 j2 prime j2 pro a3 j3 2016 j4 j6 a6 a6 2018 j7 duo,3717044186,0.3502884715951325,1,True,0.3103448275862069
19151,30859,0,hard_neg,(GRATIS KUAS )Kathh Mask Coffee Masker Kopi Menyembuhkan Jerawat Dari Kathh beauty Distributor Resmi,gratis kuas kathh mask coffee masker kopi menyembuhkan jerawat dari kathh beauty distributor resmi,2750367044,[DISTRIBUTOR RESMI] maskyourneeds 65gr,distributor resmi maskyourneeds 65gr,3606277248,0.38311891328494246,1,False,0.13333333333333333
10355,27650,0,hard_neg,Sambungan kabel HDMI Male to HDMI Female / panjang 30 cm,sambungan kabel hdmi male to hdmi female panjang 30 cm,412112378,Kabel Hdmi extension 30cm HDMI Male to Hdmi Female 30 cm,kabel hdmi extension 30cm hdmi male to hdmi female 30 cm,2602533565,0.8750370988663095,1,False,0.6363636363636364
651,25048,0,hard_neg,Celana Dalam Sexy Gaya Korea Bahan Lace Seamless untuk Wanita,celana dalam sexy gaya korea bahan lace seamless untuk wanita,2591672455,UNDR070 Celana Dalam Wanita Pita Hitam Celana Dalam Sexy Gaya Korea Bahan Katun 30gr,undr070 celana dalam wanita pita hitam celana dalam sexy gaya korea bahan katun 30gr,4038448133,0.7575304875587493,1,False,0.4666666666666667
8522,27949,0,hard_neg,TG/ ANTI GORES / TEMPERED GLASS BENING ALL TYPE SAMSUNG / OPPO / VIVO / XIAOMI / IPHONE / REALME C11,tg anti gores tempered glass bening all type samsung oppo vivo xiaomi iphone realme c11,731765393,(Cek Deskripsi) Full Cover Tempered Glass Warna for Xiaomi Oppo iphone Samsung Vivo ALL TYPE,cek deskripsi full cover tempered glass warna for xiaomi oppo iphone samsung vivo all type,1590190794,0.7704042778888768,1,False,0.42857142857142855
6970,22259,0,hard_neg,TONER COLLAGEN PLUS VIT.C & WHITENING 100 ml / COLAGEN,toner collagen plus vit c whitening 100 ml colagen,2000035616,"PAKET LENGKAP COLLAGEN (cream, sabun, toner kecil , serum)",paket lengkap collagen cream sabun toner kecil serum,615781194,0.5630919904550877,1,False,0.13333333333333333
31622,33003,0,hard_neg,Voucher axis 2GB lokal,voucher axis 2gb lokal,2276304763,Voucher Smartfren 4GB,voucher smartfren 4gb,559860623,0.33033393461462884,1,True,0.16666666666666666
6405,11368,0,hard_neg,PAKET ACNE BASIC MS GLOW,paket acne basic ms glow,3914893545,SALEP ACNE / ACNE CREAM Helwa Beautycare,salep acne acne cream helwa beautycare,1394067435,0.39061946967524436,1,False,0.1111111111111111
20644,28918,0,hard_neg,Baju Koko Pria Muslim Gus Azmi Syubbanul Muslimin Kombinasi Hadroh Azzahir Hilwa Ala Santri Modern,baju koko pria muslim gus azmi syubbanul muslimin kombinasi hadroh azzahir hilwa ala santri modern,1241012862,BAJU KOKO BAYI BAJU MUSLIM BAYI BAJU AQIQAH BAJU KOKO BAYI NEWBORN BAJU KOKO BAYI 0 6 BULAN,baju koko bayi baju muslim bayi baju aqiqah baju koko bayi newborn baju koko bayi 0 6 bulan,1467236588,0.301625154058541,1,False,0.14285714285714285
233,27666,0,hard_neg,TS101 - TAS GOYAVE TRANSPARAN PVC IMPORT MURAH HANDBAG FASHION JEPANG,ts101 tas goyave transparan pvc import murah handbag fashion jepang,3254572445,Transparan Handbag Activity Bag In,transparan handbag activity bag in,3076140749,0.5172694295978724,1,False,0.15384615384615385
10789,20550,0,hard_neg,(kemasan)Teether gigitan bayi bentuk pisang,kemasan teether gigitan bayi bentuk pisang,3304610727,Babysafe Teether Gigitan Bayi Baby Safe,babysafe teether gigitan bayi baby safe,2720138789,0.5788756672110581,1,False,0.3333333333333333
669,24894,0,hard_neg,OLEVS Jam Tangan Wanita Jam Anti Air Analog Rose Gold Women Watch,olevs jam tangan wanita jam anti air analog rose gold women watch,2238997929,WBS \xe2\x9c\x85COD GENEVA 259 Jam Tangan Wanita Pria Analog Fashion Casual Women Quartz Watch Rubber GN001,wbs xe2 x9c x85cod geneva 259 jam tangan wanita pria analog fashion casual women quartz watch rubber gn001,16933527,0.3714569205117555,1,False,0.2608695652173913
4217,34152,0,hard_neg,JG463 COD Munafie Celana Dalam Pria Segitiga Munafie Underwear Murah Produk Import,jg463 cod munafie celana dalam pria segitiga munafie underwear murah produk import,3474225085,ATASAN MUNAFIE /BAJU MUNAFIE/ MUNAFIE BAJU KORSET ORIGINAL SLIM CLOTH,atasan munafie baju munafie munafie baju korset original slim cloth,3230965030,0.47681156615996756,1,False,0.058823529411764705
28092,32072,0,hard_neg,Sandal teplek Mika Tali Samping,sandal teplek mika tali samping,1130919487,Sandal Teplek Silang Wanita TA,sandal teplek silang wanita ta,98248312,0.8233866885585405,1,False,0.25
11685,13929,0,hard_neg,Miyako Magic Com MCM508 / Rice Cooker MCM 508 [1.8L],miyako magic com mcm508 rice cooker mcm 508 1 8l,921908424,Magic Com Miyako MCM-610 (1 Liter),magic com miyako mcm 610 1 liter,3311674407,0.4580237652160164,1,True,0.4166666666666667
3052,23263,0,hard_neg,Mukena anak junior karakter,mukena anak junior karakter,3559097685,Mukena Anak Tas Sajadah LOLA Kawaii Pink,mukena anak tas sajadah lola kawaii pink,1569494229,0.37277150532779013,1,False,0.2222222222222222
17612,21788,0,hard_neg,Termurah - Selang Air Magic Hose 15M,termurah selang air magic hose 15m,1630743196,Termurah - Selang Air Magic Hose 30M,termurah selang air magic hose 30m,739038796,0.8521313237726031,1,True,0.7142857142857143
2774,18134,0,hard_neg,SET PANCING TERBARU {JS ZEUS} PANJANG 180 CM - 130 CM {SUPER TRENDY} TERMURAH DAN TERLARIS,set pancing terbaru js zeus panjang 180 cm 130 cm super trendy termurah dan terlaris,2198893911,CELANA PANJANG TRAINING TERMURAH,celana panjang training termurah,2065073080,0.4350890455628173,1,False,0.125
19680,26579,0,hard_neg,Earphone Bluetooth Magnet 4.1 Sport Olahraga Jogging Running Musik,earphone bluetooth magnet 4 1 sport olahraga jogging running musik,1744240905,Mini Hairband Sport / Headband Olahraga,mini hairband sport headband olahraga,3631627646,0.33401557195818116,1,False,0.15384615384615385
1643,27236,0,hard_neg,[1100gr] H060 | Set spatula stainless / set sutil stainless / spatula set sutil,1100gr h060 set spatula stainless set sutil stainless spatula set sutil,1842099953,Spatula Set Stainless Steel 6 In 1 Kitchen Ware Set - Stainless Steel,spatula set stainless steel 6 in 1 kitchen ware set stainless steel,471138977,0.36749585984838856,1,True,0.25
17679,31456,0,hard_neg,Mitu baby cologne 50ml,mitu baby cologne 50ml,1606598456,Mitu baby cologne 100ml,mitu baby cologne 100ml,587282424,0.8959131150252846,1,True,0.6
1628,24534,0,hard_neg,Vitamin Rambut MAKARIZO HAIR ENERGY SCENTSATIONS CHERRY BLOSSOMS 100ml,vitamin rambut makarizo hair energy scentsations cherry blossoms 100ml,463367425,Makarizo Hair Energy Shampo 330ml,makarizo hair energy shampo 330ml,2944123046,0.40401379396721515,1,True,0.2727272727272727
27370,32260,0,hard_neg,Celana joger jogger pria denim jeans forward,celana joger jogger pria denim jeans forward,4124353529,Celana jeans pria model model pensil murah,celana jeans pria model model pensil murah,2763277377,0.3453818905729367,1,False,0.3
21772,26557,0,hard_neg,NEW!! Jilbab / Hijab KHIMAR NAURA Simple Tali Instan Bahan Wolfis Premium - Kerudung Tali,new jilbab hijab khimar naura simple tali instan bahan wolfis premium kerudung tali,3724205968,(1kg muat 7pcs) CAHAYA NIQOB HIJAB MENYATU JERSEY JILBAB KHIMAR KERUDUNG BERGO INSTANT SEGIEMPAT,1kg muat 7pcs cahaya niqob hijab menyatu jersey jilbab khimar kerudung bergo instant segiempat,2008989859,0.49381618846252656,1,False,0.18181818181818182
25734,32962,0,hard_neg,Tokojustin  Mainan Edukasi Buku Gambar bisa di Hapus,tokojustin mainan edukasi buku gambar bisa di hapus,2145313480,Buku Papan Tulis Hijau Anak / Erasable Book Buku Gambar Bisa Dihapus Buku Menggambar Anak,buku papan tulis hijau anak erasable book buku gambar bisa dihapus buku menggambar anak,896178400,0.683408305731736,1,False,0.1875
4456,16142,0,hard_neg,Sikat Botol susu Bayi 2in1 NINIO Sikat Spon pembersih botol susu bayi,sikat botol susu bayi 2in1 ninio sikat spon pembersih botol susu bayi,1659847084,Ninio 4001 Dot Silicone Botol Susu Bayi BPA Free,ninio 4001 dot silicone botol susu bayi bpa free,3185230186,0.4121052341369955,1,True,0.3076923076923077
5384,27056,0,hard_neg,PROMO WIRELESS i11 TWS BLUETOOTH 5.0 STEREO EARPHONE HEADSET FINGER TOUCH AIRPODS 2 I7S I12 i9s,promo wireless i11 tws bluetooth 5 0 stereo earphone headset finger touch airpods 2 i7s i12 i9s,3527300842,Earphone Headset Bluetooth Wireless Magnetic Sport Stereo,earphone headset bluetooth wireless magnetic sport stereo,1744240905,0.7330089115638037,1,False,0.2631578947368421
2066,9652,0,hard_neg,MUKENA DEWASA FATIMAH KHADIJAH MUKENA KHADIJAH SYAHRINI,mukena dewasa fatimah khadijah mukena khadijah syahrini,2474117531,MUKENA AYU TINGTING MUKENA DEWASA FREE TAS RENDA WARNA WARNI,mukena ayu tingting mukena dewasa free tas renda warna warni,4179657875,0.47429769942198285,1,False,0.16666666666666666
14826,14894,0,hard_neg,[COD] Milo Cube 100pcs exp JULI 2021 FREE PACKING,cod milo cube 100pcs exp juli 2021 free packing,1069650426,MILO CUBE 100/ MILO ENERGY CUBE ISI 100 OKTOBER 2021,milo cube 100 milo energy cube isi 100 oktober 2021,2633237860,0.5266297577744166,1,False,0.23076923076923078
23026,23137,0,hard_neg,sarung tangan karet sarung tangan cuci piring perlengkapan dapur alat pelindung tangan HM49,sarung tangan karet sarung tangan cuci piring perlengkapan dapur alat pelindung tangan hm49,3715162867,Sarung Tangan Cuci Piring Dapur Sarung Tangan Pembersih Tahan Air,sarung tangan cuci piring dapur sarung tangan pembersih tahan air,3170475874,0.7338223176741611,1,False,0.38461538461538464
10006,29506,0,hard_neg,GAMIS MONALISA PREMIUM/GAMIS MOTIF,gamis monalisa premium gamis motif,181942707,Mora Maxi/Gamis Katun monalisa,mora maxi gamis katun monalisa,1368071481,0.5784571461994452,1,False,0.2857142857142857
9460,31809,0,hard_neg,(27AN.ID)COD Dompet Wanita 00405 dompet Panjang dompet Lipat Impor Murah Cantik Real Pic# dompet C8,27an id cod dompet wanita 00405 dompet panjang dompet lipat impor murah cantik real pic dompet c8,2941395933,(COD) RR DOMPET LADY GAGA - Dompet Lipat Mini Lucu,cod rr dompet lady gaga dompet lipat mini lucu,1174325128,0.6597416120911781,1,False,0.15789473684210525
16955,26991,0,hard_neg,Pewarna neon 10ml / pewarna slime 10 ml,pewarna neon 10ml pewarna slime 10 ml,2202755801,PEWARNA MAKANAN PUTIH (50gr),pewarna makanan putih 50gr,663992990,0.3384771216167033,1,True,0.1111111111111111
9021,29198,0,hard_neg,SEPATU WANITA SLIP ON IMPORT,sepatu wanita slip on import,1844958752,Adidas [Premium Quality] Neymar Sepatu Casual Slip On Pria Keren Grade Ori,adidas premium quality neymar sepatu casual slip on pria keren grade ori,122159316,0.30726735639373365,1,False,0.21428571428571427
1450,18275,0,hard_neg,[SYB] Sabun Bibit Pemutih Bpom / Bibit pemutih soap,syb sabun bibit pemutih bpom bibit pemutih soap,3085411073,SYB BODY SCRUB BIBIT PEMUTIH BIBIT PEMUTIH BODYSCRUB SYB,syb body scrub bibit pemutih bibit pemutih bodyscrub syb,2808827127,0.5798179460012572,1,False,0.3333333333333333
20737,31817,0,hard_neg,Kaos Kaki Pendek Warna Polos,kaos kaki pendek warna polos,1279238330,KAOS POLOS VNECK LENGAN PENDEK COTTON COMBED 30S,kaos polos vneck lengan pendek cotton combed 30s,3411862234,0.5073482370492559,1,False,0.3
22904,29805,0,hard_neg,MICRO USB REALME KABEL DATA MICRO USB ORIGINAL 2A,micro usb realme kabel data micro usb original 2a,1741983212,[ ORI 100%  ] KABEL DATA OPPO FAST CHARGING MICRO USB ORIGINAL,ori 100 kabel data oppo fast charging micro usb original,1735172812,0.6089688661819445,1,True,0.4166666666666667
8262,29164,0,hard_neg,Kuas Silikon Roti / Cake / Mentega / Food Brush,kuas silikon roti cake mentega food brush,1733221456,"Cetakan Adonan Roti Bahan Silikon, Warna Acak",cetakan adonan roti bahan silikon warna acak,3463295100,0.4330989723492187,1,False,0.16666666666666666
10183,15176,0,hard_neg,Balon PVC 16 Inch,balon pvc 16 inch,872590173,Balon pastel perpack 12inch,balon pastel perpack 12inch,298475141,0.34655981165281263,1,True,0.14285714285714285
4797,26636,0,hard_neg,untuk Asus Zenfone Max Pro (M1) zb601kl zb602kl Casing Hard Case Motif Marmer,untuk asus zenfone max pro m1 zb601kl zb602kl casing hard case motif marmer,4182884877,TEMPERED GLASS FULL LEM 6D ASUS ZENFONE MAX M2 ASUS ZB633KL,tempered glass full lem 6d asus zenfone max m2 asus zb633kl,3963173351,0.45339016721608616,1,True,0.15
2066,20861,0,hard_neg,MUKENA DEWASA FATIMAH KHADIJAH MUKENA KHADIJAH SYAHRINI,mukena dewasa fatimah khadijah mukena khadijah syahrini,2474117531,Mukena dewasa bsway ayu tingting,mukena dewasa bsway ayu tingting,4179657875,0.36058135042500367,1,False,0.25
3425,13392,0,hard_neg,Kaos Kaki Bayi / Kaos Kaki Anak Motif Imut,kaos kaki bayi kaos kaki anak motif imut,3416230323,KAOS KAKI SEMATA KAKI POLOS / ANKLE KAOS KAKI,kaos kaki semata kaki polos ankle kaos kaki,1279238330,0.6447031971450712,1,False,0.2222222222222222
19424,29965,0,hard_neg,Naturein Hand Sanitizer 100ml nature in hand sanitizer,naturein hand sanitizer 100ml nature in hand sanitizer,436095484,Herborist Hand Sanitizer Aloe Vera - 60ml Gel,herborist hand sanitizer aloe vera 60ml gel,1377132605,0.3241981258933044,1,True,0.18181818181818182
13112,17612,0,hard_neg,Selang Magic X Hose 15M Siram Taman Rumah Cuci Mobil Elastis Universal,selang magic x hose 15m siram taman rumah cuci mobil elastis universal,477568094,Termurah - Selang Air Magic Hose 15M,termurah selang air magic hose 15m,1630743196,0.7417428173814561,1,False,0.2857142857142857
7407,12203,0,hard_neg,CITRA Sakura Fair Facial Foam 100 g,citra sakura fair facial foam 100 g,4055533386,Garnier Men Facial Foam 100ml,garnier men facial foam 100ml,1811443251,0.659093381206374,1,False,0.2
10740,25671,0,hard_neg,IC MIXIO Ring light 16CM Paket tripod mini Live streamer Selfie Make Up Vlog RingLight Lampu,ic mixio ring light 16cm paket tripod mini live streamer selfie make up vlog ringlight lampu,1804414959,Ring Light selfie led bulat untuk camera hp flash,ring light selfie led bulat untuk camera hp flash,618519444,0.5566068570735807,1,False,0.13636363636363635
6128,33455,0,hard_neg,Miyako MCM 508 Magic Warmer Plus [1.8 Liter],miyako mcm 508 magic warmer plus 1 8 liter,921908424,Miyako Magic Com MCM610 / Rice Cooker MCM 610 - Kuning - [1L],miyako magic com mcm610 rice cooker mcm 610 kuning 1l,3311674407,0.35883880859454936,1,True,0.1875
29510,31136,0,hard_neg,TKIS Bangku Motif Storage Box Organizer CUC-153 / Kursi Lipat Serbaguna / Foldable Chair CUC-153,tkis bangku motif storage box organizer cuc 153 kursi lipat serbaguna foldable chair cuc 153,2105997840,Storage Bag Selimut Baju Lipat / Foldable Box Cloth Organizer PENDEK,storage bag selimut baju lipat foldable box cloth organizer pendek,1419140975,0.6077570136758138,1,False,0.2777777777777778
8286,14761,0,hard_neg,Jepit Rambut Model Mutiara Bahan Metal untuk Wanita,jepit rambut model mutiara bahan metal untuk wanita,2549722113,Jepit Rambut Model Bobby Pin Motif Bunga Gaya Korea untuk Wanita,jepit rambut model bobby pin motif bunga gaya korea untuk wanita,290896841,0.7382133580059329,1,False,0.35714285714285715
25426,27383,0,hard_neg,TISSUE LIVI FACIAL - 554gr,tissue livi facial 554gr,1005412638,Tissue TESSA Handtowel - Tissue Dapur - Tissue Kitchen - Lembaran Serap Minyak,tissue tessa handtowel tissue dapur tissue kitchen lembaran serap minyak,1318252672,0.32279331783528475,1,False,0.09090909090909091
18041,31088,0,hard_neg,[1 SACHET] MAMABEAR MAMA BEAR Zoya Mix Kedelai Minuman Pelancar Asi Booster ZoyaMix Soya Mix Coklat,1 sachet mamabear mama bear zoya mix kedelai minuman pelancar asi booster zoyamix soya mix coklat,148719785,ZOYAMIX ZOYA MIX SOYAMIX SOYA MIX MAMA BEAR MAMABEAR 1 BOX,zoyamix zoya mix soyamix soya mix mama bear mamabear 1 box,1680535208,0.8889913603362904,1,False,0.47058823529411764
7530,18515,0,hard_neg,Fitmee rasa ayam bawang,fitmee rasa ayam bawang,2187173784,Totole Kaldu Rasa  Ayam Jamur HALAL MUI,totole kaldu rasa ayam jamur halal mui,1673669565,0.38996029718439745,1,False,0.2222222222222222
12802,24775,0,hard_neg,Celana jeans joger cowok | joger pant| celana casual jeans cowo,celana jeans joger cowok joger pant celana casual jeans cowo,4124353529,Celana joger cargo sirwal premium original forward,celana joger cargo sirwal premium original forward,2024515517,0.35359257228825947,1,False,0.16666666666666666
17605,22415,0,hard_neg,KOJIE SAN Face Lightening Cream 30 gram Krim Pemutih,kojie san face lightening cream 30 gram krim pemutih,2134514629,KOJIE SAN Lightening Face Cream 30g,kojie san lightening face cream 30g,217804619,0.9004881403478577,1,False,0.5
19652,31054,0,hard_neg,Indomie Keriting Premium Collection ( Goreng Spesial / Ayam Panggang ),indomie keriting premium collection goreng spesial ayam panggang,432286339,5pcs Indomie Goreng,5pcs indomie goreng,495049981,0.5150847078366946,1,False,0.2222222222222222
19310,27492,0,hard_neg,Realme 5i hp 4GB 64GB 3GB 32GB Qualcomm Snapdragon 665 AIE 12MP AI Quad Camera Garansi resmi,realme 5i hp 4gb 64gb 3gb 32gb qualcomm snapdragon 665 aie 12mp ai quad camera garansi resmi,3927768774,[GARANSI RESMI] XIAOMI REDMI NOTE 8 RAM 4GB (64GB),garansi resmi xiaomi redmi note 8 ram 4gb 64gb,3366142517,0.44183442765155634,1,True,0.18181818181818182
22957,26976,0,hard_neg,CAPLANG EAGLE EUCALYPTUS SPRAY 280ML PACKING BUBBLE WRAP TERMURAH & TERLARIS,caplang eagle eucalyptus spray 280ml packing bubble wrap termurah terlaris,825845944,Eagle spray 280ml Eucalyptus disinfectant spray,eagle spray 280ml eucalyptus disinfectant spray,1794962291,0.8200026748341294,1,False,0.36363636363636365
16715,32887,0,hard_neg,Master Rem Only beat vario revo blade scoopy beat Fi beat pop vario 125 vario 150 Ori Pegayos,master rem only beat vario revo blade scoopy beat fi beat pop vario 125 vario 150 ori pegayos,3752571002,Spion beat twotone honda yamaha beat vario scoopy,spion beat twotone honda yamaha beat vario scoopy,819570846,0.4791256913254871,1,False,0.16666666666666666
436,34065,0,hard_neg,Milano Kunci Tas Selempang mini jahit,milano kunci tas selempang mini jahit,1954967078,Tas Selempang VENTAGE Mini Kualitas Import,tas selempang ventage mini kualitas import,3219710218,0.33868551507869976,1,False,0.3333333333333333
9212,18786,0,hard_neg,KABEL DATA IPHONE ORIGINAL 100% LIGHTNING TO USB CABLE 5 5S 6 6S 7 7S 7+ 8 8+ X XS 11 PRO MAX,kabel data iphone original 100 lightning to usb cable 5 5s 6 6s 7 7s 7 8 8 x xs 11 pro max,1154928830,ANTI CRACK IPHONE 5/5S/6/6S/6 PLUS/6S PLUS/7/7 PLUS/8/8 PLUS/X/XR/XS/XS MAX/11/11 PRO/11 PRO MAX,anti crack iphone 5 5s 6 6s 6 plus 6s plus 7 7 plus 8 8 plus x xr xs xs max 11 11 pro 11 pro max,3717044186,0.42391601938421,1,True,0.48
17038,27716,0,hard_neg,Zoe maxi/moscrepe HQ,zoe maxi moscrepe hq,1509263923,[BEAUTY STORE] ALANA MAXI matt MOSCREPE HQ size S M L XL busana muslim stylish,beauty store alana maxi matt moscrepe hq size s m l xl busana muslim stylish,2932987408,0.5544017835554487,1,False,0.1875
5602,11242,0,hard_neg,Termurah - Selang Air Magic Hose,termurah selang air magic hose,1630743196,Selang Air Taman Magic Hose 30 Meter / Semprotan Air Fleksibel / Selang Air Ajaib 100FT SG-30,selang air taman magic hose 30 meter semprotan air fleksibel selang air ajaib 100ft sg 30,739038796,0.594233074341953,1,False,0.3076923076923077
6223,23318,0,hard_neg,Legging wanita JUMBO,legging wanita jumbo,1710760612,Celana Legging Wanita 7/8 Jumbo / Big size,celana legging wanita 7 8 jumbo big size,937757055,0.8176784525496441,1,False,0.375
9868,24486,0,hard_neg,Tepung bumbu serbaguna citra putri 250 gram,tepung bumbu serbaguna citra putri 250 gram,591338133,Maizenaku tepung pati jagung 150 gram,maizenaku tepung pati jagung 150 gram,1481937823,0.43848754431704084,1,True,0.18181818181818182
9544,26715,0,hard_neg,OXONE STAINLESS STEEL KITCHEN TOOL SPATULA SUTIL SET OX-963,oxone stainless steel kitchen tool spatula sutil set ox 963,36603442,Alat Masak Spatula set isi 4 Kitchen tool peralatan dapur stainless Paling Murah,alat masak spatula set isi 4 kitchen tool peralatan dapur stainless paling murah,1842099953,0.4552990079650589,1,True,0.2777777777777778
6307,19444,0,hard_neg,Avoskin Miraculous RETINOL Toner 100ml / Age Delay Toner,avoskin miraculous retinol toner 100ml age delay toner,1268201436,AVOSKIN Miraculous Refining Toner share in jar,avoskin miraculous refining toner share in jar,4291905065,0.686747829271382,1,False,0.2727272727272727
8288,33563,0,hard_neg,HANASUI NATURGO Lightening Peel Off Face mask Masker Peel-off Wajah 10 gr Original BPO,hanasui naturgo lightening peel off face mask masker peel off wajah 10 gr original bpo,3962524495,Masker wajah shining masker arang Peel Off Charcoal Mask By Shining,masker wajah shining masker arang peel off charcoal mask by shining,607127945,0.61833168306793,1,False,0.29411764705882354
11337,12824,0,hard_neg,Mitu baby cologne fresh freen/ sweet pink 100ml minyak wangi bayi parfume,mitu baby cologne fresh freen sweet pink 100ml minyak wangi bayi parfume,587282424,MITU BABY COLOGNE 50ml,mitu baby cologne 50ml,1606598456,0.5607576501892026,1,True,0.23076923076923078
9562,31633,0,hard_neg,gamis syari anak delisa,gamis syari anak delisa,3747659364,GAMIS JUMBO UKURAN L - XL - XXL  / GAMIS MURAH / GAMIS BUSUI / POLOS / GAMIS SYARI ( RENATA DRESS ),gamis jumbo ukuran l xl xxl gamis murah gamis busui polos gamis syari renata dress,3385944896,0.4038492106769994,1,False,0.14285714285714285
26563,31020,0,hard_neg,BPOM - Acnes Treatment SERIES / Acnes Creamy Wash / Acne Facial Wash / Acne Care / SYE MART,bpom acnes treatment series acnes creamy wash acne facial wash acne care sye mart,2210745930,BEBWHITE C SKINCARE / BBC BPOM / BEBWHITE GLOW  SERIES / BEBWHITE ACNE SERIES,bebwhite c skincare bbc bpom bebwhite glow series bebwhite acne series,2956941947,0.4262533264479865,1,False,0.1875
12138,16968,0,hard_neg,[11.11Big Sale] Slip ON WANITA SANTAI WEBING S11,11 11big sale slip on wanita santai webing s11,1339662767,11.11 SUPER PROMO!!! Sepatu Slip On Wanita MD Terbaru,11 11 super promo sepatu slip on wanita md terbaru,149330795,0.40755008737083015,1,False,0.2857142857142857
21262,21770,0,hard_neg,MURAH !! Tombow Fudenosuke Brush Pen Art Markers,murah tombow fudenosuke brush pen art markers,583618574,Fudenosuke Brush Soft Tip 112,fudenosuke brush soft tip 112,2454261231,0.7355353306930016,1,False,0.2
10899,33852,0,hard_neg,[READY] Botol pump 500 ml - botol hand sanitizer - botol hand soap pump bebek -,ready botol pump 500 ml botol hand sanitizer botol hand soap pump bebek,52183551,Botol Kosong Plastik 30 ml Fliptop Flip top MURAH 30ml Hand Sanitizer Bening,botol kosong plastik 30 ml fliptop flip top murah 30ml hand sanitizer bening,2964440663,0.3729491640668582,1,True,0.2222222222222222
13263,13446,0,hard_neg,Helm Lampu LED Sein Strip Tahan Air untuk Motor universal,helm lampu led sein strip tahan air untuk motor universal,129257769,Tutup Pentil LED Ban Motor Nyala lampu,tutup pentil led ban motor nyala lampu,1575763518,0.485564562389053,1,False,0.21428571428571427
2858,3095,0,hard_neg,Sweater Pria Ksiecnalb Hoodie sweater Fleece Kekinian Terlaris,sweater pria ksiecnalb hoodie sweater fleece kekinian terlaris,1462893434,Long neck man black - Sweater pria - Rajut katun,long neck man black sweater pria rajut katun,447873549,0.4571812746647315,1,False,0.15384615384615385
14667,20704,0,hard_neg,OPPO A53 2020 Reno 4 A5S A5 2020 A3S A92 A31 A12 A9 2020 F9 PRO A37 A37F F1S F11 A1K F7 A52 A71 F5 Youth A7 A31 A33 2020 A91 Reno 2f Reno 3 A72 A12E Realme C15 C12 5i C11 C2 C3 3 3i 5 5S 6 C1 6i Soft TPU Case,oppo a53 2020 reno 4 a5s a5 2020 a3s a92 a31 a12 a9 2020 f9 pro a37 a37f f1s f11 a1k f7 a52 a71 f5 youth a7 a31 a33 2020 a91 reno 2f reno 3 a72 a12e realme c15 c12 5i c11 c2 c3 3 3i 5 5s 6 c1 6i soft tpu case,3018854478,Soft Casing Realme C15 5i C12 C17 C11 C2 C3 7 7i 3 3i 5 6 C1 C3i 5 5S U1 X2 XT Q 6i 2 X2 5 PRO Narzo 20 PRO 10 10A 20A VIVO Y12 Y30 Y15 Y17 Y93 Y95 OPPO A31 2020 A9 A5 2020 A7 A5S A12 Candy-colored Cartoon Bears + PopSocket Silicone Phone Case,soft casing realme c15 5i c12 c17 c11 c2 c3 7 7i 3 3i 5 6 c1 c3i 5 5s u1 x2 xt q 6i 2 x2 5 pro narzo 20 pro 10 10a 20a vivo y12 y30 y15 y17 y93 y95 oppo a31 2020 a9 a5 2020 a7 a5s a12 candy colored cartoon bears popsocket silicone phone case,2126962532,0.39598467392740894,1,True,0.32894736842105265
12824,25648,0,hard_neg,MITU BABY COLOGNE 50ml,mitu baby cologne 50ml,1606598456,Mitu Baby Cologne Pink Spray 100 ml,mitu baby cologne pink spray 100 ml,587282424,0.7588311177973011,1,True,0.375
3874,15729,0,hard_neg,Sarung celana wadimor original 100% dewasa dan anak hitam dan putih polos,sarung celana wadimor original 100 dewasa dan anak hitam dan putih polos,258047,CELANA PANJANG DEWASA PRIA DAN WANITA,celana panjang dewasa pria dan wanita,2065073080,0.4661027540319056,1,False,0.21428571428571427
8894,20881,0,hard_neg,PIYAMA HP ( LENGAN PENDEK+CELANA PENDEK ) MOTIF KARAKTER,piyama hp lengan pendek celana pendek motif karakter,3408803971,Celana Pendek Tactical,celana pendek tactical,2454057466,0.5123195631132208,1,False,0.25
30785,33607,0,hard_neg,FygaleryMedan - Catok Mini Haidi Topsonic Catokan Pelurus Rambut Murah Import HD768,fygalerymedan catok mini haidi topsonic catokan pelurus rambut murah import hd768,866365011,Catok NOVA Mini 2 in 1 BEST QUALITY / Catok Rambut 2in1 Pelurus Curly Straight Lurus Keriting,catok nova mini 2 in 1 best quality catok rambut 2in1 pelurus curly straight lurus keriting,2558633431,0.31333342159675065,1,True,0.18181818181818182
2181,24570,0,hard_neg,SHIREN OVERALL ZIPPER JEANS WASH KEKINIAN,shiren overall zipper jeans wash kekinian,2612181584,THEA OVERALL JEANS  BEST SELLER,thea overall jeans best seller,1122805688,0.33506632450192336,1,False,0.2222222222222222
2771,19084,0,hard_neg,Khimar Hijab Jilbab/Syari Twin Ceruty,khimar hijab jilbab syari twin ceruty,3345443347,Khimar Monika / Jilbab pita/ Jilbab Cantik murah,khimar monika jilbab pita jilbab cantik murah,2462318945,0.7195284513125229,1,False,0.2
1192,14397,0,hard_neg,MEJA LAPTOP MEJA MINI MEJA BELAJAR MEJA SERBAGUNA MEJA NAMPAN MEJA LIPAT DESK MEJA MAKAN,meja laptop meja mini meja belajar meja serbaguna meja nampan meja lipat desk meja makan,2435179429,"Meja Setrika untuk di meja, hemat tempat krn bisa digantung JLL",meja setrika untuk di meja hemat tempat krn bisa digantung jll,1809684851,0.45155097828402946,1,False,0.05555555555555555
19680,25730,0,hard_neg,Earphone Bluetooth Magnet 4.1 Sport Olahraga Jogging Running Musik,earphone bluetooth magnet 4 1 sport olahraga jogging running musik,1744240905,TAS SEPATU OLAHRAGA/SPORT,tas sepatu olahraga sport,237632340,0.3133985320431523,1,False,0.16666666666666666
2252,14696,0,hard_neg,Masker Kain Oxford Tali Karet Silang,masker kain oxford tali karet silang,424232472,Masker kain Oxford model hijab,masker kain oxford model hijab,3070646096,0.8131246507110482,1,False,0.375
2064,17548,0,hard_neg,iPhone 5 5S 6 6S 6 Plus 6s PLUS 7 Plus 8 Plus X XR XS Max 11 11 Pro Max Transparan Bening Soft Case,iphone 5 5s 6 6s 6 plus 6s plus 7 plus 8 plus x xr xs max 11 11 pro max transparan bening soft case,1605252728,Macaroon Case Soft Case Premium Doff Warna Iphone 7 8 6Plus 6SPlus 6+ 6S+ 5 5S SE 6 6S,macaroon case soft case premium doff warna iphone 7 8 6plus 6splus 6 6s 5 5s se 6 6s,1664980565,0.6345522199487544,1,True,0.36
3721,28313,0,hard_neg,PUZZLE MINIE,puzzle minie,3205250015,TweedySub - Mainan Edukatif / Puzzle Kayu / Jigsaw Puzzle Anak My First Puzzle,tweedysub mainan edukatif puzzle kayu jigsaw puzzle anak my first puzzle,785668369,0.8292416760583354,1,False,0.1
7287,24858,0,hard_neg,NEW Promo Jilbab / Hijab Pashmina KARET Instan Diamond Jumbo - Kerudung Instan Pashmina,new promo jilbab hijab pashmina karet instan diamond jumbo kerudung instan pashmina,104602349,JILBAB INSTAN DIAMOND SEGI BOBAL DEQIARA / JILBAB SEGITIGA BOLAK BALIK  KERUDUNG HIJAB HOT PRODUCT,jilbab instan diamond segi bobal deqiara jilbab segitiga bolak balik kerudung hijab hot product,2008989859,0.7046966069620548,1,False,0.2777777777777778
5435,21218,0,hard_neg,(COD) Cream Malam Tabita Malaysia Original,cod cream malam tabita malaysia original,1923087716,PAKET CREAM TABITA GLOW TRIAL ORIGINAL/TABITA TRAVEL(GLOW)kecil,paket cream tabita glow trial original tabita travel glow kecil,1966793730,0.474773647180993,1,False,0.2727272727272727
3638,24236,0,hard_neg,MAMYPOKO ROYAL SOFT GIRL M42/L34/XL30/XXL24/karismasusu,mamypoko royal soft girl m42 l34 xl30 xxl24 karismasusu,22285547,Mamypoko royal soft l62/mamypoko extrasoft l62/mamypoko tape royalsoft l62/Mamypoko l62,mamypoko royal soft l62 mamypoko extrasoft l62 mamypoko tape royalsoft l62 mamypoko l62,2828399909,0.48946286502265296,1,True,0.23076923076923078
4926,17720,0,hard_neg,Lifree Pants Popok Dewasa 1PCS,lifree pants popok dewasa 1pcs,2470288007,MamyPoko Pants Extra Dry - M 32 - Popok Celana,mamypoko pants extra dry m 32 popok celana,373674159,0.3334549305835161,1,True,0.18181818181818182
10734,19056,0,hard_neg,DRESS ANAK FROZEN SCUBA / BAJU FROZEN SCUBA,dress anak frozen scuba baju frozen scuba,2540714133,Masker Scuba Gramasi 280!,masker scuba gramasi 280,1198315635,0.38708003956401277,1,False,0.125
18584,22706,0,hard_neg,1Pc Sikat Kuas Minyak dengan Bahan Silikon untuk BBQ / Baking,1pc sikat kuas minyak dengan bahan silikon untuk bbq baking,1733221456,WT Alas Rolling Adonan Kue Bahan Silikon Anti Lengket untuk Baking,wt alas rolling adonan kue bahan silikon anti lengket untuk baking,2817848024,0.5964732536572296,1,False,0.23529411764705882
23026,31637,0,hard_neg,sarung tangan karet sarung tangan cuci piring perlengkapan dapur alat pelindung tangan HM49,sarung tangan karet sarung tangan cuci piring perlengkapan dapur alat pelindung tangan hm49,3715162867,\xe2\x98\x80GUDANG666\xe2\x98\x80 [SEPASANG] Sarung Tangan R46 Cuci Piring Dapur Sarung Tangan Pembersih Tahan Air,xe2 x98 x80gudang666 xe2 x98 x80 sepasang sarung tangan r46 cuci piring dapur sarung tangan pembersih tahan air,3170475874,0.43177212134793885,1,True,0.2631578947368421
788,2567,0,hard_neg,Palmolive Luminous Oils Invigorating Shower Gel/Sabun Mandi 400 ml,palmolive luminous oils invigorating shower gel sabun mandi 400 ml,2662107944,Luminous glowing,luminous glowing,2092002172,0.3356555807017845,1,False,0.09090909090909091
2736,28182,0,hard_neg,JEGGING ANAK SIZE 2 / GROSIR JEGGING ANAK / JEGGING TERMURAH / LEGGING JEANS STRECH,jegging anak size 2 grosir jegging anak jegging termurah legging jeans strech,472641544,Celana Panjang Legging Jeans Wanita Pinggang Karet Jegging JUMBO BIG SIZE JSK,celana panjang legging jeans wanita pinggang karet jegging jumbo big size jsk,2462304931,0.5730063478504157,1,False,0.23529411764705882
4217,25968,0,hard_neg,JG463 COD Munafie Celana Dalam Pria Segitiga Munafie Underwear Murah Produk Import,jg463 cod munafie celana dalam pria segitiga munafie underwear murah produk import,3474225085,Tempat penyimpanan/gantungan serbaguna/gantungan celana dalam/Korean underwear pouch,tempat penyimpanan gantungan serbaguna gantungan celana dalam korean underwear pouch,2314232878,0.39825565970298443,1,False,0.17647058823529413
7225,30243,0,hard_neg,Cognos 8 MASSAGE PILLOW BANTAL PIJAT KEPALA,cognos 8 massage pillow bantal pijat kepala,1911325802,Bantal Pijat speeds 8 Bola Massage Pillow Mobil dan Rumah Car Home 202-1,bantal pijat speeds 8 bola massage pillow mobil dan rumah car home 202 1,1514327608,0.4720655408733563,1,True,0.3125
694,3296,0,hard_neg,Kunci sock kenmaster,kunci sock kenmaster,3889888691,Kunci sock set tekiro 21 pcs.,kunci sock set tekiro 21 pcs,2862225366,0.3398262930663728,1,False,0.2857142857142857
1787,16474,0,hard_neg,[PROMO] Nivea Extra white Body Serum 180ml all variant,promo nivea extra white body serum 180ml all variant,1666545703,Nivea Extra White Radiant & Smooth Body Serum 180ml Original,nivea extra white radiant smooth body serum 180ml original,2628044511,0.890742340906544,1,False,0.5
3224,28338,0,hard_neg,Spatula Set Stainless Steel 6 in 1,spatula set stainless steel 6 in 1,471138977,De Essential Set Spatula isi 6 pcs 1073-Sutil Spatula 6 Set,de essential set spatula isi 6 pcs 1073 sutil spatula 6 set,1591152872,0.36809705609794907,1,True,0.23076923076923078
28582,29577,0,hard_neg,Pena Pulpen Erasable Gel Pen Bisa Di Hapus BTS BT21 KPOP,pena pulpen erasable gel pen bisa di hapus bts bt21 kpop,3294802048,KPOP BTS BT21 STICKER DIY BUBBLE 3D,kpop bts bt21 sticker diy bubble 3d,1261987196,0.3559092981840544,1,True,0.2
4688,18528,0,hard_neg,AVOSKIN Miraculous Refining Serum (share in bottle 5ml),avoskin miraculous refining serum share in bottle 5ml,4291905065,Avoskin Miraculous Refining Serum 30 ml ORIGINAL,avoskin miraculous refining serum 30 ml original,1268201436,0.8241971341235155,1,True,0.36363636363636365
495,14644,0,hard_neg,Jamia - Pashmina Instan dengan tali,jamia pashmina instan dengan tali,3024571735,"PROMO Pashmina Instan Zafina, Pastan,  Pasmina,  Pastan Instan,  Murah,  Sala",promo pashmina instan zafina pastan pasmina pastan instan murah sala,1168193892,0.5599340113768488,1,False,0.18181818181818182
13286,26096,0,hard_neg,"Cussons Baby Hair Lotion Candle Nut & Celery, Coconut Oil, Almond, Avocado 100ml",cussons baby hair lotion candle nut celery coconut oil almond avocado 100ml,3509199723,Cussons Baby Hair Lotion 100 + 100ml / Cusson Hair Lotion,cussons baby hair lotion 100 100ml cusson hair lotion,1344355875,0.6617519892445466,1,False,0.35714285714285715
1655,28600,0,hard_neg,Bubble Wrap,bubble wrap,4198148727,PROMO MAINAN ANAK CAMERA BUBBLE ELEKTRIK+CAIRAN BUBBLE | BUBBLE ( PLUS BATERAI ),promo mainan anak camera bubble elektrik cairan bubble bubble plus baterai,3043133921,0.6257731027354868,1,False,0.1
11511,22772,0,hard_neg,Hanasui Body Spa Body Exfoliating Gel 300ml,hanasui body spa body exfoliating gel 300ml,3193816851,Hanasui Body Spa Peeling Gel With Colagen Original 100%,hanasui body spa peeling gel with colagen original 100,3609356867,0.42674910495903273,1,True,0.36363636363636365
9949,33140,0,hard_neg,Keju Cheese Prochiz Gold Cheddar 170gr -  Prochiz Spready Keju Oles 170gr,keju cheese prochiz gold cheddar 170gr prochiz spready keju oles 170gr,622438098,Prochiz QUICK MELT 170gr,prochiz quick melt 170gr,699222952,0.6927967732005332,1,False,0.2
18921,23956,0,hard_neg,[Hanya di Shopee] Rexus Earphone Gaming ME-1 / ME1 with Dual Microphone,hanya di shopee rexus earphone gaming me 1 me1 with dual microphone,333323142,Jual Headset Handsfree Earphone Macaron Tipe U 19 U19 Mega Bass With Microphone,jual headset handsfree earphone macaron tipe u 19 u19 mega bass with microphone,2935813666,0.49435677315955945,1,True,0.13636363636363635
1663,13471,0,hard_neg,Tambahan Bubble wrap / Plastik Bubble Pelindung paket,tambahan bubble wrap plastik bubble pelindung paket,4198148727,CR MB211 Mainan Bubble Elektrik Bentuk Kamera machine / Gelembung Bubble camera Lampu Dan Musik,cr mb211 mainan bubble elektrik bentuk kamera machine gelembung bubble camera lampu dan musik,3043133921,0.37659436320379386,1,False,0.05555555555555555
15290,16329,0,hard_neg,NEW Palmolive Luminous Oil Shower Gel Enriching Coconut Invigorating Peony Rejuvenating White Orchid,new palmolive luminous oil shower gel enriching coconut invigorating peony rejuvenating white orchid,2662107944,ORCHID,orchid,2326564207,0.3826576333779224,1,False,0.07692307692307693
16928,16980,0,hard_neg,Minyak telon Konicare plus 125ml,minyak telon konicare plus 125ml,2168147177,Konicare Minyak Telon Plus 30 ml,konicare minyak telon plus 30 ml,117207661,0.8655527471928275,1,True,0.5714285714285714
24871,33682,0,hard_neg,Botol Pump 250 ml | Botol hand soap 250 ml | botol hand sanitizer 250 ml,botol pump 250 ml botol hand soap 250 ml botol hand sanitizer 250 ml,1910674743,Lifebuoy Hand Wash Botol 200 mL Pump / REFILL 180ml HandWash Sabun Cuci Tangan Cair Hand,lifebuoy hand wash botol 200 ml pump refill 180ml handwash sabun cuci tangan cair hand,281151013,0.34696010104548297,1,True,0.23529411764705882
4304,23503,0,hard_neg,SANDAL PRIA NIKE BENASSI SWOOSH SANDAL SLIDE CASUAL CEWEK COWOK GRADE ORIGINAL,sandal pria nike benassi swoosh sandal slide casual cewek cowok grade original,2225545214,Sandal Off White TTd / Sandal Slide / Sandal Kasual Pria / Sandal Hypebest / Sandal Slop Laris,sandal off white ttd sandal slide sandal kasual pria sandal hypebest sandal slop laris,2977213622,0.5438215060100439,1,False,0.16666666666666666
5449,20192,0,hard_neg,Acnes toner,acnes toner,1176059503,[BPOM] Acnes Treatment Series / Natural Series / Acnes Creamy Wash Acnes Sealing Jell / MY MOM,bpom acnes treatment series natural series acnes creamy wash acnes sealing jell my mom,2210745930,0.5694843521852344,1,False,0.08333333333333333
10512,15995,0,hard_neg,Desinfektan Eagle Eucalyptus Desinfectant,desinfektan eagle eucalyptus desinfectant,1794962291,NEW ! Caplang Eagle Eucalyptus disinfectan spray 280ml,new caplang eagle eucalyptus disinfectan spray 280ml,825845944,0.7893686692683459,1,False,0.2222222222222222
16611,26470,0,hard_neg,Kojiesan Lightening Cream 30 Gr / Perawatan Wajah / Cream,kojiesan lightening cream 30 gr perawatan wajah cream,2134514629,Cream lipatan,cream lipatan,3855092404,0.38950211776255417,1,False,0.125
20125,28015,0,hard_neg,[BPOM] MEDIHEAL  H.D.P Pore-Stamping Black Mask EX,bpom mediheal h d p pore stamping black mask ex,4044229306,Mediheal Meience Tofu Milk Mask,mediheal meience tofu milk mask,1520593689,0.47477391556296106,1,False,0.15384615384615385
4269,4859,0,hard_neg,Herborist Body Wash Zaitun - 250ml,herborist body wash zaitun 250ml,4225196978,Herborist Zaitun Facial Mask / Masker Wajah 23ml,herborist zaitun facial mask masker wajah 23ml,1708167817,0.34711209190832304,1,True,0.2
730,31076,0,hard_neg,HS [COD] Tas Selempang Pria  Usb Port Terlaris,hs cod tas selempang pria usb port terlaris,1105071141,(COD) RR CHAVA - Tas Selempang Wanita,cod rr chava tas selempang wanita,888116957,0.5617234309438248,1,False,0.2727272727272727
7370,31770,0,hard_neg,Aqila Polka Maxy Dress l Gamis Maxy Termurah,aqila polka maxy dress l gamis maxy termurah,2722794324,RAQUNI MAXY /GAMIS RAYON VISCOSE TERMURAH,raquni maxy gamis rayon viscose termurah,2674196062,0.5334702322006475,1,False,0.3
3165,5277,0,hard_neg,Natur Hair Tonic Gingseng 90 ml,natur hair tonic gingseng 90 ml,122550860,Good Hair Tonic 210ml Penyubur Rambut / Penumbuh Rambut Gingseng henna Anti dandruff herbal tonik,good hair tonic 210ml penyubur rambut penumbuh rambut gingseng henna anti dandruff herbal tonik,3213719935,0.5149075022076006,1,True,0.1875
20358,23988,0,hard_neg,ANTICRACK / ANTI CRACK CASE XIAOMI / OPPO / VIVO / SAMSUNG / VIVO / ASUS / HUAWEI CASING,anticrack anti crack case xiaomi oppo vivo samsung vivo asus huawei casing,3717044186,Soft Case Tpu Motif Anime Lucu Dengan Stand Holder Untuk Iphone Samsung Huawei Xiaomi Oppo Vivo,soft case tpu motif anime lucu dengan stand holder untuk iphone samsung huawei xiaomi oppo vivo,1095455866,0.6478806041920159,1,False,0.2857142857142857
5496,27127,0,hard_neg,POUCH GANTUNG 3 SEKAT STORAGE BAG RAK DINDING TEMPAT AKSESORIS KOSMETIK BUKU DLL.J-14,pouch gantung 3 sekat storage bag rak dinding tempat aksesoris kosmetik buku dll j 14,2716177294,Pouch Hanging Gantung Organizer 16 Sekat Tempat Celana Dalam Storage,pouch hanging gantung organizer 16 sekat tempat celana dalam storage,2314232878,0.5044427596168702,1,True,0.25
23200,27438,0,hard_neg,Sarung Tangan Cuci Piring Dapur Sarung Tangan Pembersih Tahan Air,sarung tangan cuci piring dapur sarung tangan pembersih tahan air,3170475874,Sarung Tangan Plastik Tebukuro Bahan HDPE Tebal Food Grade,sarung tangan plastik tebukuro bahan hdpe tebal food grade,3623283026,0.36146324484226033,1,False,0.13333333333333333
18118,26704,0,hard_neg,Bucket Hat Polos/Topi Bucket Polos/topi casual,bucket hat polos topi bucket polos topi casual,3662829709,TOPI BASEBALL ANAK POLOS GROSIR MURAH,topi baseball anak polos grosir murah,4281986560,0.447341126039113,1,False,0.2222222222222222
14772,17748,0,hard_neg,RANSEL FASHION WANITA/PRIA BACKPACK TAS PUNGGUNG QUECHUA MURAH BATAM IMPORT TRQU,ransel fashion wanita pria backpack tas punggung quechua murah batam import trqu,1221416124,MORYMONY EVELYN - Tas Ransel Backpack Fashion,morymony evelyn tas ransel backpack fashion,2007482096,0.4638071368068379,1,False,0.2857142857142857
7708,31395,0,hard_neg,SUGAR BABY PREMIUM ORGANIC RUBBER COT SHEET PERLAK ONDO,sugar baby premium organic rubber cot sheet perlak ondo,997220911,Sugar baby infant seat bouncer / infant sugar baby Kursi bayi Getar sugarbaby,sugar baby infant seat bouncer infant sugar baby kursi bayi getar sugarbaby,1395051225,0.38276622908046837,1,False,0.125
28690,29576,0,hard_neg,Littlekiky Paket Bantal Menyusui dan Apron Menyusui Jurassic,littlekiky paket bantal menyusui dan apron menyusui jurassic,2538462593,Omiland Bantal Menyusui + Bantal Lengan Panda Series,omiland bantal menyusui bantal lengan panda series,2169697424,0.4054749359033381,1,False,0.18181818181818182
3486,11540,0,hard_neg,Dress MANOHARA PANJANG BALI ETNIK,dress manohara panjang bali etnik,3911606121,1KG = 4PCS | BELLA BOHEMIAN HOMEY DRESS / HOMEDRESS ETNIK,1kg 4pcs bella bohemian homey dress homedress etnik,2421751201,0.411377896216388,1,False,0.18181818181818182
17792,25600,0,hard_neg,PARUTAN KERIPIK PEMOTONG PERAJANG PENGIRIS BAWANG CLEVER CUTTER,parutan keripik pemotong perajang pengiris bawang clever cutter,392356944,Travelmate Potato Cutter / Slicer Chopper French Fries / Pemotong Kentang Pisau PTC,travelmate potato cutter slicer chopper french fries pemotong kentang pisau ptc,3002673935,0.3192618513394496,1,False,0.11764705882352941
1880,4663,0,hard_neg,Homewallpaper -  Wallpaper Sticker Dinding Motif Salur - Ukuran 45cm x 10 m,homewallpaper wallpaper sticker dinding motif salur ukuran 45cm x 10 m,2059969959,Wallpaper Stiker Dinding Motif Batik Bunga Ungu Size 45cm x 10m,wallpaper stiker dinding motif batik bunga ungu size 45cm x 10m,676291019,0.8240633790194759,1,False,0.29411764705882354
11070,14595,0,hard_neg,PIGEON Bedak Padat Bayi - Baby Compact Powder Cake Chamomile White 45 Gr - Paraben Free,pigeon bedak padat bayi baby compact powder cake chamomile white 45 gr paraben free,579435501,Lakme Make Up Bedak Skin Brightening Compact Powder Light Classic Bedak Padat,lakme make up bedak skin brightening compact powder light classic bedak padat,1313028914,0.32266786515901497,1,False,0.19047619047619047
6197,20550,0,hard_neg,( RIC ) BABY TOOTH TEETHER / GIGITAN BAYI MODEL BUAH,ric baby tooth teether gigitan bayi model buah,3326267479,Babysafe Teether Gigitan Bayi Baby Safe,babysafe teether gigitan bayi baby safe,2720138789,0.767405013217652,1,False,0.4
16609,24110,0,hard_neg,KOJIE SAN FACE LIGHTENING CREAM 30GR,kojie san face lightening cream 30gr,2134514629,Kojie San Face Lightening Cream 30G,kojie san face lightening cream 30g,217804619,0.9730220837374322,1,False,0.7142857142857143
6846,15232,0,hard_neg,Frame kacamata Photocromic,frame kacamata photocromic,2438732135,(KIRIM DARI JAKARTA) CH-02 Kacamata Fashion Anti Radiasi / Sunglasses Frame Anti Radiasi Lensa,kirim dari jakarta ch 02 kacamata fashion anti radiasi sunglasses frame anti radiasi lensa,3630992203,0.3323917677733612,1,False,0.15384615384615385
3425,29730,0,hard_neg,Kaos Kaki Bayi / Kaos Kaki Anak Motif Imut,kaos kaki bayi kaos kaki anak motif imut,3416230323,Kaos Kaki Ankle Cute Motif Kaos Kaki Semata Kaki Polos Import,kaos kaki ankle cute motif kaos kaki semata kaki polos import,1279238330,0.762621276419954,1,False,0.2727272727272727
24602,26803,0,hard_neg,Torabika Creamy Latte Renceng isi 10 pcs,torabika creamy latte renceng isi 10 pcs,2111685755,Mie gelas renceng isi 10,mie gelas renceng isi 10,558257531,0.4258065129618908,1,False,0.3333333333333333
28461,33649,0,hard_neg,Buku Anak - Belajar Bahasa Inggris Untuk TK dan Paud,buku anak belajar bahasa inggris untuk tk dan paud,1502042054,Buku Mewarnai Anak TK dan PAUD / Besar / HVS lebih tebal,buku mewarnai anak tk dan paud besar hvs lebih tebal,2879924940,0.35318015942207076,1,False,0.35714285714285715
8376,19615,0,hard_neg,Waterproof case Handphone Sarung HP Anti Air Gojek Grab,waterproof case handphone sarung hp anti air gojek grab,3213608540,TERMURAH SARUNG TANGAN NIKE COCOK UNTUK GRAB/GOJEK,termurah sarung tangan nike cocok untuk grab gojek,2007706703,0.31019469881782064,1,False,0.21428571428571427
30976,32580,0,hard_neg,Kabel Sambungan HDMI / Cable Extension HDMI Male To HDMI Female / HDMI M To HDMI F  Extenxion,kabel sambungan hdmi cable extension hdmi male to hdmi female hdmi m to hdmi f extenxion,2602533565,HDMI to AV RCA converter adapter,hdmi to av rca converter adapter,2813825952,0.3968212537166717,1,False,0.13333333333333333
3300,29734,0,hard_neg,Nivea men deodorant Deep black charcoal espresso roll on 50ml,nivea men deodorant deep black charcoal espresso roll on 50ml,3639207904,Rexona Men Deodorant Roll On Ice Cool 45 ml - Antiperspirant Deodorant Deodoran Deodorant Roll On,rexona men deodorant roll on ice cool 45 ml antiperspirant deodorant deodoran deodorant roll on,2262519406,0.4314866819165818,1,True,0.23529411764705882
23283,32978,0,hard_neg,Sepatu Pria Safety Boots Cladico Lion Low,sepatu pria safety boots cladico lion low,862891523,Sepatu Pria Dlta Cordura Tactical Gurun Tinggi 8Inci Zipper Safety Boots Hunting Hiking,sepatu pria dlta cordura tactical gurun tinggi 8inci zipper safety boots hunting hiking,1779297273,0.3994623189464733,1,False,0.25
20707,21188,0,hard_neg,Sarung Tenun Sapphire Warna Hitam Polos dan Putih Polos Dutatex Textile Industry Sarung Pilihan Kita,sarung tenun sapphire warna hitam polos dan putih polos dutatex textile industry sarung pilihan kita,1055377026,Celana sarung wayang gunungan gold | sarung tenun | sarung celana dewasa,celana sarung wayang gunungan gold sarung tenun sarung celana dewasa,3017519116,0.3437875459334364,1,False,0.1111111111111111
29164,32050,0,hard_neg,"Cetakan Adonan Roti Bahan Silikon, Warna Acak",cetakan adonan roti bahan silikon warna acak,3463295100,[KUKE] Kuas Silikon Roti / Kuas Silikon Mentega / Food Brush,kuke kuas silikon roti kuas silikon mentega food brush,1733221456,0.5248201201748198,1,False,0.16666666666666666
6826,22281,0,hard_neg,Multi Grill Pan/Alat Panggang Serbaguna,multi grill pan alat panggang serbaguna,2274223447,Maspion Ultra grill / Pemanggang / BBQ 25 cm Ultra Grill Maxim Alat Panggang,maspion ultra grill pemanggang bbq 25 cm ultra grill maxim alat panggang,1513043749,0.641826144982859,1,False,0.23076923076923078
14450,29876,0,hard_neg,\xe3\x80\x90GOGOMART\xe3\x80\x91Cover Anti Debu Pakaian Dustproof Organizer - PEVA,xe3 x80 x90gogomart xe3 x80 x91cover anti debu pakaian dustproof organizer peva,304293919,"\xe3\x80\x90 COD \xe3\x80\x91Braket Tali Kamera Pengikat Kamera Helm Hitam,Aksesoris Sepeda",xe3 x80 x90 cod xe3 x80 x91braket tali kamera pengikat kamera helm hitam aksesoris sepeda,1746993187,0.34268004297180193,1,False,0.1
10055,13847,0,hard_neg,Antiplaque toothpaste 180gr,antiplaque toothpaste 180gr,2193027132,Ciptadent Toothpaste Fresh Mint 120gr,ciptadent toothpaste fresh mint 120gr,1117850194,0.5485684101409315,1,True,0.14285714285714285
1196,10392,0,hard_neg,Lip Tint Implora Cheek & Liptint,lip tint implora cheek liptint,3627744656,Implora Deep Black Mascara Original BPOM,implora deep black mascara original bpom,220104288,0.30637508637036115,1,False,0.1
15179,26636,0,hard_neg,Asus Zenfone Max Pro (M1) ZB601KL ZB602K Max Pro (M2) ZB631KL Marble Ultra-Thin Tempered Glass Phone Case,asus zenfone max pro m1 zb601kl zb602k max pro m2 zb631kl marble ultra thin tempered glass phone case,4182884877,TEMPERED GLASS FULL LEM 6D ASUS ZENFONE MAX M2 ASUS ZB633KL,tempered glass full lem 6d asus zenfone max m2 asus zb633kl,3963173351,0.6647658860142138,1,True,0.3
16651,22524,0,hard_neg,Topi jepang masker topi pancing topi proyek topi kebun topi masker topi lapangan topi tentara jepang,topi jepang masker topi pancing topi proyek topi kebun topi masker topi lapangan topi tentara jepang,3995696136,Selimut Topi Karakter Selimut Topi Bayi,selimut topi karakter selimut topi bayi,2995677151,0.3097462995582825,1,False,0.09090909090909091
11838,16916,0,hard_neg,Pixy UV Whitening BB Cream 30ml,pixy uv whitening bb cream 30ml,675684152,Pixy UV Whitening Loose Powder,pixy uv whitening loose powder,3296667819,0.6366611241392638,1,False,0.375
19617,29720,0,hard_neg,Photo Paper / Kertas Foto / Kertas Photo V-Tec Vtec A4 210gsm Glossy,photo paper kertas foto kertas photo v tec vtec a4 210gsm glossy,2960385352,MINI STUDIO PHOTO PORTABLE / BOX LED FOTO PORTABLE PHOTOGRAPHY,mini studio photo portable box led foto portable photography,366263046,0.3549226625804925,1,False,0.125
5966,18886,0,hard_neg,SATOO Micro SD Card Reader OTG Micro USB For Smartphone Android & Tablet,satoo micro sd card reader otg micro usb for smartphone android tablet,4026078435,COD Adapter Converter OTG Micro USB Male to USB 2.0 Female untuk Smartphone Android BEST,cod adapter converter otg micro usb male to usb 2 0 female untuk smartphone android best,2502846087,0.5589068862347154,1,False,0.23809523809523808
17472,33809,0,hard_neg,Morinaga Chil Kid Platinum Stick Pack 12 \xc3\x97 16g Vanila,morinaga chil kid platinum stick pack 12 xc3 x97 16g vanila,1292218376,Chil Kid platinum vanila / madu 800gr,chil kid platinum vanila madu 800gr,249398264,0.4525922351251723,1,True,0.3076923076923077
20997,32250,0,hard_neg,SHARE IN JAR AVOSKIN HTE AVOSKIN REFINING TONER AVOSKIN RETINOL AMPOULE AVOSKIN RETINOL AMPOULE,share in jar avoskin hte avoskin refining toner avoskin retinol ampoule avoskin retinol ampoule,4291905065,AVOSKIN RETINOL TONER (NEW MIRACULOUS HOT PRODUCT),avoskin retinol toner new miraculous hot product,1268201436,0.7258880462182417,1,False,0.23076923076923078
6651,13760,0,hard_neg,Luminous Serum,luminous serum,2092002172,Whitening gold serum,whitening gold serum,729245491,0.3326404087334542,1,False,0.25
13723,18259,0,hard_neg,HP XIAOMI REDMI NOTE 9 4/64 GB - XIOMI MI NOT 9 RAM 4GB ROM 54GB GARANSI RESMI TAM,hp xiaomi redmi note 9 4 64 gb xiomi mi not 9 ram 4gb rom 54gb garansi resmi tam,2495896791,INFINIX HOT 9 RAM 4/128 GB GARANSI RESMI 1 TAHUN,infinix hot 9 ram 4 128 gb garansi resmi 1 tahun,761756277,0.3468411637263806,1,True,0.2608695652173913
28233,33302,0,hard_neg,TOPI JEPANG TOPI MASKER TOPI MANCING TOPI PROYEK TOPI KEBUN TOPI PETANI TOPI JEPANG MURAH,topi jepang topi masker topi mancing topi proyek topi kebun topi petani topi jepang murah,3995696136,Topi multifungsi/topi masker original/kuoluk lapangan,topi multifungsi topi masker original kuoluk lapangan,232333234,0.4564961897789666,1,False,0.16666666666666666
3617,25220,0,hard_neg,Lampu Natal Tirai LED Curtain Light | Tumblr Tirai Lampu,lampu natal tirai led curtain light tumblr tirai lampu,2639130835,Lampu Tumblr / Natal LED / Dekorasi / Twinkle Light [RAINBOW/RGB],lampu tumblr natal led dekorasi twinkle light rainbow rgb,1202056332,0.6558608253372877,1,False,0.45454545454545453
7163,19375,0,hard_neg,Kacamata paket frame+fhotocromic,kacamata paket frame fhotocromic,2438732135,[READY JATENG] KC 01 KACAMATA ANTI RADIASI  / KACAMATA FASHION / SUNGLASSES ANTI RADIASI FRAME,ready jateng kc 01 kacamata anti radiasi kacamata fashion sunglasses anti radiasi frame,3630992203,0.32491691023171154,1,False,0.16666666666666666
1449,2716,0,hard_neg,ORIGINAL AVOSKIN Miraculous Retinol Ampoule / Toner,original avoskin miraculous retinol ampoule toner,1268201436,"[SHARE] avoskin miraculous refining toner, avoskin miraculous retinol toner retinol serum",share avoskin miraculous refining toner avoskin miraculous retinol toner retinol serum,4291905065,0.9242650699698451,1,False,0.4444444444444444
16665,26905,0,hard_neg,GULA AREN PADAT 1 KG MURNI NIRA AREN ATAU ENAU DESA SILURAH GULA MERAH GULA AREN,gula aren padat 1 kg murni nira aren atau enau desa silurah gula merah gula aren,811831459,Gula Pasir Curah 1 Kg,gula pasir curah 1 kg,1434307469,0.646964509022625,1,False,0.21428571428571427
17666,31575,0,hard_neg,ACAK MOTIF WARNA Rak sepatu 4 susun / portable rack serbaguna,acak motif warna rak sepatu 4 susun portable rack serbaguna,2672555526,Rak Serbaguna Portable 5 Susun/Rak sepatu MOTIF dan POLOS 5 SUSUN L122,rak serbaguna portable 5 susun rak sepatu motif dan polos 5 susun l122,1124556741,0.7418353032718171,1,True,0.42857142857142855
28337,33714,0,hard_neg,MamaBear ZoyaMix Sereal Kedelai dengan daun Katuk Rasa Pisang,mamabear zoyamix sereal kedelai dengan daun katuk rasa pisang,1680535208,Afis Life Susu Bubuk Kedelai Kacang Hijau Plus Daun Katuk Original Pelancar Asi Booster,afis life susu bubuk kedelai kacang hijau plus daun katuk original pelancar asi booster,2358586852,0.44352268718259225,1,False,0.15
3414,19435,0,hard_neg,TRIPOD SPIDER / MINI TRIPOD SPIDER / TRIPOD / TRIPOD HP / TRIPOD SPIDER + HOLDER U / TRIPOD MURAH,tripod spider mini tripod spider tripod tripod hp tripod spider holder u tripod murah,1883126923,"TRIPOD HANPHONE,BISA BUAT KAMERA,TRIPOD 3110/3120  (BISA COD)",tripod hanphone bisa buat kamera tripod 3110 3120 bisa cod,168222130,0.3227546446421027,1,False,0.07142857142857142
2253,7382,0,hard_neg,Wadimor Sarung Tenun Motif Jacquard Mascot,wadimor sarung tenun motif jacquard mascot,3925735308,Sarung Wadimor Motif Padang,sarung wadimor motif padang,183398877,0.548370206125722,1,False,0.42857142857142855
9218,20960,0,hard_neg,Samsung Galaxy Tab A 10.1 A10 2019 T515 Leather Flip Book Cover Case Casing Sarung Kesing Pelindung,samsung galaxy tab a 10 1 a10 2019 t515 leather flip book cover case casing sarung kesing pelindung,1326839792,Leather Apple Case,leather apple case,2170108313,0.33837060490067994,1,False,0.10526315789473684
7757,22121,0,hard_neg,NEW LIPTINT IMPLORA / IMPLORA CHEEK & LIPTINT,new liptint implora implora cheek liptint,3627744656,liptint sasimi karakter doraemon dan hellokitty original sweet liptint,liptint sasimi karakter doraemon dan hellokitty original sweet liptint,1187474281,0.43724908712986654,1,False,0.09090909090909091
11576,18123,0,hard_neg,Daster arab zeera savira,daster arab zeera savira,2040424215,SABUN ARAB PYARY ORI / ARAB SOAP ORIGINAL,sabun arab pyary ori arab soap original,2453621296,0.34567462943933686,1,False,0.1111111111111111
8516,24113,0,hard_neg,grosir_solo || MOORA LONG TUNIK || TUNIK POLOS BELAH SAMPING,grosir solo moora long tunik tunik polos belah samping,3585284594,Vania tunik,vania tunik,987184881,0.5336251946700058,1,False,0.1111111111111111
16630,26746,0,hard_neg,Kasus Shockproof Kasing Telepon Trunk Soft Case iPhone 11 Pro Max XS XR X 6 6s 7 8 Plus,kasus shockproof kasing telepon trunk soft case iphone 11 pro max xs xr x 6 6s 7 8 plus,1632241419,Iphone X / XS / XR /XS Max / 6 / 7 / 8 Plus Iphone 11 Leather Case Silicone Case Leather Premium,iphone x xs xr xs max 6 7 8 plus iphone 11 leather case silicone case leather premium,157783767,0.5218578486509239,1,False,0.5
10392,21331,0,hard_neg,Implora Deep Black Mascara Original BPOM,implora deep black mascara original bpom,220104288,ORI BPOM Implora Cheek & Liptint ( Lip Tint ),ori bpom implora cheek liptint lip tint,3627744656,0.4751183728788298,1,False,0.18181818181818182
18020,32004,0,hard_neg,Luminous glowing serum / serum luminous ms glow / serum luminous msglow,luminous glowing serum serum luminous ms glow serum luminous msglow,2092002172,MS glow Dark spot serum,ms glow dark spot serum,3512233465,0.7422072071925264,1,False,0.375
12102,30940,0,hard_neg,Little Musician - Mainan Piano Edukasi Anak - Alat Musik - Instrument,little musician mainan piano edukasi anak alat musik instrument,2065800266,ANIMAL FARM PIANO MAINAN BAYI /PIANO ANIMAL FARM,animal farm piano mainan bayi piano animal farm,226461911,0.39538930811602163,1,False,0.16666666666666666
11131,32600,0,hard_neg,Ready! Caplang Eagle Eucalyptus disinfectan spray 280ml,ready caplang eagle eucalyptus disinfectan spray 280ml,825845944,Eagle eucalyptus Disinfectant Spray ori dan murah,eagle eucalyptus disinfectant spray ori dan murah,1794962291,0.8900255603229968,1,False,0.2727272727272727
21516,27047,0,hard_neg,IKILOSHOP Garlic Grater Alat Penghalus Bawang Parutan Bawang Jahe Onion,ikiloshop garlic grater alat penghalus bawang parutan bawang jahe onion,290747084,[COD] PARUTAN BAWANG - PERAJANG BAWANG,cod parutan bawang perajang bawang,1190530548,0.7662254986497177,1,False,0.18181818181818182
8131,31180,0,hard_neg,HEADSET BLUETOOTH WIRELESS i11 TWS 5.0 TOUCH CONTROL,headset bluetooth wireless i11 tws 5 0 touch control,3527300842,Handsfree Headset Bluetooth Wireless Magnet Magnetic Sporty,handsfree headset bluetooth wireless magnet magnetic sporty,1744240905,0.6031501726772099,1,False,0.23076923076923078
1659,28512,0,hard_neg,Extra Bubble Wrap,extra bubble wrap,4198148727,KUACI KUPAS MOLA 50GR (GROSIR) All Variants Bubble Wrap,kuaci kupas mola 50gr grosir all variants bubble wrap,4064895629,0.4578155897114733,1,False,0.2
17584,20872,0,hard_neg,SEPATU SLIP ON PRIA Panarybody,sepatu slip on pria panarybody,2768827468,Sepatu Slip On Wanita MD,sepatu slip on wanita md,149330795,0.5012666684863757,1,False,0.42857142857142855
16474,23533,0,hard_neg,Nivea Extra White Radiant & Smooth Body Serum 180ml Original,nivea extra white radiant smooth body serum 180ml original,2628044511,Nivea Extra White Radiant & Smooth Cream 100ml,nivea extra white radiant smooth cream 100ml,3116815297,0.7409947697708062,1,True,0.45454545454545453
7018,12358,0,hard_neg,Thea overall jeans,thea overall jeans,1122805688,1KG BISA 3PCS | SABRINA OVERALL JEANS / SHABBY OVERALL JEANSWASH,1kg bisa 3pcs sabrina overall jeans shabby overall jeanswash,2503678222,0.5879390517134471,1,False,0.2222222222222222
4757,12158,0,hard_neg,[Original] Rexona Men Deodorant Deo Peria Roll on Ice Cool 45ml Anti Bakteri,original rexona men deodorant deo peria roll on ice cool 45ml anti bakteri,2262519406,Rexona Men Deodorant Roll On Active White 45ml Anti Bakteri,rexona men deodorant roll on active white 45ml anti bakteri,1684181226,0.9168007095590859,1,False,0.5333333333333333
10803,23786,0,hard_neg,CELANA JEANS PRIA,celana jeans pria,3407470422,MJ bisa COD| Celana Panjang Skinny Jeans Wanita Jumbo Modis Cewek,mj bisa cod celana panjang skinny jeans wanita jumbo modis cewek,1436359807,0.6052403597317626,1,False,0.16666666666666666
8962,17299,0,hard_neg,uzmi - Stiker Aimi Kpop BTS BT21 3D,uzmi stiker aimi kpop bts bt21 3d,1261987196,Gelang BTS Karakter BT21 Kpop,gelang bts karakter bt21 kpop,3228441096,0.4975225687213622,1,True,0.3333333333333333
10379,24398,0,hard_neg,Wardah Refill Lightening BB Cake Powder 03 Natural 11 g,wardah refill lightening bb cake powder 03 natural 11 g,2889392509,Wardah Lightening Two Way Cake,wardah lightening two way cake,1563437474,0.6650433104497818,1,False,0.25
5126,18068,0,hard_neg,Koepoe koepoe Lada Putih 1000 gr,koepoe koepoe lada putih 1000 gr,1422811788,Koepoe Koepoe Jinten Bubuk 32gr,koepoe koepoe jinten bubuk 32gr,2240256258,0.7487484331983562,1,True,0.125
171,873,0,hard_neg,Charger OPPO Original Fast Charging Micro USB,charger oppo original fast charging micro usb,891306773,Travel Charger casan Xiaomi Fast Charging Xiaomi Charger - Xiaomi Fast,travel charger casan xiaomi fast charging xiaomi charger xiaomi fast,4220805733,0.6551256484101546,1,False,0.3
16606,17340,0,hard_neg,wini maxy dress/dress cantik,wini maxy dress dress cantik,2932987408,FITRI DRESS MAXY BORDIR,fitri dress maxy bordir,4217461500,0.7395711837623321,1,False,0.3333333333333333
3823,12368,0,hard_neg,Masker kain bahan kaos tebal 2 lapis berkantong bisa diisi tisu hijab non hijab tali panjang nyaman,masker kain bahan kaos tebal 2 lapis berkantong bisa diisi tisu hijab non hijab tali panjang nyaman,3097344893,"MAKSER hijab dan non jilbab BAHAN MOUSECREPE, TALI KARET X dan U",makser hijab dan non jilbab bahan mousecrepe tali karet x dan u,69531814,0.3574467633516898,1,False,0.17391304347826086
6806,22121,0,hard_neg,Implora Cheek & Liptint - Implora Liptint - Lip Tint Implora,implora cheek liptint implora liptint lip tint implora,3627744656,liptint sasimi karakter doraemon dan hellokitty original sweet liptint,liptint sasimi karakter doraemon dan hellokitty original sweet liptint,1187474281,0.447370610059992,1,False,0.08333333333333333
9506,31703,0,hard_neg,Miranda Keratin Protein Treatment,miranda keratin protein treatment,343893984,Hana Emas 1 Kg [ Terigu Protein Rendah ],hana emas 1 kg terigu protein rendah,4031639568,0.3155256297968335,1,False,0.1
12873,27876,0,hard_neg,Boci Baso Aci,boci baso aci,2363117516,BASO ACI JENCIL KHAS GARUT BUMBU REMPAH baso aci garut enak gurih pedas,baso aci jencil khas garut bumbu rempah baso aci garut enak gurih pedas,4271359781,0.4687677780744675,1,False,0.18181818181818182
4374,19528,0,hard_neg,RENATA DRESS,renata dress,1529681595,9 Varian warna ll Renata maxi/ Renata dress muslim,9 varian warna ll renata maxi renata dress muslim,3385944896,0.9018530845782102,1,False,0.25
16174,20508,0,hard_neg,(BISA COD 28-34) Celana Panjang Karet Cutbray Jeans Cewek Wanita JSK JEANS  /Jeanswanita/Celanajeans,bisa cod 28 34 celana panjang karet cutbray jeans cewek wanita jsk jeans jeanswanita celanajeans,326080737,Celana Panjang Jeans Wanita / Skinny Jeans / Jeans Strech / Jeans Murah / Jeans Wanita,celana panjang jeans wanita skinny jeans jeans strech jeans murah jeans wanita,1436359807,0.7444227054702576,1,False,0.23529411764705882
10663,34010,0,hard_neg,JEPITAN GORENGAN / PENJEPIT GORENGAN TAHAN PANAS TERMURAH !! [ 100 GR],jepitan gorengan penjepit gorengan tahan panas termurah 100 gr,3814322323,JEPITAN GORENGAN DENGAN TIRISAN MINYAK [TEBAL] TERMURAH !!,jepitan gorengan dengan tirisan minyak tebal termurah,1221129663,0.6659129441153969,1,False,0.25
1583,15755,0,hard_neg,Jinten bubuk caraway powder 32 gr koepoe koepoe,jinten bubuk caraway powder 32 gr koepoe koepoe,2240256258,Pewarna Putih Opaque Koepoe Koepoe 50gr,pewarna putih opaque koepoe koepoe 50gr,663992990,0.5004274415221737,1,True,0.09090909090909091
29677,32936,0,hard_neg,790 - LAMEILA - Mascara ( Red black),790 lameila mascara red black,1888739764,IMPLORA Deep Black MASCARA ORIGINAL BPOM TERMURAH,implora deep black mascara original bpom termurah,220104288,0.4382277957706944,1,False,0.2
4456,17256,0,hard_neg,Sikat Botol susu Bayi 2in1 NINIO Sikat Spon pembersih botol susu bayi,sikat botol susu bayi 2in1 ninio sikat spon pembersih botol susu bayi,1659847084,Ninio Training Cup 3 in 1 Botol Susu Bayi Gelas Training / Gelas Minum Anak / Straw Cup / Spout Cup,ninio training cup 3 in 1 botol susu bayi gelas training gelas minum anak straw cup spout cup,1000644922,0.4429319220378315,1,True,0.2222222222222222
11465,27798,0,hard_neg,GooN Smile Baby Pants S 40 M 34 L 30 XL 26 Popok Celana S40 M34 L30 XL26,goon smile baby pants s 40 m 34 l 30 xl 26 popok celana s40 m34 l30 xl26,986496525,Sweety Silver Pants BOYS GIRLS M30 L28 XL26 XXL24 popok celana baby diapers M 30 L 28 XL 26 BOY GIRL,sweety silver pants boys girls m30 l28 xl26 xxl24 popok celana baby diapers m 30 l 28 xl 26 boy girl,2808026978,0.5903184511894711,1,True,0.3448275862068966
2084,5975,0,hard_neg,sepatu convers,sepatu convers,1964914740,SEPATU mizo/SEPATU MURAH/SEPATU SNAKRES/SEPATU OLAH RAGA/SEPATU RUNNING/SEPATU ADIDAS,sepatu mizo sepatu murah sepatu snakres sepatu olah raga sepatu running sepatu adidas,784759211,0.4163165949856904,1,False,0.1111111111111111
16387,16847,0,hard_neg,[1 SACHET] MamaBear MAMA BEAR Zoya Mix Kedelai Minuman Pelancar Asi Booster ZoyaMix Soya Mix Coklat,1 sachet mamabear mama bear zoya mix kedelai minuman pelancar asi booster zoyamix soya mix coklat,148719785,MamaBear Soya Mix box // Mama Bear Zoya Mix Minuman Pelancar ASI Soyamix Zoyamix 200gr ASI booster,mamabear soya mix box mama bear zoya mix minuman pelancar asi soyamix zoyamix 200gr asi booster,1680535208,0.8463559772916522,1,True,0.6111111111111112
393,26133,0,hard_neg,Samsung Galaxy S20 - Cloud Blue,samsung galaxy s20 cloud blue,112997688,SAMSUNG GALAXY A10s 2/32GB,samsung galaxy a10s 2 32gb,3140148174,0.4363745886739576,1,True,0.25
18754,25102,0,hard_neg,Chilkid / Chilschool Reguler 1600 gr Madu/Vanila (KEMASAN BARU),chilkid chilschool reguler 1600 gr madu vanila kemasan baru,2338504085,CHILKID REGULER  - 800gr - VANILA / MADU,chilkid reguler 800gr vanila madu,1701800073,0.7949779321423789,1,True,0.4
1583,25831,0,hard_neg,Jinten bubuk caraway powder 32 gr koepoe koepoe,jinten bubuk caraway powder 32 gr koepoe koepoe,2240256258,Lada putih 1kg kopepoe koepoe,lada putih 1kg kopepoe koepoe,1422811788,0.5453903650301797,1,True,0.09090909090909091
10184,19259,0,hard_neg,Balon PVC 24 Inch,balon pvc 24 inch,872590173,Balon Pastel Perpack 12 INCH,balon pastel perpack 12 inch,298475141,0.38338439452927364,1,True,0.2857142857142857
7357,8288,0,hard_neg,[SHINING] Peel Off Charcoal Mask / Original BPOM,shining peel off charcoal mask original bpom,607127945,HANASUI NATURGO Lightening Peel Off Face mask Masker Peel-off Wajah 10 gr Original BPO,hanasui naturgo lightening peel off face mask masker peel off wajah 10 gr original bpo,3962524495,0.6235393150262606,1,False,0.25
11307,32269,0,hard_neg,Pelampung Tiup Bentuk Cincin Mini untuk Mainan,pelampung tiup bentuk cincin mini untuk mainan,2214693484,Cincin Vintage Motif Hati Warna Gold / Silver untuk Wanita,cincin vintage motif hati warna gold silver untuk wanita,4052306734,0.42070998713622054,1,False,0.14285714285714285
5900,13653,0,hard_neg,Selimut Karakter Motif Dewasa A 130x180 cm,selimut karakter motif dewasa a 130x180 cm,1759082982,Selimut karakter 3D selimut topi bayi,selimut karakter 3d selimut topi bayi,2995677151,0.3476924897867246,1,True,0.2
13750,20737,0,hard_neg,KAOS POLOS COTTON COMBED 30s - Size S M L XL - PENDEK - Warna Misty - Katun,kaos polos cotton combed 30s size s m l xl pendek warna misty katun,3701980774,Kaos Kaki Pendek Warna Polos,kaos kaki pendek warna polos,1279238330,0.593920210741374,1,False,0.26666666666666666
2579,4680,0,hard_neg,(1 kG MUAT 2PC) G1415 1575 E182 14271 BQJ2600 HANDBAG/TAS WANITA FASHION BATAM IMPORT,1 kg muat 2pc g1415 1575 e182 14271 bqj2600 handbag tas wanita fashion batam import,2050565864,TAS IMPORT TAS FASHION TAS BATAM MURAH TAS WANITA ( PROMO ),tas import tas fashion tas batam murah tas wanita promo,2298619633,0.47321521397822025,1,False,0.29411764705882354
2916,31156,0,hard_neg,Mousepad Mouse Pad Gaming Super besar 300 x 700 mm bermotif,mousepad mouse pad gaming super besar 300 x 700 mm bermotif,3886786784,mousepad gaming hunter/ x88,mousepad gaming hunter x88,3268950669,0.6766244297949765,1,True,0.15384615384615385
2133,23957,0,hard_neg,Lampu Stop Proji Rainbow,lampu stop proji rainbow,706174719,MFcollection - Tshirt Rainbow List (Kaos Pelangi),mfcollection tshirt rainbow list kaos pelangi,2723867521,0.41148019757299087,1,False,0.1111111111111111
10454,30617,0,hard_neg,Sandal gunung carvil bimo 28-37,sandal gunung carvil bimo 28 37,3270395407,Carvil Sandal Sponge Pria Jiran-M Brown,carvil sandal sponge pria jiran m brown,4062511403,0.40410483072832176,1,False,0.18181818181818182
23985,29313,0,hard_neg,New Arrival Tas Pria Mini Pushop Keren dan Elegan Grosiran Murah,new arrival tas pria mini pushop keren dan elegan grosiran murah,71498931,New Arrival Sepatu Sneakers Pria A VANO 10,new arrival sepatu sneakers pria a vano 10,198551902,0.35223353478172376,1,False,0.1875
13933,24183,0,hard_neg,CABLE BASEUS NIMBLE USB TYPE C 23CM 2A FAST CHARGING ORIGINAL,cable baseus nimble usb type c 23cm 2a fast charging original,2183454261,Fast Charger LED Light Micro USB / Type-C QC 3.0 Charging Cable iPhone Cable,fast charger led light micro usb type c qc 3 0 charging cable iphone cable,1002199397,0.5561713218311359,1,True,0.3157894736842105
16156,23598,0,hard_neg,Kain Katun Toyobo Kain Toyobo Kualitas Bagus Murahh,kain katun toyobo kain toyobo kualitas bagus murahh,2057938818,Kain Rayon Katun Rayon Kualitas Bagus Eceran Meteran,kain rayon katun rayon kualitas bagus eceran meteran,950582004,0.5122843914695113,1,False,0.4444444444444444
5001,12484,0,hard_neg,Makanan kucing meo creamy treats / snack kucing,makanan kucing meo creamy treats snack kucing,2318365193,Friskies Party Mix - Snack Kucing,friskies party mix snack kucing,449372701,0.629396425823447,1,False,0.2222222222222222
2493,9969,0,hard_neg,Sweety silver pants boy and girl M30/L28/XL26,sweety silver pants boy and girl m30 l28 xl26,3953263396,Sweety Bronze Pants M58 L52 XL42,sweety bronze pants m58 l52 xl42,24168270,0.3020403190422804,1,True,0.15384615384615385
4727,20181,0,hard_neg,\xe2\x9c\x85COD Bubble Wrap Packing Tambahan Jam Tangan,xe2 x9c x85cod bubble wrap packing tambahan jam tangan,2837888168,EXTRA Plastik bubble (bubble wrap) untuk packing tambahan buble,extra plastik bubble bubble wrap untuk packing tambahan buble,4198148727,0.5702820641175564,1,False,0.3076923076923077
11342,22487,0,hard_neg,Hlg Cetakan Semen Reusable Bahan Batu,hlg cetakan semen reusable bahan batu,3482149149,CCG Cetakan Bakso Bahan Stainless Anti Lengket,ccg cetakan bakso bahan stainless anti lengket,2754788305,0.3827707120407101,1,False,0.18181818181818182
4255,8894,0,hard_neg,Dress Kerut Pendek Dewasa (PILIH WARNA DAN MOTIF),dress kerut pendek dewasa pilih warna dan motif,1223373872,PIYAMA HP ( LENGAN PENDEK+CELANA PENDEK ) MOTIF KARAKTER,piyama hp lengan pendek celana pendek motif karakter,3408803971,0.5176718170761793,1,False,0.15384615384615385
1762,27963,0,hard_neg,"BAWANG MERAH GORENG 200 Gram, BAWANG PUTIH GORENG 200Gr, BAWANG GORENG 200Gr, BAWANG NON PENGAWET",bawang merah goreng 200 gram bawang putih goreng 200gr bawang goreng 200gr bawang non pengawet,1236048845,Bawang merah,bawang merah,731755076,0.6557238984861447,1,False,0.2222222222222222
320,29287,0,hard_neg,FACIAL WASH NORMAL( THERASKIN),facial wash normal theraskin,4271585410,cream malam glowing 1 theraskin,cream malam glowing 1 theraskin,1146205648,0.31285897508708466,1,False,0.125
19630,25308,0,hard_neg,( FREE TUSPIN ) JILBAB INSTAN SEGI DEQIARA / JILBAB SEGITIGA BOLAK BALIK,free tuspin jilbab instan segi deqiara jilbab segitiga bolak balik,2008989859,"Jilbab Voal Motif Premium Masker Instan , Hijab Masker Premium Instan , Harga Grosir Termurah !!!",jilbab voal motif premium masker instan hijab masker premium instan harga grosir termurah,2410084117,0.41428393991969353,1,False,0.11764705882352941
5503,7693,0,hard_neg,[SALE] Hijab Voal Motif Art Premium Square Lasercut Kerudung Segi empat Motif Jilbab Grosir Murah,sale hijab voal motif art premium square lasercut kerudung segi empat motif jilbab grosir murah,3547938707,Hiajb segi empat motif,hiajb segi empat motif,447008477,0.34920511738057636,1,False,0.2
20682,26624,0,hard_neg,BATERAI Samsung J1 J2 J5 J1 ACE CHAMP LAKOTA GRAND 2 GRAND NEO YOUNG 2 J2 PRIME S5820 G313 V,baterai samsung j1 j2 j5 j1 ace champ lakota grand 2 grand neo young 2 j2 prime s5820 g313 v,2620666302,"Anti crack soft Samsung J1 2015,J1 2016,J1 Ace,J2 2015,Pro,J2 Core,J2 Prime/Grand Prime,J3 2015/2016",anti crack soft samsung j1 2015 j1 2016 j1 ace j2 2015 pro j2 core j2 prime grand prime j3 2015 2016,3717044186,0.3181129870938012,1,True,0.25
18043,33660,0,hard_neg,Celana Chino panjang pria 28 sd 34 original ELDR,celana chino panjang pria 28 sd 34 original eldr,2712789376,Celana cargo panjang loreng original ELDR 30 sd 36,celana cargo panjang loreng original eldr 30 sd 36,165773429,0.7465798478930524,1,True,0.38461538461538464
18134,24223,0,hard_neg,CELANA PANJANG TRAINING TERMURAH,celana panjang training termurah,2065073080,Celana training pendek pria / wanita / training pendek / trening / kolor,celana training pendek pria wanita training pendek trening kolor,1423655715,0.6625321140695801,1,False,0.2222222222222222
8943,24451,0,hard_neg,Fuze realme c1 c2 c3 u1 2 2 pro 3 pro 5 5i 5s pro 6 pro x xt c11 c15 c12 x2 pro narzo CS882,fuze realme c1 c2 c3 u1 2 2 pro 3 pro 5 5i 5s pro 6 pro x xt c11 c15 c12 x2 pro narzo cs882,2974535963,Soft Case TPU Motif We Bare Bears Lucu dengan PopSocket untuk Realme 7 7i 5i C15 C12 C17 C11 C2 C3 3 3i 5 6 C1 C3i 5 5S U1 X2 XT Q 6i 2 X2 5 PRO Narzo 20 PRO 10 10A 20A VIVO Y12 Y30 Y15 Y17 Y93 Y95 OPPO A31 2020 A9 A5 2020 A7 A5S A12,soft case tpu motif we bare bears lucu dengan popsocket untuk realme 7 7i 5i c15 c12 c17 c11 c2 c3 3 3i 5 6 c1 c3i 5 5s u1 x2 xt q 6i 2 x2 5 pro narzo 20 pro 10 10a 20a vivo y12 y30 y15 y17 y93 y95 oppo a31 2020 a9 a5 2020 a7 a5s a12,2126962532,0.46051668563498743,1,True,0.3103448275862069
1489,4680,0,hard_neg,JK C8048 1KG MUAT 2PCS 415 TAS FASHION WANITA IMPORT E282 U3600 - Y220421 T575 Z5270 P9977,jk c8048 1kg muat 2pcs 415 tas fashion wanita import e282 u3600 y220421 t575 z5270 p9977,2050565864,TAS IMPORT TAS FASHION TAS BATAM MURAH TAS WANITA ( PROMO ),tas import tas fashion tas batam murah tas wanita promo,2298619633,0.31195409645941563,1,False,0.21052631578947367
1766,17555,0,hard_neg,"Celana Dalam Pria Boxer Rajut - MR DAX UK L,XL",celana dalam pria boxer rajut mr dax uk l xl,835765986,Cd boxer - boxer pria - celana dalam boxer pria - celana dalam pria - cd pria - cd cowok,cd boxer boxer pria celana dalam boxer pria celana dalam pria cd pria cd cowok,904086103,0.851661676520813,1,False,0.3333333333333333
27098,27367,0,hard_neg,Baby Safe Teether Bayi / Baby Safe Gigitan Bayi,baby safe teether bayi baby safe gigitan bayi,2720138789,BABY TOOTH FRUIT TEETHER / GIGITAN BAYI MODEL BUAH BABY SILICONE FRUITS TEETHER,baby tooth fruit teether gigitan bayi model buah baby silicone fruits teether,3326267479,0.7302885682206355,1,False,0.36363636363636365
9549,13292,0,hard_neg,Bandana Bando Handuk - Bando Mandi - Bando Rambut Korea Fashion - Motif Random,bandana bando handuk bando mandi bando rambut korea fashion motif random,1449419742,Headband Bandana/ Bando Mandi,headband bandana bando mandi,353612559,0.6806879475026294,1,False,0.3
26133,33228,0,hard_neg,SAMSUNG GALAXY A10s 2/32GB,samsung galaxy a10s 2 32gb,3140148174,Samsung Galaxy Tab A 8.0 2019 T295 2/32 GB - Garansi Resmi,samsung galaxy tab a 8 0 2019 t295 2 32 gb garansi resmi,2573626714,0.683788764252814,1,True,0.2
6995,23045,0,hard_neg,HEART SWEATER HOODIE (MOCCA) - PAKAIAN WANITA -  SWEATER HOODIE WANITA - ATASAN WANITA,heart sweater hoodie mocca pakaian wanita sweater hoodie wanita atasan wanita,4170748231,Sweater Stussy Helvetica Hoodie Pria Fit L,sweater stussy helvetica hoodie pria fit l,3974895766,0.5746689610860879,1,False,0.16666666666666666
13760,21603,0,hard_neg,Whitening gold serum,whitening gold serum,729245491,FAIR N PINK WHITENING BODY SERUM 160ml,fair n pink whitening body serum 160ml,3703315251,0.6663434840049424,1,False,0.25
4637,17203,0,hard_neg,MS Glow Dark Spot Serum,ms glow dark spot serum,3512233465,SERUM LUMINOUS by MS GLOW,serum luminous by ms glow,2092002172,0.6645888722984505,1,False,0.42857142857142855
13844,14876,0,hard_neg,MAXIM TOOLS MTSHARP KNIFE SHARPENER RED Ter MUrah di Surabaya,maxim tools mtsharp knife sharpener red ter murah di surabaya,4081657978,[Mizan Surabaya] Arah Musim,mizan surabaya arah musim,1264436581,0.33188414795870674,1,False,0.07692307692307693
7324,29609,0,hard_neg,Airnderm Cleansing Milk 100ML,airnderm cleansing milk 100ml,3216769417,Acnes Natural Care - Facial Care Oil Control Toner 100ML - Powder Lotion 100ML - Milk Cleanser 110ML,acnes natural care facial care oil control toner 100ml powder lotion 100ml milk cleanser 110ml,1176059503,0.3599021464808075,1,True,0.13333333333333333
13175,16253,0,hard_neg,MS GLOW DARK SPOT SERUM,ms glow dark spot serum,3512233465,Serum luminous ms original ms glow,serum luminous ms original ms glow,2092002172,0.6526533232821613,1,False,0.42857142857142855
24854,24953,0,hard_neg,Rak Sepatu Portable 4 Susun / Rak Serbaguna Portable / Kotak Sepatu 4 Susun,rak sepatu portable 4 susun rak serbaguna portable kotak sepatu 4 susun,4138545452,Rak Susun Yoyo Portabel 4 susun,rak susun yoyo portabel 4 susun,2323091356,0.5172751048680597,1,False,0.3333333333333333
9296,14923,0,hard_neg,KEMEJA STRIPES - DIJAMIN BAGUS KEMEJA SALUR PRIA LENGAN PENDEK KEMEJA STRIPE,kemeja stripes dijamin bagus kemeja salur pria lengan pendek kemeja stripe,4225771503,KEMEJA STRIPE MEN LENGAN PENDEK [HITAM][NAVY][MAROON][HIJAU],kemeja stripe men lengan pendek hitam navy maroon hijau,2231587178,0.7196958528483408,1,False,0.2857142857142857
9122,15089,0,hard_neg,sepatu converse allstar special edition,sepatu converse allstar special edition,1433052436,sepatu autentic era authentic casual pria snekers clasic denim limited edition,sepatu autentic era authentic casual pria snekers clasic denim limited edition,3344191082,0.4623066848595058,1,False,0.14285714285714285
13128,27311,0,hard_neg,mj88999 - dompet pendek wanita D09 forever young,mj88999 dompet pendek wanita d09 forever young,4108633698,BBBC Dompet Wanita Kecil Forever Young For 030 Dompet Wanita Murah Dompet Kekinian Import,bbbc dompet wanita kecil forever young for 030 dompet wanita murah dompet kekinian import,3570782259,0.3661793127979793,1,True,0.2857142857142857
20881,26422,0,hard_neg,Celana Pendek Tactical,celana pendek tactical,2454057466,Celana pendek pria wanita/traening,celana pendek pria wanita traening,1423655715,0.39926565899656713,1,False,0.3333333333333333
20506,28925,0,hard_neg,PIXY UV WHITENING TWO WAY CAKE PERFECT LAST REFIL,pixy uv whitening two way cake perfect last refil,2474481966,Marcks Venus Two Way Cake,marcks venus two way cake,3156637582,0.405743474441927,1,False,0.2727272727272727
1099,15811,0,hard_neg,Masker Anak Kain Katun 3-Ply Motif Kartun,masker anak kain katun 3 ply motif kartun,1822865877,STATIONARY SET FREE BAG / SET ALAT TULIS ANAK SEKOLAH MOTIF KARTUN.,stationary set free bag set alat tulis anak sekolah motif kartun,2885860487,0.35848712448842357,1,False,0.2
2807,12640,0,hard_neg,GPJ - Jam Tangan Wanita Murah D1or DR001,gpj jam tangan wanita murah d1or dr001,469790690,Jam Tangan Geneva Rubber / Jam Tangan Wanita Geneva Karet Bagus,jam tangan geneva rubber jam tangan wanita geneva karet bagus,16933527,0.32619444706954115,1,False,0.2727272727272727
13360,23456,0,hard_neg,[DIST RESMI] Beauty Water Face 100ml by POUPEEPOU BOTOL SPRAY,dist resmi beauty water face 100ml by poupeepou botol spray,1660891906,Botol Minum New B Sports Spray Water Bottle 600ml,botol minum new b sports spray water bottle 600ml,4166965007,0.35696125010449764,1,True,0.1875
4217,9273,0,hard_neg,JG463 COD Munafie Celana Dalam Pria Segitiga Munafie Underwear Murah Produk Import,jg463 cod munafie celana dalam pria segitiga munafie underwear murah produk import,3474225085,ATASAN MUNAFIE /BAJU MUNAFIE/ MUNAFIE BAJU KORSET ORIGINAL SLIM CLOTH,atasan munafie baju munafie munafie baju korset original slim cloth,3230965030,0.47681156615996756,1,False,0.058823529411764705
7287,25124,0,hard_neg,NEW Promo Jilbab / Hijab Pashmina KARET Instan Diamond Jumbo - Kerudung Instan Pashmina,new promo jilbab hijab pashmina karet instan diamond jumbo kerudung instan pashmina,104602349,DEQIARA JILBAB SEGITIGA BOBAL DIAMOND / HIJAB SEGI TIGA BOBAL KOMBINASI,deqiara jilbab segitiga bobal diamond hijab segi tiga bobal kombinasi,2008989859,0.46735408354397634,1,False,0.1875
23409,32886,0,hard_neg,Saringan Filter Keran Air Kran - Water Filter Purifier / Faucet Filter,saringan filter keran air kran water filter purifier faucet filter,2089518928,ZERNII SARINGAN FILTER KERAN AIR ZERNII,zernii saringan filter keran air zernii,832239361,0.6428598285653554,1,False,0.4444444444444444
27125,29235,0,hard_neg,Wippy Cream Haan 200 gr / Whipped Cream,wippy cream haan 200 gr whipped cream,2198349260,CREAM LIPATAN,cream lipatan,3855092404,0.31582733158566745,1,False,0.14285714285714285
16018,25824,0,hard_neg,XIAOMI REDMI 8 4/64 RAM 4GB INTERNAL 64GB GARANSI RESMI TAM,xiaomi redmi 8 4 64 ram 4gb internal 64gb garansi resmi tam,3783430560,Xiaomi Redmi Note 9 4GB/64GB - 6GB/128GB - Note 9 PRO - Garansi Resmi,xiaomi redmi note 9 4gb 64gb 6gb 128gb note 9 pro garansi resmi,2495896791,0.8530829715610151,1,True,0.35294117647058826
22904,22948,0,hard_neg,MICRO USB REALME KABEL DATA MICRO USB ORIGINAL 2A,micro usb realme kabel data micro usb original 2a,1741983212,JM OTG Non Kabel Micro (V8) / OTG Android Non Kabel Smart Mini Pack Kit On The Go Micro Usb Port,jm otg non kabel micro v8 otg android non kabel smart mini pack kit on the go micro usb port,512890289,0.42196861983304895,1,True,0.15
1885,14218,0,rand_neg,Lifebuoy Hand Wash Botol 200 mL Pump HandWash Sabun Cuci Tangan Cair Hand Soap,lifebuoy hand wash botol 200 ml pump handwash sabun cuci tangan cair hand soap,281151013,Disinfektan Saniter 200ml,disinfektan saniter 200ml,2110927214,0.3019389865124745,1,False,0.0
18252,31633,0,hard_neg,"b""GAMIS SYARI / JILBAB 2 LAYER / JUMBO UKURAN L - XL - XXL / SET MURAH / BUSUI / DRESS (MAYRA SYAR'i )""",b gamis syari jilbab 2 layer jumbo ukuran l xl xxl set murah busui dress mayra syar i,3093122317,GAMIS JUMBO UKURAN L - XL - XXL  / GAMIS MURAH / GAMIS BUSUI / POLOS / GAMIS SYARI ( RENATA DRESS ),gamis jumbo ukuran l xl xxl gamis murah gamis busui polos gamis syari renata dress,3385944896,0.8123607755400561,1,False,0.5
4097,17416,0,hard_neg,FLATSHOES KODORAI,flatshoes kodorai,179570104,FLATSHOES JELLYSHOES MODEL RAJUT TREPES 007,flatshoes jellyshoes model rajut trepes 007,2565533507,0.3691087291675075,1,False,0.14285714285714285
2849,4374,0,hard_neg,RENATA DRESS PREMIUM / SUPER MURAH / BAHAN BALOTELLI / FASHION MUSLIM / KONVEKSI.TERMURAH,renata dress premium super murah bahan balotelli fashion muslim konveksi termurah,3385944896,RENATA DRESS,renata dress,1529681595,0.5741094305458138,1,False,0.18181818181818182
22059,28382,0,hard_neg,MUKENA ANAK FROZEN TAS SAJADAH,mukena anak frozen tas sajadah,1569494229,DRES SCUBA ANAK FROZEN,dres scuba anak frozen,2540714133,0.6351224405944361,1,False,0.2857142857142857
15841,26976,0,hard_neg,CAP LANG EAGLE EUCALYPTUS DISINFECTANT SPRAY,cap lang eagle eucalyptus disinfectant spray,825845944,Eagle spray 280ml Eucalyptus disinfectant spray,eagle spray 280ml eucalyptus disinfectant spray,1794962291,0.9224527958467169,1,False,0.5714285714285714
24398,33679,0,hard_neg,Wardah Lightening Two Way Cake,wardah lightening two way cake,1563437474,WARDAH PAKET HAJI,wardah paket haji,3348832455,0.3744833486295403,1,False,0.14285714285714285
2771,29160,0,hard_neg,Khimar Hijab Jilbab/Syari Twin Ceruty,khimar hijab jilbab syari twin ceruty,3345443347,JILBAB QIANA BANDUL HIJAB JILBAB INSTANT,jilbab qiana bandul hijab jilbab instant,2008989859,0.6779672080820149,1,False,0.2222222222222222
20960,29867,0,hard_neg,Leather Apple Case,leather apple case,2170108313,Emina Glossy Stain 02 Apple Shower 3 gr,emina glossy stain 02 apple shower 3 gr,1166650192,0.32327377481390474,1,False,0.1
11714,31927,0,hard_neg,BASEUS KABEL DATA TYPE-C AUTOMATIC POWER-OFF FAST CHARGE 3A,baseus kabel data type c automatic power off fast charge 3a,1876777240,KHANZAACC ACOME ASC010 Kabel Data/Charger Type-C 100cm Fast Charging 3A,khanzaacc acome asc010 kabel data charger type c 100cm fast charging 3a,4047365486,0.43171014168321953,1,True,0.35294117647058826
10368,18521,0,hard_neg,Soft Case Bahan Carbon Fiber untuk Xiaomi Redmi Note 7 6 5 Pro Redmi 7 6 5 Mix 2S 3,soft case bahan carbon fiber untuk xiaomi redmi note 7 6 5 pro redmi 7 6 5 mix 2s 3,2568221825,Case Xiaomi Mi A1/ 5X AutoFocus Carbon Silikon Leather,case xiaomi mi a1 5x autofocus carbon silikon leather,1474448570,0.3107056368256116,1,True,0.13636363636363635
11163,30608,0,hard_neg,Sepatu Prewalker Sol Lembut Anti Slip Motif Kartun Rubah / Burung Hantu,sepatu prewalker sol lembut anti slip motif kartun rubah burung hantu,983258613,Termurah keset bulu rasfur lembut anti slip busa empuk,termurah keset bulu rasfur lembut anti slip busa empuk,2129727558,0.32631571399157483,1,False,0.17647058823529413
21426,30976,0,hard_neg,Kabel HDMI Extension Extender HDMI Perpanjang Male To Female 20cm Penyambung Hp ke TV,kabel hdmi extension extender hdmi perpanjang male to female 20cm penyambung hp ke tv,412112378,Kabel Sambungan HDMI / Cable Extension HDMI Male To HDMI Female / HDMI M To HDMI F  Extenxion,kabel sambungan hdmi cable extension hdmi male to hdmi female hdmi m to hdmi f extenxion,2602533565,0.8400460976676991,1,False,0.3333333333333333
2921,21208,0,hard_neg,[SYB] Sabun Bibit Pemutih Bpom / Bibit Pemutih Soap,syb sabun bibit pemutih bpom bibit pemutih soap,3085411073,(Beli 1 Box Isi 2) Promo Sabun Kime Pemutih Badan & Wajah BPOM,beli 1 box isi 2 promo sabun kime pemutih badan wajah bpom,3117987455,0.4922779206531118,1,False,0.2
20737,26486,0,hard_neg,Kaos Kaki Pendek Warna Polos,kaos kaki pendek warna polos,1279238330,SALE!!! Kaos Kaki JOEMEN Warna MIX RANDOM pria Dewasa panjang/kaos kaki pria kantor/kaos kaki kerja,sale kaos kaki joemen warna mix random pria dewasa panjang kaos kaki pria kantor kaos kaki kerja,4011392237,0.5878982601410231,1,False,0.21428571428571427
11850,12174,0,hard_neg,MUKENA ANAK KATUN LOL FASHION TAS SAJADAH PINK,mukena anak katun lol fashion tas sajadah pink,1569494229,MUKENA BALI KATUN TERBARU MURAH / MUKENA ADEM / GROSIR MUKENA BIG SIZE JUMBO TERMURAH,mukena bali katun terbaru murah mukena adem grosir mukena big size jumbo termurah,2471413169,0.4872324227042571,1,False,0.11764705882352941
13146,29036,0,hard_neg,KINGS - 421 Boneka Bantal Pillow KPOP  / Mang Van Tata Chimmy RJ Cooky Shooky Koya,kings 421 boneka bantal pillow kpop mang van tata chimmy rj cooky shooky koya,1093775969,MG 279 Stiker BT21 3D / Sticker Tata Chimmy Koya Cooky Shooky RJ Mang Van / Stiker BT21,mg 279 stiker bt21 3d sticker tata chimmy koya cooky shooky rj mang van stiker bt21,1261987196,0.3533676014931649,1,True,0.4
21192,34090,0,hard_neg,Batrai Cas AA 700mAh SUPER BIG CAPACITY Batere A2 Batre AA 1.2v Baterai Charge Rechargeable battery,batrai cas aa 700mah super big capacity batere a2 batre aa 1 2v baterai charge rechargeable battery,2275104812,Baterai Hp XiaoMi Mi5 Mi 5 BM 22 Original - Battery Batrai Batre BM22 Xiao Mi Xiaumi Ori,baterai hp xiaomi mi5 mi 5 bm 22 original battery batrai batre bm22 xiao mi xiaumi ori,3637220226,0.33070907109952735,1,True,0.14285714285714285
15415,24811,0,hard_neg,Makassar Yummy Bites Cereal makanan bayi MPASI sereal,makassar yummy bites cereal makanan bayi mpasi sereal,1958306891,Makanan Bayi Promina puff 15gr,makanan bayi promina puff 15gr,2562722197,0.3843683627626682,1,False,0.18181818181818182
3208,9901,0,hard_neg,SENDAL JEPIT SPON PRIA / COWO SUMMER EVERY STEP  LOULUEN,sendal jepit spon pria cowo summer every step louluen,1024453873,Sendal Wudhu~sendal jepit musholla,sendal wudhu sendal jepit musholla,1036330570,0.385193097735351,1,False,0.18181818181818182
12372,15116,0,hard_neg,[ COD ] KURMA SUKARI 500gr / KURMA BASAH / SUKARI / KURMA SUKARI MADINAH,cod kurma sukari 500gr kurma basah sukari kurma sukari madinah,2063618224,Kurma Sukari NR Premium 1 Kg,kurma sukari nr premium 1 kg,2717178301,0.5257555237218715,1,True,0.2
495,12652,0,hard_neg,Jamia - Pashmina Instan dengan tali,jamia pashmina instan dengan tali,3024571735,[PREMIUM] Pashmina Tali - Karet Ceruty Babydoll instan pasmina Sabyan,premium pashmina tali karet ceruty babydoll instan pasmina sabyan,472290748,0.4167255545161055,1,False,0.2727272727272727
171,14827,0,hard_neg,Charger OPPO Original Fast Charging Micro USB,charger oppo original fast charging micro usb,891306773,KABEL DATA OPPO MICRO USB 2A ( NEW PACK ),kabel data oppo micro usb 2a new pack,3084987355,0.352799354488555,1,False,0.25
3339,22771,0,hard_neg,Hanasui - Body Spa Coffee - 300 ml,hanasui body spa coffee 300 ml,3609356867,HANASUI BODY SPA EXFOLIATING GEL WITH COLLAGEN 300ml,hanasui body spa exfoliating gel with collagen 300ml,3193816851,0.4979590586233267,1,False,0.2727272727272727
10039,19257,0,hard_neg,ACNE SERUM,acne serum,2253053678,All Perfect Acne Beauty Set (Essence Toner 100ml + Fresh Calming Serum,all perfect acne beauty set essence toner 100ml fresh calming serum,898058398,0.5129767750016703,1,False,0.18181818181818182
15381,20609,0,hard_neg,TIMBANGAN DIGITAL MANGKOK / Timbangan Kue Digital Electronic 5 kg B05,timbangan digital mangkok timbangan kue digital electronic 5 kg b05,1176925966,[AQ] Timbangan Kue / Timbangan Dapur - Timbangan Digital - Putih,aq timbangan kue timbangan dapur timbangan digital putih,1434986601,0.7771528453935758,1,False,0.2727272727272727
6483,30211,0,hard_neg,AFI - EC - Boyfriend Jeans Jumbo (Size 31-34),afi ec boyfriend jeans jumbo size 31 34,4009119732,BOYFRIEND JEANS SNOW BLACK,boyfriend jeans snow black,1610608547,0.6255547302036061,1,False,0.2
28922,29937,0,hard_neg,"(Bisa cod)DISKON,.. !!!Hammock beban max 150kg/hamock beban max +150kg /Ayunan gantung singel",bisa cod diskon hammock beban max 150kg hamock beban max 150kg ayunan gantung singel,892746686,HAMMOCK ULTRALIGHT MAMMUT / HAMMOCK MENDAKI/ AYUNAN GANTUNG BEBAN MAKS 150KG,hammock ultralight mammut hammock mendaki ayunan gantung beban maks 150kg,2926632704,0.9375491400514983,1,False,0.3333333333333333
5790,10871,0,hard_neg,"b""Johnson's Baby Powder 500g""",b johnson s baby powder 500g,2564217190,"b""Johnson's Baby Soap (Bar 100gram)""",b johnson s baby soap bar 100gram,3425024447,0.6975411746966801,1,True,0.4444444444444444
8155,9279,0,hard_neg,Alana Maxi #2/Dress muslim,alana maxi 2 dress muslim,2932987408,renta#2 maxi dress,renta 2 maxi dress,1529681595,0.5047618152763149,1,False,0.5
6997,24517,0,hard_neg,[FREE MANGKUK] ZWITSAL Natural Baby Bath 2in1 2 in 1 Hair & and Body Pump Botol 300ML 300 ML Sabun,free mangkuk zwitsal natural baby bath 2in1 2 in 1 hair and body pump botol 300ml 300 ml sabun,3161394641,Zwitsal Kids Hair Lotion Natural And Nourisihing 100 ml,zwitsal kids hair lotion natural and nourisihing 100 ml,3872882463,0.3609315994956632,1,True,0.21739130434782608
8789,30943,0,hard_neg,Silicone Nipple Pigeon  size L,silicone nipple pigeon size l,1505553473,PIGEON PERISTALTIC NIPPLE ISI 3 Slim neck /standart neck / NIPPLE PIGEON / DOT BAYI,pigeon peristaltic nipple isi 3 slim neck standart neck nipple pigeon dot bayi,1578620227,0.5928056599856127,1,False,0.15384615384615385
24134,31058,0,hard_neg,STIKER DINDING PETA DUNIA KEREN WALL STICKER SD024,stiker dinding peta dunia keren wall sticker sd024,90279229,WPS043 BLACK WOOD Wall paper wallpaper dinding sticker walpaper stiker dinding murah,wps043 black wood wall paper wallpaper dinding sticker walpaper stiker dinding murah,4241401187,0.37919789891431505,1,True,0.26666666666666666
6896,32979,0,hard_neg,Sepatu Hiking/ Mendaki/ Outdoor/ Bikers/Boots/sepatu bersepeda/sepatu naik gunung,sepatu hiking mendaki outdoor bikers boots sepatu bersepeda sepatu naik gunung,1440935353,Sepatu Tactical Cordura Gurun 8 inci Safety Boots Pria Hiking Militer Outdoor,sepatu tactical cordura gurun 8 inci safety boots pria hiking militer outdoor,1779297273,0.4677413866606267,1,False,0.23529411764705882
1127,29605,0,hard_neg,Mitu Baby Cologne Fresh & Clean 100ml,mitu baby cologne fresh clean 100ml,587282424,Mitu Baby Cologne 50 ml,mitu baby cologne 50 ml,1606598456,0.7852016991632068,1,True,0.375
10140,15508,0,hard_neg,Nivea Extra White Body Serum Night Nourish 180 ml/Nivea Serum Malam,nivea extra white body serum night nourish 180 ml nivea serum malam,1666545703,Nivea Body Extra White Radiant & Smooth Serum 180 mL,nivea body extra white radiant smooth serum 180 ml,2628044511,0.8643090583410895,1,False,0.5833333333333334
14272,24751,0,hard_neg,Sepatu sport own style/ sepatuolahraga/sepatusantai/sepatukeren/sepatumojokerto,sepatu sport own style sepatuolahraga sepatusantai sepatukeren sepatumojokerto,2919586208,ADIAS AX2/sepatusnakres/sepaturunning/sepatuolahraga/sepatukerja/sepatumojokerto/sepatujoging,adias ax2 sepatusnakres sepaturunning sepatuolahraga sepatukerja sepatumojokerto sepatujoging,1121516338,0.9334089476757989,1,False,0.14285714285714285
480,14777,0,hard_neg,PUZZLE KUBUS BAHAN KAYU UNTUK EDUKASI AWAL / PUZZLE JIGSAW KAYU,puzzle kubus bahan kayu untuk edukasi awal puzzle jigsaw kayu,3205250015,"DC090 ( Part 2 ) Mainan Puzzle Jigsaw Edukasi Anak Motif Hewan, Alat Transportasi dan Buah Buahan",dc090 part 2 mainan puzzle jigsaw edukasi anak motif hewan alat transportasi dan buah buahan,3636908752,0.5246755169822316,1,False,0.15
8107,16847,0,hard_neg,[1 SACHET] MamaBear MAMA BEAR Zoya Mix Kedelai Minuman Pelancar Asi Booster ZoyaMix Soya Mix Melon,1 sachet mamabear mama bear zoya mix kedelai minuman pelancar asi booster zoyamix soya mix melon,148719785,MamaBear Soya Mix box // Mama Bear Zoya Mix Minuman Pelancar ASI Soyamix Zoyamix 200gr ASI booster,mamabear soya mix box mama bear zoya mix minuman pelancar asi soyamix zoyamix 200gr asi booster,1680535208,0.857189331787445,1,True,0.6111111111111112
18786,33606,0,hard_neg,ANTI CRACK IPHONE 5/5S/6/6S/6 PLUS/6S PLUS/7/7 PLUS/8/8 PLUS/X/XR/XS/XS MAX/11/11 PRO/11 PRO MAX,anti crack iphone 5 5s 6 6s 6 plus 6s plus 7 7 plus 8 8 plus x xr xs xs max 11 11 pro 11 pro max,3717044186,Soft Case Transparan Untuk Iphone 5 5s 6 6s 6 Plus 6s Plus 7 Plus 8 Plus X Xr Xs Max 11 11 Pro Max,soft case transparan untuk iphone 5 5s 6 6s 6 plus 6s plus 7 plus 8 plus x xr xs max 11 11 pro max,1605252728,0.8662743654221501,1,False,0.7
4751,30386,0,hard_neg,MAUMUKOSMETIK - Madame Gie - Color Pop Lip Balm 3.5gr ( lipbalm ),maumukosmetik madame gie color pop lip balm 3 5gr lipbalm,2621978282,Liplapin Tinted Lip Balm [BPOM],liplapin tinted lip balm bpom,4099296199,0.3068355651773202,1,False,0.15384615384615385
13613,15233,0,hard_neg,\xe2\x9c\x94COD\xe2\x9c\x94 TERMURAH ! ATASAN ZLQ / ATASAN WANITA MUSLIM / BAJU ZOLAQU / BAJU MUSLIM / PAKAIAN WANITA,xe2 x9c x94cod xe2 x9c x94 termurah atasan zlq atasan wanita muslim baju zolaqu baju muslim pakaian wanita,3136889376,MIKA KNIT / Atasan Wanita Baju Rajut,mika knit atasan wanita baju rajut,2803559682,0.31673972211414425,1,False,0.2
18566,22276,0,hard_neg,Converter Conector Adapter Micro USB to Lightning / Iphone 5 & 6,converter conector adapter micro usb to lightning iphone 5 6,4270579498,Original Kabel Data Lightning to USB Cable IPhone,original kabel data lightning to usb cable iphone,1154928830,0.49661822605926026,1,False,0.2857142857142857
12256,28247,0,hard_neg,Adidas Badminton Spieler E68 10M Badminton String,adidas badminton spieler e68 10m badminton string,1952403181,SHUTTLECOCK / KOK BADMINTON MEIDY,shuttlecock kok badminton meidy,3202948558,0.480888431349485,1,False,0.1111111111111111
5121,13205,0,hard_neg,Piyama Anak Lakilaki Umur 4thn - 5thn PPAV-02,piyama anak lakilaki umur 4thn 5thn ppav 02,3465319208,(2-5thn) Koko Kurta Anak Kids Size Rysya,2 5thn koko kurta anak kids size rysya,2924861831,0.3314289034390414,1,True,0.14285714285714285
291,13693,0,hard_neg,JETE Headset Cello Super bass Handsfree Stereo,jete headset cello super bass handsfree stereo,3869963061,[COD] Headset stereo U19 macaron / Handsfree Earphone extra bass,cod headset stereo u19 macaron handsfree earphone extra bass,2935813666,0.6393264231112801,1,False,0.3333333333333333
21012,25195,0,hard_neg,Naturein Sanitizing Water 100ml | pembersih antiseptik bayi alami serbaguna,naturein sanitizing water 100ml pembersih antiseptik bayi alami serbaguna,436095484,GEL PEMBERSIH / PENGANGKAT KOTORAN SERBAGUNA,gel pembersih pengangkat kotoran serbaguna,3546742768,0.41741641178021305,1,False,0.16666666666666666
19299,27716,0,hard_neg,[ Promo Flash Sale ] Alana Maxi Size S M L XL | Dress Muslim Terbaru | Fashion Muslim Terlaris |,promo flash sale alana maxi size s m l xl dress muslim terbaru fashion muslim terlaris,4127663182,[BEAUTY STORE] ALANA MAXI matt MOSCREPE HQ size S M L XL busana muslim stylish,beauty store alana maxi matt moscrepe hq size s m l xl busana muslim stylish,2932987408,0.614414403290979,1,False,0.36363636363636365
1336,20234,0,hard_neg,DK71W Face Shield Faceshield Gerinda Pelindung Muka Wajah Alat Safety,dk71w face shield faceshield gerinda pelindung muka wajah alat safety,2735232109,Face Shield Baby Pelindung Wajah APD untuk bayi,face shield baby pelindung wajah apd untuk bayi,4103086857,0.7112212065652275,1,False,0.2857142857142857
15234,30984,0,hard_neg,NET BADMINTON GTO,net badminton gto,3196549456,Senar Badminton Adidas Spieler E68 / E 68,senar badminton adidas spieler e68 e 68,1952403181,0.612934275855229,1,False,0.1111111111111111
8597,26040,0,hard_neg,Kintakun Sprei Extra Single 120 Albany Dluxe Microfiber Putih (3in1) 20 cm,kintakun sprei extra single 120 albany dluxe microfiber putih 3in1 20 cm,2235227223,"b""Kintakun Sprei D'luxe - 120 x 200 (Extra Single) - Magnus""",b kintakun sprei d luxe 120 x 200 extra single magnus,326783517,0.6889974300875205,1,True,0.2777777777777778
8611,16387,0,hard_neg,ZOYA MIX - Mama Bear Minuman ASI Booster / Pelancar ASI,zoya mix mama bear minuman asi booster pelancar asi,1680535208,[1 SACHET] MamaBear MAMA BEAR Zoya Mix Kedelai Minuman Pelancar Asi Booster ZoyaMix Soya Mix Coklat,1 sachet mamabear mama bear zoya mix kedelai minuman pelancar asi booster zoyamix soya mix coklat,148719785,0.8858316038783308,1,False,0.5333333333333333
758,4137,0,hard_neg,Ester C Vitamin C isi 4 kaplet,ester c vitamin c isi 4 kaplet,1657244333,Vitamin C IPI isi 45 tablet,vitamin c ipi isi 45 tablet,2945967054,0.5223405307368679,1,True,0.3333333333333333
1336,24426,0,hard_neg,DK71W Face Shield Faceshield Gerinda Pelindung Muka Wajah Alat Safety,dk71w face shield faceshield gerinda pelindung muka wajah alat safety,2735232109,Face Shield Anak / Balita Pelindung Wajah APD,face shield anak balita pelindung wajah apd,4103086857,0.7729215888035013,1,False,0.3076923076923077
15349,23456,0,rand_neg,Lock&Lock Botol Minum Anak Kartun 600mL,lock lock botol minum anak kartun 600ml,2231230291,Botol Minum New B Sports Spray Water Bottle 600ml,botol minum new b sports spray water bottle 600ml,4166965007,0.49883422202013444,1,False,0.25
10827,29698,0,hard_neg,Celana senam rok kantong | celana jogging rok | celana olahraga zumba,celana senam rok kantong celana jogging rok celana olahraga zumba,2779507745,Celana training olahraga dewasa,celana training olahraga dewasa,2596872305,0.7159185494617044,1,False,0.2222222222222222
1773,6804,0,hard_neg,Hanasui Naturgo LIGHTENING PEEL OFF MASK / Masker Hanasui / Peel Off Mask / Komedo,hanasui naturgo lightening peel off mask masker hanasui peel off mask komedo,3962524495,FREEMAN FEELING BEAUTIFUL GREEN TEA & ORANGE BLOSSOM PEEL-OFF MASK,freeman feeling beautiful green tea orange blossom peel off mask,3445494442,0.3152433603491225,1,False,0.2
13694,16847,0,hard_neg,Per SACHET MAMABEAR Soyamix 20gr - Minuman Pelancar Asi  SoyaMix Mama Bear ECER,per sachet mamabear soyamix 20gr minuman pelancar asi soyamix mama bear ecer,148719785,MamaBear Soya Mix box // Mama Bear Zoya Mix Minuman Pelancar ASI Soyamix Zoyamix 200gr ASI booster,mamabear soya mix box mama bear zoya mix minuman pelancar asi soyamix zoyamix 200gr asi booster,1680535208,0.8582382728977261,1,True,0.3888888888888889
2222,21921,0,hard_neg,B6C Mainan Anak Edukasi Lego Block Pintar Hanlo Tas isi 108 pcs,b6c mainan anak edukasi lego block pintar hanlo tas isi 108 pcs,3972802260,Mainan edukatif edukasi puzzle block spon huruf dan angka / evamat kecil isi 42 keping,mainan edukatif edukasi puzzle block spon huruf dan angka evamat kecil isi 42 keping,3134039974,0.3335652081854241,1,True,0.18181818181818182
11755,26746,0,hard_neg,anticrack anti crack IPHONE 11 IPHONE 11 PRO IPHONE 11 PRO MAX X XS XR XS MAX SOFT case casing cover,anticrack anti crack iphone 11 iphone 11 pro iphone 11 pro max x xs xr xs max soft case casing cover,3717044186,Iphone X / XS / XR /XS Max / 6 / 7 / 8 Plus Iphone 11 Leather Case Silicone Case Leather Premium,iphone x xs xr xs max 6 7 8 plus iphone 11 leather case silicone case leather premium,157783767,0.3953432911368253,1,True,0.3333333333333333
16484,28063,0,hard_neg,Lakban FRAGILE YATTA 5cm x 100m,lakban fragile yatta 5cm x 100m,3279753630,Lakban Tape Fragile Putih atau Merah 2 Inch (48 mm) x 50 Y,lakban tape fragile putih atau merah 2 inch 48 mm x 50 y,3027197182,0.5292238533338758,1,True,0.1875
10602,16605,0,hard_neg,1KG MUAT 4PCS | BELLA BOHEMIAN HOMEY DRESS / HOMEDRESS ETNIK / HOMEY DRESS RAYON,1kg muat 4pcs bella bohemian homey dress homedress etnik homey dress rayon,2421751201,wini dress/maxy dress,wini dress maxy dress,2932987408,0.4979150529734586,1,False,0.08333333333333333
3470,32961,0,hard_neg,Papan Tulis Kapur untuk Edukasi Anak/Portable Chalk Board Drawing Book Toys/Kids Early Education Toy,papan tulis kapur untuk edukasi anak portable chalk board drawing book toys kids early education toy,2145313480,Buku Papan Tulis Anak Erasable Book Buku Gambar Bisa Dihapus Buku Menggambar Anak,buku papan tulis anak erasable book buku gambar bisa dihapus buku menggambar anak,896178400,0.4022882205471527,1,False,0.18181818181818182
4201,14449,0,hard_neg,Tas Penyimpanan Pakaian Dalam Transparan Anti Air untuk Travel,tas penyimpanan pakaian dalam transparan anti air untuk travel,1426270134,Cover Pelindung Anti Debu Pakaian Dustproof Organizer Transparan,cover pelindung anti debu pakaian dustproof organizer transparan,304293919,0.49217070609180597,1,False,0.21428571428571427
10382,33572,0,hard_neg,BISA COD KPOP BTS BT21 Sticker DIY Bubble 3D Stiker,bisa cod kpop bts bt21 sticker diy bubble 3d stiker,1261987196,[BS] BISA COD KPOP BTS BT21 Gelang Bracelet Jungkook Cooky,bs bisa cod kpop bts bt21 gelang bracelet jungkook cooky,3228441096,0.39424266624117565,1,True,0.3333333333333333
17934,28967,0,hard_neg,Yuri Disinfectant Spray 500 ml,yuri disinfectant spray 500 ml,1342924626,CAPLANG Disinfectant Spray / CAP LANG Eagle Eucalyptus Tea Tree Disinfectant Spray,caplang disinfectant spray cap lang eagle eucalyptus tea tree disinfectant spray,1794962291,0.6787999260701292,1,False,0.16666666666666666
6997,26472,0,hard_neg,[FREE MANGKUK] ZWITSAL Natural Baby Bath 2in1 2 in 1 Hair & and Body Pump Botol 300ML 300 ML Sabun,free mangkuk zwitsal natural baby bath 2in1 2 in 1 hair and body pump botol 300ml 300 ml sabun,3161394641,Zwitsal Kids Hair Lotion Soft And Moisturizing/ Natural And Nourisihing 100ml,zwitsal kids hair lotion soft and moisturizing natural and nourisihing 100ml,3872882463,0.32430564806562295,1,True,0.16
11162,24399,0,hard_neg,BERAS SUMO  Premium 10 kg 10kg,beras sumo premium 10 kg 10kg,861863514,Sipulen 10kg  all variant,sipulen 10kg all variant,574360295,0.3245791771115189,1,False,0.1111111111111111
1655,28493,0,hard_neg,Bubble Wrap,bubble wrap,4198148727,Bisa COD Mainan pasir ajaib anak 1kg - magic sand - mainan pasir kinetik anak FREE BUBBLE WRAP+DUS,bisa cod mainan pasir ajaib anak 1kg magic sand mainan pasir kinetik anak free bubble wrap dus,1697222767,0.44417894853430395,1,False,0.14285714285714285
6658,31080,0,hard_neg,Everwhite Brightening Body Cream (Strawberry Cherry Blossom),everwhite brightening body cream strawberry cherry blossom,3601222703,Nivea Sensational Body Lotion Cherry Blossom & Jojoba Oil 200ml Original,nivea sensational body lotion cherry blossom jojoba oil 200ml original,1504793711,0.32428580971761006,1,False,0.21428571428571427
306,10392,0,hard_neg,IMPLORA CHEEK & LIPTINT - IMPLORA LIP TINT ORIGINAL BPOM,implora cheek liptint implora lip tint original bpom,3627744656,Implora Deep Black Mascara Original BPOM,implora deep black mascara original bpom,220104288,0.6729477541922871,1,False,0.3
10868,18602,0,hard_neg,Felibite 500Gr / Makanan Kucing Kering Freshpack 500Gram,felibite 500gr makanan kucing kering freshpack 500gram,2404669998,Makanan kucing whiskas ocean fish 400 gr/ whiskas kaleng ocean fish 400 gr/ makanan kucing 400 gram,makanan kucing whiskas ocean fish 400 gr whiskas kaleng ocean fish 400 gr makanan kucing 400 gram,3765513789,0.31624631267986336,1,True,0.14285714285714285
1379,29131,0,hard_neg,NACIFIC Fresh Herb Origin Sunblock SPF50+ PA++++,nacific fresh herb origin sunblock spf50 pa,3978977380,[NACIFIC]Fresh Herb Origin Serum 50ml,nacific fresh herb origin serum 50ml,4289378698,0.6715994763611202,1,False,0.4444444444444444
13631,34059,0,hard_neg,Sepatu Allstar #Maroon Wanita Sneakers / Sepatu Pria / sepatuJoos Converse21_Chuck taylor,sepatu allstar maroon wanita sneakers sepatu pria sepatujoos converse21 chuck taylor,209689048,SEPATU CONVERSE 70S MOSS GREEN LOW CHUCK TAYLOR IMPORT QUALITY 38-42 ALLSTAR II CT ARMY,sepatu converse 70s moss green low chuck taylor import quality 38 42 allstar ii ct army,1405549222,0.4467722976214386,1,True,0.18181818181818182
18527,22511,0,hard_neg,Avoskin Miraculous Refining Toner 100ml,avoskin miraculous refining toner 100ml,1268201436,[SHARE IN BOTTLE] Avoskin Miraculous Refining Toner & Serum,share in bottle avoskin miraculous refining toner serum,4291905065,0.8547991427366924,1,False,0.4444444444444444
22181,25781,0,hard_neg,Mini zipper hard earphone case eva leather storage bag usb cable handphone coin,mini zipper hard earphone case eva leather storage bag usb cable handphone coin,1189135344,Earphone Kabel untuk Handphone i9300,earphone kabel untuk handphone i9300,2935813666,0.5302872295890334,1,False,0.125
3910,31098,0,hard_neg,Headset Stereo U19 Macaron Handsfree Extra Bass Earphone U 19 VC,headset stereo u19 macaron handsfree extra bass earphone u 19 vc,2935813666,JETE Headset Classic Super Bass Handsfree Stereo,jete headset classic super bass handsfree stereo,3869963061,0.6498587065432379,1,False,0.2857142857142857
28233,31640,0,hard_neg,TOPI JEPANG TOPI MASKER TOPI MANCING TOPI PROYEK TOPI KEBUN TOPI PETANI TOPI JEPANG MURAH,topi jepang topi masker topi mancing topi proyek topi kebun topi petani topi jepang murah,3995696136,Topi Pet | Flat Cap | Topi Pelukis | Topi Kodok | Newsboy Cap | Topi Copet,topi pet flat cap topi pelukis topi kodok newsboy cap topi copet,2862309166,0.44416909500386487,1,False,0.06666666666666667
953,10143,0,hard_neg,Renu fresh solution 355ml 60ml cairan pembersih softlens TOP no 1,renu fresh solution 355ml 60ml cairan pembersih softlens top no 1,1754343790,Cairan Softlens A+ 100ml / A+ Solution / Cairan Solution,cairan softlens a 100ml a solution cairan solution,1705608239,0.6462997568928665,1,True,0.23076923076923078
18865,29227,0,hard_neg,Lampu Sen Jelly 2 Warna Kedip,lampu sen jelly 2 warna kedip,3482856533,LAMPU LED MOBIL T10 CRYSTAL JELLY 6 MATA SMD STROBO KEDIP SENJA,lampu led mobil t10 crystal jelly 6 mata smd strobo kedip senja,2013974881,0.5937272207664194,1,True,0.2
18748,21028,0,hard_neg,Kinoki isi 10 pcs | kinoki detox | koyo kinoki | koyo kaki | kinoki gold | kinoki ori | kinoki,kinoki isi 10 pcs kinoki detox koyo kinoki koyo kaki kinoki gold kinoki ori kinoki,3650088068,MIE GELAS RENCENG  isi 10 pcs,mie gelas renceng isi 10 pcs,558257531,0.31237700509507144,1,False,0.25
1749,2383,0,hard_neg,CAIRAN SOFTLENS COMPLETE 360 ML,cairan softlens complete 360 ml,189405642,Cairan Softlens A+ 100ml,cairan softlens a 100ml,1705608239,0.7675422381372533,1,True,0.2857142857142857
5985,13529,0,hard_neg,SEPATU ADIDAS AX2 HITAM PUTIH STRIP,sepatu adidas ax2 hitam putih strip,1121516338,SEPATU ADIDAS SEKOLAH FULL HITAM,sepatu adidas sekolah full hitam,3472190399,0.682998696453615,1,False,0.375
7225,24793,0,hard_neg,Cognos 8 MASSAGE PILLOW BANTAL PIJAT KEPALA,cognos 8 massage pillow bantal pijat kepala,1911325802,Bantal Pijat Massage Mobil dan Rumah Car Home Massage Pillow Bantal Pijat Leher Punggung Portable,bantal pijat massage mobil dan rumah car home massage pillow bantal pijat leher punggung portable,1514327608,0.6504563001546974,1,False,0.26666666666666666
5648,8289,0,hard_neg,BABY TEETHER BUAH [TANPA PACKINGAN] / GIGITAN BAYI MODEL BUAH /BABY TOOTH TEETHER.,baby teether buah tanpa packingan gigitan bayi model buah baby tooth teether,3326267479,FRUITY TEETHER / GIGITAN BAYI IMPORT + BOX (WADAH TEETHER) / Serda Shop,fruity teether gigitan bayi import box wadah teether serda shop,3053118590,0.6943784117508177,1,False,0.2
20381,22259,0,hard_neg,[SOME BY MI] Snail Truecica Miracle Repair Line NEW(Toner/Serum/Cleanser/Cream),some by mi snail truecica miracle repair line new toner serum cleanser cream,2063696198,"PAKET LENGKAP COLLAGEN (cream, sabun, toner kecil , serum)",paket lengkap collagen cream sabun toner kecil serum,615781194,0.46199251513966494,1,False,0.16666666666666666
23146,27622,0,hard_neg,"Wallpaper Stiker Dinding Motif Dan Karakter, Wallpaper Stiker Dinding roket 45cm X 10M",wallpaper stiker dinding motif dan karakter wallpaper stiker dinding roket 45cm x 10m,676291019,WALLPAPER  DAPUR ANTI MINYAK DAN PANAS,wallpaper dapur anti minyak dan panas,3137940792,0.49032196160138763,1,False,0.14285714285714285
5790,33363,0,hard_neg,"b""Johnson's Baby Powder 500g""",b johnson s baby powder 500g,2564217190,PIGEON BABY  COMPACT POWDER,pigeon baby compact powder,579435501,0.4197411453520827,1,False,0.25
11403,26467,0,hard_neg,(TRIAL) Paket Kecil Tabita Glow Trial Set Kecil,trial paket kecil tabita glow trial set kecil,1966793730,Tabita Ekonomis Travel Set Kecil Lengkap Semua,tabita ekonomis travel set kecil lengkap semua,2591192196,0.38415701893725646,1,False,0.3
10048,13768,0,hard_neg,Korset Pembentuk Tubuh Pelangsing Pinggang dengan Model Ikat Pinggang Bergaya Sexy untuk Wanita,korset pembentuk tubuh pelangsing pinggang dengan model ikat pinggang bergaya sexy untuk wanita,3480387908,Push Up Bra Sport Bra Wanita Model Seamless dengan Tali Strap dan Isi Busa Bergaya Sexy,push up bra sport bra wanita model seamless dengan tali strap dan isi busa bergaya sexy,3173095266,0.5735844578004891,1,False,0.22727272727272727
1880,6171,0,hard_neg,Homewallpaper -  Wallpaper Sticker Dinding Motif Salur - Ukuran 45cm x 10 m,homewallpaper wallpaper sticker dinding motif salur ukuran 45cm x 10 m,2059969959,METH WPS043 BLACK WOOD URAT KAYU HITAM WALLPAPER STICKER WAL PAPER DINDING,meth wps043 black wood urat kayu hitam wallpaper sticker wal paper dinding,4241401187,0.6058066578223743,1,True,0.15
17836,27301,0,hard_neg,Toner hn 15gr,toner hn 15gr,2408434148,Krim glowing HN 15gram,krim glowing hn 15gram,4139844552,0.6137717087362787,1,False,0.16666666666666666
10149,33179,0,hard_neg,Tessa Tissue Tisu Dapur Kitchen Towel isi 150 Sheet,tessa tissue tisu dapur kitchen towel isi 150 sheet,1318252672,Kitchen tool peralatan dapur spatula set isi 4,kitchen tool peralatan dapur spatula set isi 4,1842099953,0.3682958278701737,1,True,0.21428571428571427
4744,22255,0,hard_neg,Gamis Khimar Khasanah Syari Wollpeach Pet Antem Busui Longdress Maxi Ori Kanza Murah,gamis khimar khasanah syari wollpeach pet antem busui longdress maxi ori kanza murah,3203369806,"b""GAMIS JUMBO Syar'i bahan misbee Set Khimar Pad Antem""",b gamis jumbo syar i bahan misbee set khimar pad antem,219017888,0.42097154694477845,1,False,0.14285714285714285
5975,21464,0,hard_neg,SEPATU mizo/SEPATU MURAH/SEPATU SNAKRES/SEPATU OLAH RAGA/SEPATU RUNNING/SEPATU ADIDAS,sepatu mizo sepatu murah sepatu snakres sepatu olah raga sepatu running sepatu adidas,784759211,Sepatu Futsal Ortuseight Jogosala Theorem IN,sepatu futsal ortuseight jogosala theorem in,1747224090,0.31641015246937554,1,False,0.07692307692307693
14080,31575,0,hard_neg,Rak sepatu portable 4 susun,rak sepatu portable 4 susun,4138545452,Rak Serbaguna Portable 5 Susun/Rak sepatu MOTIF dan POLOS 5 SUSUN L122,rak serbaguna portable 5 susun rak sepatu motif dan polos 5 susun l122,1124556741,0.7165095100469218,1,True,0.36363636363636365
5858,17818,0,hard_neg,TFS JUMBO DRESS ANNYEONG,tfs jumbo dress annyeong,288343058,DRESS SMILE JUMBO XXL DRESS SMILE FIT TO L,dress smile jumbo xxl dress smile fit to l,1316653731,0.5351144964579636,1,False,0.2222222222222222
7288,25537,0,hard_neg,Bio Oil 25ml 60ml 125ml 200ml,bio oil 25ml 60ml 125ml 200ml,3773419446,TERMURAH Konicare Minyak Telon Plus / Kayu Putih 60ml 60 ml 125ml 125 ml,termurah konicare minyak telon plus kayu putih 60ml 60 ml 125ml 125 ml,2168147177,0.6242214160903655,1,True,0.125
17245,29164,0,hard_neg,Kuas Silikon Barbeque Mentega Roti Silicone Cake Barbecue Food Brush,kuas silikon barbeque mentega roti silicone cake barbecue food brush,1733221456,"Cetakan Adonan Roti Bahan Silikon, Warna Acak",cetakan adonan roti bahan silikon warna acak,3463295100,0.390263871256582,1,False,0.13333333333333333
1559,19991,0,hard_neg,Facial bandana mandi / bando make up,facial bandana mandi bando make up,353612559,BANDO MAKEUP BANDANA MANDI MODEL PITA BIG BOW RIBBON,bando makeup bandana mandi model pita big bow ribbon,1449419742,0.6694067618204208,1,False,0.25
1945,12956,0,hard_neg,PASHMINA SABYAN Ceruti Babydoll Original 75x200cm Pashmina Heavy Chiffon  Pashmina Turki,pashmina sabyan ceruti babydoll original 75x200cm pashmina heavy chiffon pashmina turki,3024571735,Pashmina Ceruty Baby doll karet Hijab Pasmina Ceruti Babydoll Jilbab sabyan tali,pashmina ceruty baby doll karet hijab pasmina ceruti babydoll jilbab sabyan tali,472290748,0.61883056651952,1,False,0.23529411764705882
4431,30368,0,hard_neg,(COD/READYSTOCK)TUTUP Pentil LED Nyala Lampu Roda Ban Mobil Sepeda Variasi Motor IMPOR MURAH,cod readystock tutup pentil led nyala lampu roda ban mobil sepeda variasi motor impor murah,1575763518,variasi tatakan plat mobil,variasi tatakan plat mobil,1469816250,0.49705729367154905,1,False,0.11764705882352941
5214,17768,0,hard_neg,BC Seen Cairan Pembersih Softlens 80ml & 120ml,bc seen cairan pembersih softlens 80ml 120ml,738918951,Cairan Pembersih Softlens A+ 100mL,cairan pembersih softlens a 100ml,1705608239,0.8845428977010398,1,True,0.3333333333333333
30496,31633,0,hard_neg,\xe2\xad\x90 Azzahra Gamis Syari Maxi Dress gbmdw,xe2 xad x90 azzahra gamis syari maxi dress gbmdw,3641991970,GAMIS JUMBO UKURAN L - XL - XXL  / GAMIS MURAH / GAMIS BUSUI / POLOS / GAMIS SYARI ( RENATA DRESS ),gamis jumbo ukuran l xl xxl gamis murah gamis busui polos gamis syari renata dress,3385944896,0.4440990984678484,1,False,0.16666666666666666
18601,27996,0,hard_neg,Maxim Teflon Valentino / Fry Pan 18 cm,maxim teflon valentino fry pan 18 cm,2062873426,Maspion Maxim Ultra Grill 25 cm / Wajan Panggangan Bahan Teflon 25cm,maspion maxim ultra grill 25 cm wajan panggangan bahan teflon 25cm,1513043749,0.4720774815353974,1,True,0.2
9801,18683,0,hard_neg,3M Double Tape Foam 24 mm PEI Isolasi Solasi Bolak Balik Spon Busa 1600TG Daya Rekat Kuat Original,3m double tape foam 24 mm pei isolasi solasi bolak balik spon busa 1600tg daya rekat kuat original,475342649,Double Tape VHB 3M ORIGINAL 12mm x 4.5mm Busa Perekat,double tape vhb 3m original 12mm x 4 5mm busa perekat,2937985045,0.5543323285780858,1,True,0.20833333333333334
14670,33187,0,hard_neg,Alat Cukur Potong Pangkas Rambut Happy King Barber Hair Clipper - Merah,alat cukur potong pangkas rambut happy king barber hair clipper merah,1807305889,Hair Clipper Kemei KM-809A Alat Mesin Cukur Rambut,hair clipper kemei km 809a alat mesin cukur rambut,2408631932,0.5950593450046457,1,False,0.3333333333333333
15336,31435,0,hard_neg,Pediasure Triplesure Kemasan Baru Vanilla / Madu 850gr,pediasure triplesure kemasan baru vanilla madu 850gr,3742712461,Ensure Vanilla 900gr KEMASAN BARU,ensure vanilla 900gr kemasan baru,3185007248,0.650999470135775,1,True,0.3333333333333333
24244,28153,0,hard_neg,Buku ABACAGA Cara Praktis Belajar Membaca Untuk Anak Usia 5-6 th,buku abacaga cara praktis belajar membaca untuk anak usia 5 6 th,1780690017,Buku Anak - Belajar Bahasa Inggris untuk TK,buku anak belajar bahasa inggris untuk tk,1502042054,0.5487672888833698,1,False,0.26666666666666666
18515,26186,0,hard_neg,Totole Kaldu Rasa  Ayam Jamur HALAL MUI,totole kaldu rasa ayam jamur halal mui,1673669565,Royco Kaldu Ayam / Sapi 230 gram,royco kaldu ayam sapi 230 gram,2998456084,0.32770434755853656,1,False,0.18181818181818182
9323,19288,0,hard_neg,NUTRILON ROYAL 3 VANILA MADU 1800 GR,nutrilon royal 3 vanila madu 1800 gr,3159010476,Susu enfagrow A+3 rasa VANILA dan atau ORIGINAL 1800 gram MURAHHH,susu enfagrow a 3 rasa vanila dan atau original 1800 gram murahhh,310610689,0.39822313356952493,1,False,0.1875
22524,24640,0,hard_neg,Selimut Topi Karakter Selimut Topi Bayi,selimut topi karakter selimut topi bayi,2995677151,Selimut bayi sapi murah,selimut bayi sapi murah,289508954,0.7097288779219882,1,False,0.3333333333333333
1407,8789,0,hard_neg,Pigeon Peristaltic Nipple Standard Neck isi 3,pigeon peristaltic nipple standard neck isi 3,1578620227,Silicone Nipple Pigeon  size L,silicone nipple pigeon size l,1505553473,0.4809708135646155,1,False,0.2
2581,13803,0,hard_neg,EL 182 BQ 2600 CR 7048 RISCE TAS SELEMPANG IMPORT WANITA CEWEK PEREMPUAN LT 1575 ZC 4270 GI 120421,el 182 bq 2600 cr 7048 risce tas selempang import wanita cewek perempuan lt 1575 zc 4270 gi 120421,2050565864,Tas Wanita Cewek Perempuan Murah Terbaru 2020 B1400 LT1127 MT223 R5S7 Branded Import Cewek,tas wanita cewek perempuan murah terbaru 2020 b1400 lt1127 mt223 r5s7 branded import cewek,356727542,0.3562045220115775,1,True,0.18518518518518517
9096,28313,0,hard_neg,296Pcs Puzzle Jigsaw Model Mushroom Nails 3D,296pcs puzzle jigsaw model mushroom nails 3d,2091049617,TweedySub - Mainan Edukatif / Puzzle Kayu / Jigsaw Puzzle Anak My First Puzzle,tweedysub mainan edukatif puzzle kayu jigsaw puzzle anak my first puzzle,785668369,0.3661161919981691,1,False,0.14285714285714285
9125,16517,0,hard_neg,Alat cuci motor Mobil Ac Mesin cuci motor bagus (polos),alat cuci motor mobil ac mesin cuci motor bagus polos,553446970,Lap Chamois Kanebo Pembersih Serbaguna Menyerap Air Cuci Mobil Lap Mobil,lap chamois kanebo pembersih serbaguna menyerap air cuci mobil lap mobil,1645648261,0.4147018551436219,1,False,0.13333333333333333
2245,3016,0,hard_neg,U19 Macaron Color 3.5mm HIFI Headset Over Ear Suara Musik dengan Kabel 1.2m Earphone,u19 macaron color 3 5mm hifi headset over ear suara musik dengan kabel 1 2m earphone,2935813666,Headset U19 Hifi Macaroon Mate Color Hifi Extra Bass,headset u19 hifi macaroon mate color hifi extra bass,4063438,0.6024602708054788,1,True,0.2
15420,26995,0,hard_neg,Saniter Spray Air & Surface Sanitizer - Desinfektan Spray 200ml,saniter spray air surface sanitizer desinfektan spray 200ml,2645461826,Yuri desinfektan multi surface spray 500 ml,yuri desinfektan multi surface spray 500 ml,1342924626,0.786299019270448,1,True,0.2727272727272727
15434,28872,0,hard_neg,Mukena Anak Katun Lola Paris Pink ( Tas Sajadah ),mukena anak katun lola paris pink tas sajadah,1569494229,Mukena Anak Katun Tsum Alphabet Pink ( Tas Ransel ),mukena anak katun tsum alphabet pink tas ransel,1987802018,0.6005375961905087,1,False,0.45454545454545453
17722,23039,0,hard_neg,Nano Spray Portable,nano spray portable,3661848281,Nano Spray Pelembab Wajah Handy Mist Sprayer Perawatan Wajah Mini Portable USB  Spray - B19008,nano spray pelembab wajah handy mist sprayer perawatan wajah mini portable usb spray b19008,3040690230,0.739424767961321,1,False,0.25
5151,12574,0,hard_neg,Kaos Kaki Kantor Branded /Kaos Kaki Anti Bacteria / Kaos Kaki Pria / Kaos Kaki Premium,kaos kaki kantor branded kaos kaki anti bacteria kaos kaki pria kaos kaki premium,4011392237,Kaos rib premium,kaos rib premium,1430813023,0.5822994921388638,1,False,0.2222222222222222
21896,29569,0,hard_neg,Tenda Mainan anak size 100 cm/tenda anak,tenda mainan anak size 100 cm tenda anak,2651183235,Tenda Anak Terowongan 4 in 1 I Keranjang Anak 4 in 1 I keranjang Mandi Bola 4 in 1,tenda anak terowongan 4 in 1 i keranjang anak 4 in 1 i keranjang mandi bola 4 in 1,15630034,0.4191522641730585,1,True,0.14285714285714285
3875,4763,0,hard_neg,TEPUNG CAP CITRA PUTRI 250GR,tepung cap citra putri 250gr,591338133,Garam Cap Kapal 250gr,garam cap kapal 250gr,32947336,0.4920050564616543,1,False,0.2857142857142857
6608,34164,0,hard_neg,Legging leggings lejing leging spandex panjang jumbo big size XXL XXXL double size murah,legging leggings lejing leging spandex panjang jumbo big size xxl xxxl double size murah,1710760612,Legging Panjang Spandek Murah / Lejing panjang spandex Licin,legging panjang spandek murah lejing panjang spandex licin,3637833461,0.8203470626188704,1,False,0.3333333333333333
270,17727,0,hard_neg,ChinaTown - Rak Sudut Tempel Serbaguna Kamar Mandi Toilet Corner Rack Storage,chinatown rak sudut tempel serbaguna kamar mandi toilet corner rack storage,2249427966,Rak Sudut Dinding Serbaguna Kamar Mandi Aluminium 3 Susun,rak sudut dinding serbaguna kamar mandi aluminium 3 susun,4216958894,0.48906060024203385,1,False,0.3333333333333333
6195,20112,0,hard_neg,Scarlett whitening BODY LOTION / Scarlet  / HB scarlettwhitening Romansa Fantasia Charming Freshy,scarlett whitening body lotion scarlet hb scarlettwhitening romansa fantasia charming freshy,2345871793,SCARLETT whitening by felycia angelista (100% ORIGINAL ),scarlett whitening by felycia angelista 100 original,4142443181,0.7204937730282607,1,False,0.125
5568,22965,0,hard_neg,Rak Susun putar Multifungsi 4 tingkat - Rak susun serbaguna,rak susun putar multifungsi 4 tingkat rak susun serbaguna,2323091356,RAK KOSMETIK 3 LACI RAK TEMPAT KOSMETIK SUSUN MULTIFUNGSI SERBAGUNA LIPSTIK RACK,rak kosmetik 3 laci rak tempat kosmetik susun multifungsi serbaguna lipstik rack,1726457735,0.4846467590163374,1,True,0.3076923076923077
2547,16581,0,hard_neg,Tripod Mini Spider Free Holder,tripod mini spider free holder,1883126923,Tripod Mini Spider / Tripod Flexible Camera / Stand Kamera + Holder U,tripod mini spider tripod flexible camera stand kamera holder u,2539650093,0.8434036946831844,1,False,0.4
7878,27149,0,hard_neg,OBAT JERAWAT WAYANG,obat jerawat wayang,3191388887,ERTOS MASKER JERAWAT / ERTOS ANTI ACNE MASK,ertos masker jerawat ertos anti acne mask,37409772,0.43374831045034923,1,False,0.125
12173,19082,0,hard_neg,MUKENA BALI / MUKENA KATUN ICHIO TERBARU MURAH / MUKENA ADEM / GROSIR MUKENA BIG SIZE JUMBO TERMURAH,mukena bali mukena katun ichio terbaru murah mukena adem grosir mukena big size jumbo termurah,2471413169,MUKENA DEWASA FATIMAH KHADIJAH FULL KD MUKENA KHADIJAH SYAHRINI,mukena dewasa fatimah khadijah full kd mukena khadijah syahrini,2474117531,0.42316364279106133,1,False,0.05555555555555555
19521,21072,0,hard_neg,Matras Yoga / Yoga Mat Megahome Bonus Tas/Sarung Alat Olahraga Senam Gym Portable Mudah Dibawa,matras yoga yoga mat megahome bonus tas sarung alat olahraga senam gym portable mudah dibawa,1854275542,Pocket Snap SET / Setelan Baju senam Import / Baju Olahraga Yoga FItness Gym Wanita,pocket snap set setelan baju senam import baju olahraga yoga fitness gym wanita,1173109792,0.6025536981467373,1,False,0.18181818181818182
7622,33704,0,hard_neg,Renu fresh multi-purpose solution 60ml,renu fresh multi purpose solution 60ml,960928522,Renu Fresh 60ml solution air softlens,renu fresh 60ml solution air softlens,1754343790,0.7702093955249955,1,False,0.5
10368,26625,0,hard_neg,Soft Case Bahan Carbon Fiber untuk Xiaomi Redmi Note 7 6 5 Pro Redmi 7 6 5 Mix 2S 3,soft case bahan carbon fiber untuk xiaomi redmi note 7 6 5 pro redmi 7 6 5 mix 2s 3,2568221825,"Anti crack soft Xiaomi Redmi Note 2,Note 3,Note 4,Note 4X,Redmi Note 5A/Prime,Note 5/ Pro,Note 8/Pro",anti crack soft xiaomi redmi note 2 note 3 note 4 note 4x redmi note 5a prime note 5 pro note 8 pro,3717044186,0.4932573959542179,1,True,0.2916666666666667
12129,23180,0,hard_neg,merries pants L30 XL26 M34,merries pants l30 xl26 m34,2104476621,Mamypoko Pants Extra Dry S38/ M32/ L30/ XL26/ XXL22,mamypoko pants extra dry s38 m32 l30 xl26 xxl22,373674159,0.6033248278171407,1,True,0.2727272727272727
12203,18142,0,hard_neg,Garnier Men Facial Foam 100ml,garnier men facial foam 100ml,1811443251,Nivea Visage Sparkling White Facial Foam 100ml,nivea visage sparkling white facial foam 100ml,3625404959,0.5311084983619152,1,False,0.3333333333333333
17271,32768,0,hard_neg,Meteran penjahit 150cm,meteran penjahit 150cm,1275791643,meteran kain baju 150cm jahit pakaian badan pengukur panjang bahan,meteran kain baju 150cm jahit pakaian badan pengukur panjang bahan,1634116911,0.6362141293407371,1,False,0.18181818181818182
2233,19221,0,hard_neg,"Pashmina Malaysia, Pashmina 180 x 75 cm, Original Heavy chiffon ORIGINAL, pashmina 100% REAL PICT",pashmina malaysia pashmina 180 x 75 cm original heavy chiffon original pashmina 100 real pict,3729890874,PASHMINA DIAMOND,pashmina diamond,3876139929,0.3898232380561902,1,False,0.07692307692307693
4054,19636,0,hard_neg,CS - Legging Wudhu Bahan kaos Muslimah,cs legging wudhu bahan kaos muslimah,2091870724,(1 KG MUAT  8 pcs)  Legging Wudhu IMPORT PREMIUM | Bahan tebal | Legging Muslimah TERBAIK,1 kg muat 8 pcs legging wudhu import premium bahan tebal legging muslimah terbaik,1628981671,0.7676887565820524,1,False,0.26666666666666666
3691,26542,0,hard_neg,Clean & Clear Oil Control Film (Kertas minyak),clean clear oil control film kertas minyak,4113954863,Acnes Toner Oil Control 110ml,acnes toner oil control 110ml,1176059503,0.30214119475745616,1,False,0.2
3966,27129,0,hard_neg,Ready!! Gelang Fashion wanita Bracelets C5 Swan Cuff Bracelet with Zircon Animal Bird Jewelry AL,ready gelang fashion wanita bracelets c5 swan cuff bracelet with zircon animal bird jewelry al,3896792983,Anting Mutiara Pejantan Kristal Fashion Heart Pearl Crystal Stud Earring Charm Zircon Star Earrings Jewelry for Women Lady Gift,anting mutiara pejantan kristal fashion heart pearl crystal stud earring charm zircon star earrings jewelry for women lady gift,1596358171,0.381351097418449,1,False,0.0967741935483871
26608,26821,0,hard_neg,sepatu conver,sepatu conver,1964914740,sepatu ax2,sepatu ax2,1121516338,0.3549591057072924,1,False,0.3333333333333333
14299,30216,0,hard_neg,Jepitan Gorengan Dengan Tirisan Minyak Stainless Alat Penggoreng Besi,jepitan gorengan dengan tirisan minyak stainless alat penggoreng besi,1221129663,alat pembersih telinga korek kuping stainless steel ear cleaner kotoran set isi anti karat wax besi,alat pembersih telinga korek kuping stainless steel ear cleaner kotoran set isi anti karat wax besi,2633817001,0.31365220125186694,1,False,0.13636363636363635
16510,19418,0,hard_neg,Pelindung Kabel 3 Warna - Cord Protector Tone Pelapis Kabel Headset,pelindung kabel 3 warna cord protector tone pelapis kabel headset,1176228392,Headset In-Ear u19 Warna Macaron dengan Kabel 1.2m,headset in ear u19 warna macaron dengan kabel 1 2m,2935813666,0.3919779150874167,1,True,0.1875
1488,9471,0,hard_neg,BBC - BEBWHITE C SKINCARE ORIGINAL 100 %,bbc bebwhite c skincare original 100,2956941947,Minyak Tawon Original 100 %,minyak tawon original 100,1513007525,0.3467942906371438,1,False,0.25
29884,32903,0,hard_neg,Jas Hujan Ponco Lengan + Celana - Varia,jas hujan ponco lengan celana varia,1480113982,Jas Hujan Anak-Anak Ponco Eva Lightweight Raincoat,jas hujan anak anak ponco eva lightweight raincoat,436640459,0.5789103521756623,1,False,0.3
7353,25824,0,hard_neg,Redmi Note 8 4/64GB Garansi Resmi,redmi note 8 4 64gb garansi resmi,3366142517,Xiaomi Redmi Note 9 4GB/64GB - 6GB/128GB - Note 9 PRO - Garansi Resmi,xiaomi redmi note 9 4gb 64gb 6gb 128gb note 9 pro garansi resmi,2495896791,0.8955640432187922,1,True,0.38461538461538464
13760,26651,0,hard_neg,Whitening gold serum,whitening gold serum,729245491,SERUM WHITENING 24K GOLDZAN AMPOULE ORIGINAL,serum whitening 24k goldzan ampoule original,3804159527,0.82149249365,1,False,0.2857142857142857
17818,18252,0,hard_neg,DRESS SMILE JUMBO XXL DRESS SMILE FIT TO L,dress smile jumbo xxl dress smile fit to l,1316653731,"b""GAMIS SYARI / JILBAB 2 LAYER / JUMBO UKURAN L - XL - XXL / SET MURAH / BUSUI / DRESS (MAYRA SYAR'i )""",b gamis syari jilbab 2 layer jumbo ukuran l xl xxl set murah busui dress mayra syar i,3093122317,0.4102228416018778,1,False,0.19047619047619047
3379,15162,0,hard_neg,BERKUALITAS / KANEBO / PLAS CHAMOIS / KAIN LAP / KANEBO MOBIL / KANEBO MOTOR / LAP CHAMOIS / LAP,berkualitas kanebo plas chamois kain lap kanebo mobil kanebo motor lap chamois lap,1645648261,KANEBO Super New yaris(lap serat sintetis-daya serap tinggi),kanebo super new yaris lap serat sintetis daya serap tinggi,3202711315,0.4564796123758021,1,False,0.125
1450,22312,0,hard_neg,[SYB] Sabun Bibit Pemutih Bpom / Bibit pemutih soap,syb sabun bibit pemutih bpom bibit pemutih soap,3085411073,Sabun QM Lightening Soap BPOM,sabun qm lightening soap bpom,123385121,0.5890322748339385,1,False,0.375
6615,26024,0,hard_neg,SOFTLENS ADELLE NORMAL BIG EYES 16MM,softlens adelle normal big eyes 16mm,3451756671,"Softlens sweety Big Eyes 15mm , Original , Made in korea , lensa kontak mata",softlens sweety big eyes 15mm original made in korea lensa kontak mata,3448676668,0.4731106458289367,1,True,0.2
27249,31809,0,hard_neg,[ BISA COD ] DOMPET PITA LIPAT / DOMPET MINI ALEESHA,bisa cod dompet pita lipat dompet mini aleesha,953150943,(COD) RR DOMPET LADY GAGA - Dompet Lipat Mini Lucu,cod rr dompet lady gaga dompet lipat mini lucu,1174325128,0.7476712341759354,1,False,0.36363636363636365
13525,17759,0,hard_neg,Baseus Kabel Data Iphone Nimble Series Fast Charging 23cm,baseus kabel data iphone nimble series fast charging 23cm,541943754,Baseus TYPE C 23cm Support Fast Charging / Kabel Data Type c 23cm Powerbank Support / Type c Nimble,baseus type c 23cm support fast charging kabel data type c 23cm powerbank support type c nimble,2183454261,0.8358946904169546,1,False,0.5384615384615384
1654,2471,0,hard_neg,Bubble Warp Pengaman Pengiriman,bubble warp pengaman pengiriman,4198148727,ATC BUBBLE WARP + KARDUS PAKING,atc bubble warp kardus paking,1698566420,0.5757329720701561,1,False,0.2857142857142857
25308,28189,0,hard_neg,"Jilbab Voal Motif Premium Masker Instan , Hijab Masker Premium Instan , Harga Grosir Termurah !!!",jilbab voal motif premium masker instan hijab masker premium instan harga grosir termurah,2410084117,"Jilbab Voal Premium Motif Segi empat , Hijab Square Printing , Kerudung Premium , Harga Grosir Part1",jilbab voal premium motif segi empat hijab square printing kerudung premium harga grosir part1,3547938707,0.7522136523001846,1,False,0.4375
18193,19320,0,hard_neg,"Kipas Angin Dinding Wall Fan Miyako 16 Inch 16"" KAW-1662 / KAW1662 / KAW 1662",kipas angin dinding wall fan miyako 16 inch 16 kaw 1662 kaw1662 kaw 1662,3234691438,Sekai Kipas Angin Dinding WFN 1627,sekai kipas angin dinding wfn 1627,947345678,0.38835099935571316,1,True,0.21428571428571427
12590,30075,0,hard_neg,QM LIGHTENING SOAP ORIGINAL BPOM-SABUN QM BPOM,qm lightening soap original bpom sabun qm bpom,123385121,SABUN ARAB PYARY / Turmeric Soap original BPOM,sabun arab pyary turmeric soap original bpom,2453621296,0.7062946748948967,1,False,0.4444444444444444
15987,22935,0,hard_neg,Pigeon Bedak Padat Bayi - Baby Compact Powder Cake Chamomile White 45 Gr original,pigeon bedak padat bayi baby compact powder cake chamomile white 45 gr original,579435501,Lakme Make Up Bedak Skin Brightening Compact Powder Medium Classic Bedak Padat,lakme make up bedak skin brightening compact powder medium classic bedak padat,1313028914,0.36582676912934925,1,False,0.2
9383,16517,0,hard_neg,KANEBO polos warna lap berserat,kanebo polos warna lap berserat,2155265340,Lap Chamois Kanebo Pembersih Serbaguna Menyerap Air Cuci Mobil Lap Mobil,lap chamois kanebo pembersih serbaguna menyerap air cuci mobil lap mobil,1645648261,0.30696424423242247,1,False,0.16666666666666666
23032,28434,0,hard_neg,Cetak Kartu Ucapan Terima kasih Online Shop (isi 100pcs),cetak kartu ucapan terima kasih online shop isi 100pcs,1088351549,( isi 100pcs ) - tasbih kayu warna mika motif,isi 100pcs tasbih kayu warna mika motif,827591190,0.3425258318607459,1,False,0.14285714285714285
20893,28811,0,hard_neg,Sugar Baby Perlak / Rubber Cot Sheet,sugar baby perlak rubber cot sheet,997220911,Sugar Baby Infant Seat Bouncer / Infant Sugar Baby Kursi Bayi,sugar baby infant seat bouncer infant sugar baby kursi bayi,1395051225,0.4760618520476767,1,False,0.18181818181818182
19102,30072,0,hard_neg,Aksesoris Penutup Pentil Ban Roda Lampu Led Motor Mobil Sensor Gerak Sepeda Light / Tutup Berlampu,aksesoris penutup pentil ban roda lampu led motor mobil sensor gerak sepeda light tutup berlampu,1575763518,TUTUP PENTIL NITEX GMA SEPEDA MOTOR & MOBIL,tutup pentil nitex gma sepeda motor mobil,2536011925,0.6555146987974334,1,False,0.29411764705882354
1447,3901,0,hard_neg,sandal karet karakter DORAEMON,sandal karet karakter doraemon,2210983937,[Per Pc] Liptint Sasimi Doraemon Panjang,per pc liptint sasimi doraemon panjang,1187474281,0.47436937151365277,1,False,0.1111111111111111
13090,22036,0,hard_neg,VITAMER BLENDER PORTABLE 350ML ORIGINAL Blender Juice mini USB 4 mata.,vitamer blender portable 350ml original blender juice mini usb 4 mata,3566010337,Speedy- Blender Manual blender tarik alat potong speedy chopper manual,speedy blender manual blender tarik alat potong speedy chopper manual,295128469,0.3405793268545727,1,False,0.0625
25266,29827,0,hard_neg,RAK SUDUT SIKU PLASTIK X06 / RAK HOLDER KAMAR MANDI WC TOILET tempat sabun cuci piring murah,rak sudut siku plastik x06 rak holder kamar mandi wc toilet tempat sabun cuci piring murah,2249427966,Rak Sabun Rak Sudut Serbaguna Rak Sudut Kamar Mandi Tempat Penyimpanan Peralatan Mandi,rak sabun rak sudut serbaguna rak sudut kamar mandi tempat penyimpanan peralatan mandi,1371706715,0.5743330336714211,1,False,0.3333333333333333
18959,24735,0,hard_neg,Cetaphil Gentle Skin Cleanser 59 ML,cetaphil gentle skin cleanser 59 ml,915120729,Cetaphil Gentle Skin Cleanser 59ml,cetaphil gentle skin cleanser 59ml,2890562831,0.9582300413039567,1,False,0.5714285714285714
26821,32762,0,hard_neg,sepatu ax2,sepatu ax2,1121516338,Sepatu KOREA JINTU 2020,sepatu korea jintu 2020,284754035,0.3329386692675135,1,True,0.2
3609,4806,0,hard_neg,EAGLE disinfectant spray kill germ and virus,eagle disinfectant spray kill germ and virus,1794962291,Disinfektan Saniter Fabric Disinfectant Spray 200+30ml,disinfektan saniter fabric disinfectant spray 200 30ml,2539384016,0.5164045493811829,1,False,0.16666666666666666
10395,20014,0,hard_neg,Sisi Dress Muslim TERMURAH & TERLARIS | Gamis Brukat,sisi dress muslim termurah terlaris gamis brukat,3546564341,NJ - Marwah Syari Set Premium / Gamis Muslim Terlaris Setelan Khimar Termurah,nj marwah syari set premium gamis muslim terlaris setelan khimar termurah,2201615216,0.7761208500470934,1,False,0.2857142857142857
12392,13193,0,hard_neg,[Size SML] Velvet Junior Zootopia Setelan Kancing Pundak Pendek Celana Panjang 3 Pcs,size sml velvet junior zootopia setelan kancing pundak pendek celana panjang 3 pcs,3767540559,Celana training pendek grosir isi 10 pcs,celana training pendek grosir isi 10 pcs,1423655715,0.36069127044233223,1,True,0.17647058823529413
2281,20928,0,hard_neg,Mama Bear ZOYA / SOYA MIX Minuman Pelancar ASI Booster Zoyamix Soyamix 200 gr EXP 2022 Mamabear,mama bear zoya soya mix minuman pelancar asi booster zoyamix soyamix 200 gr exp 2022 mamabear,1680535208,Mama Bear Soya Mix MamaBear SoyaMix Minuman Pelancar ASI,mama bear soya mix mamabear soyamix minuman pelancar asi,148719785,0.8746915147645706,1,False,0.5625
17294,20774,0,hard_neg,Softlens N8+ / Big eyes / Exoticon + FREE LENSCASE,softlens n8 big eyes exoticon free lenscase,2889946990,Softlens X2 bio untuk mata sensitif - Soflense Exoticon Bio Classic Brown Black,softlens x2 bio untuk mata sensitif soflense exoticon bio classic brown black,4044680308,0.5318225881018545,1,True,0.125
8592,16427,0,hard_neg,Terbaru Laris! Peralatan Kunci Inggris Serbaguna Snap N Grip Kualitas Bagus Murah!,terbaru laris peralatan kunci inggris serbaguna snap n grip kualitas bagus murah,1848821749,Rak Tas gantung karakter kualitas PREMIUM bagus dan kuat,rak tas gantung karakter kualitas premium bagus dan kuat,3604011356,0.476936889571559,1,False,0.10526315789473684
6571,18632,0,hard_neg,BEST SELLER GORDEN TALI MOONSTAR,best seller gorden tali moonstar,2783670538,[BEST SELLER] GAMIS HYGET BUSUI,best seller gamis hyget busui,2092158825,0.36049860868739153,1,False,0.25
10191,25692,0,hard_neg,SANDAL GUNUNG ANAK size 24-37 ARDILES Sendal Gunung Anak cowok Sandal Anak cowok Gunung Sendal goril,sandal gunung anak size 24 37 ardiles sendal gunung anak cowok sandal anak cowok gunung sendal goril,3485231339,SEPATU SANDAL GUNUNG ANAK LAKI CARVIL ORIGINAL,sepatu sandal gunung anak laki carvil original,3270395407,0.5288151149969628,1,False,0.21428571428571427
1712,28772,0,hard_neg,DEQIARA JILBAB SEGITIGA BOBAL DIAMOND / HIJAB SEGI TIGA BOBAL KOMBINASI,deqiara jilbab segitiga bobal diamond hijab segi tiga bobal kombinasi,2008989859,"Jilbab Voal Motif Segi empat , Hijab Square Printing , Kerudung Premium , Harga Grosir Murah",jilbab voal motif segi empat hijab square printing kerudung premium harga grosir murah,3547938707,0.38758688194371443,1,False,0.15789473684210525
1850,19439,0,hard_neg,[ Promo Cuci Gudang ] Delilah tunik | ATASAN MUSLIM WANITA,promo cuci gudang delilah tunik atasan muslim wanita,819047038,(PROMO) FH04 / Ganesha Tunik / Moscrepe / Tunik / Atasan Muslim Wanita,promo fh04 ganesha tunik moscrepe tunik atasan muslim wanita,647272739,0.41095066485114146,1,False,0.45454545454545453
13410,25173,0,hard_neg,CARABINER NATUREHIKE NH15A001-H (BESAR) aksesoris perlengkapan outdoor hiking camping mendaki gunung,carabiner naturehike nh15a001 h besar aksesoris perlengkapan outdoor hiking camping mendaki gunung,1915070678,Sepatu Hiking/ Mendaki/ Outdoor/ Biker/Boots/travellers,sepatu hiking mendaki outdoor biker boots travellers,1440935353,0.3075120965030859,1,False,0.1875
14644,26516,0,hard_neg,"PROMO Pashmina Instan Zafina, Pastan,  Pasmina,  Pastan Instan,  Murah,  Sala",promo pashmina instan zafina pastan pasmina pastan instan murah sala,1168193892,PASMINA INSTAN SALA /bublecrept,pasmina instan sala bublecrept,2727250729,0.5829795057631512,1,False,0.3333333333333333
4992,21545,0,hard_neg,(KEMASAN BARU) WARDAH LIGHTENING DAY / NIGHT CREAM 30gr,kemasan baru wardah lightening day night cream 30gr,1774190279,Wardah Lightening Night Cream Advanced Niacinamide 30 g,wardah lightening night cream advanced niacinamide 30 g,2185038592,0.7549386176243749,1,False,0.3333333333333333
14962,26898,0,hard_neg,SanDisk Ultra Dual Drive USB 3.0 Flash Drive 32GB with OTG Micro (SDDD2),sandisk ultra dual drive usb 3 0 flash drive 32gb with otg micro sddd2,646347149,SANDISK FLASHDISK ULTRA FLAIR 32GB USB 3.0 UP TO 150MB/S - FLASH DISK FLAIR 32 GB USB 3.0,sandisk flashdisk ultra flair 32gb usb 3 0 up to 150mb s flash disk flair 32 gb usb 3 0,4132525213,0.6958212846818772,1,True,0.3181818181818182
15508,16239,0,hard_neg,Nivea Body Extra White Radiant & Smooth Serum 180 mL,nivea body extra white radiant smooth serum 180 ml,2628044511,Nivea Body White Night Serum 180 Ml,nivea body white night serum 180 ml,1666545703,0.835025676723044,1,False,0.6
13583,33813,0,hard_neg,Jam tangan magnet dior /jam tangan murah,jam tangan magnet dior jam tangan murah,469790690,Jam tangan cewek J 253,jam tangan cewek j 253,16933527,0.3178896241028474,1,False,0.25
11024,25308,0,hard_neg,"Jilbab Voal Motif Premium Segi empat , Hijab Square Printing , Kerudung Premium , Harga Grosir Part2",jilbab voal motif premium segi empat hijab square printing kerudung premium harga grosir part2,3547938707,"Jilbab Voal Motif Premium Masker Instan , Hijab Masker Premium Instan , Harga Grosir Termurah !!!",jilbab voal motif premium masker instan hijab masker premium instan harga grosir termurah,2410084117,0.7509837268661518,1,False,0.4375
436,31516,0,hard_neg,Milano Kunci Tas Selempang mini jahit,milano kunci tas selempang mini jahit,1954967078,Mesin Jahit Tangan Mini Portable,mesin jahit tangan mini portable,849367919,0.3132578612936294,1,False,0.2222222222222222
3917,28811,0,hard_neg,Sugar Baby Organic Healthy Cot Sheet - Perlak Karet,sugar baby organic healthy cot sheet perlak karet,997220911,Sugar Baby Infant Seat Bouncer / Infant Sugar Baby Kursi Bayi,sugar baby infant seat bouncer infant sugar baby kursi bayi,1395051225,0.36967182465034304,1,False,0.15384615384615385
3938,5149,0,hard_neg,Sandal flip flop silang TA,sandal flip flop silang ta,98248312,SANDAL NIKE JUST DO IT!!! SANDAL NIKE BENASSI SWOOSH FLIP FLOP SENDAL NIKE BENASSI SWOOSH FLIP FLOP,sandal nike just do it sandal nike benassi swoosh flip flop sendal nike benassi swoosh flip flop,2225545214,0.795405940950475,1,False,0.25
7649,9846,0,hard_neg,ATASAN MUNAFIE /BAJU MUNAFIE/ MUNAFIE BAJU KORSET ORIGINAL SLIM CLOTH,atasan munafie baju munafie munafie baju korset original slim cloth,3230965030,Atasan Wanita Baju Rajut MIKA knit,atasan wanita baju rajut mika knit,2803559682,0.34244077941834616,1,False,0.18181818181818182
22351,29514,0,hard_neg,Masker Kain Oxford Tali Karet,masker kain oxford tali karet,424232472,Masker Kain Masker Tali Masker Hijab,masker kain masker tali masker hijab,2494171542,0.6366096429936376,1,False,0.5
1369,20670,0,hard_neg,Tas FRO /Tas Fashion Wanita,tas fro tas fashion wanita,1728251705,Tas wanita chale dan keth 2 in 1 / Tas Jinjing / Tas Selempang / Fashion Bag  #10028,tas wanita chale dan keth 2 in 1 tas jinjing tas selempang fashion bag 10028,2808615044,0.43737568962673534,1,False,0.21428571428571427
849,19819,0,hard_neg,Spons Beauty Blender / Sponge Beauty Blender,spons beauty blender sponge beauty blender,1111259106,Grosir Klinskin Beauty Soap,grosir klinskin beauty soap,950756299,0.3374207282873715,1,False,0.14285714285714285
16646,23095,0,hard_neg,Casing Oppo A9 2020 A5 2020 A7 A5S A1K A3s Realme 5 Pro C1 C2 Case Plain Rubber Matte Cover,casing oppo a9 2020 a5 2020 a7 a5s a1k a3s realme 5 pro c1 c2 case plain rubber matte cover,3924314161,OPPO F11 Pro F9 F7 A7 A5S A3s A1K Realme 2 3 C2 Flip Cover Pu Leather Wallet Case Card Slots Cover,oppo f11 pro f9 f7 a7 a5s a3s a1k realme 2 3 c2 flip cover pu leather wallet case card slots cover,465390075,0.569576819783052,1,True,0.3333333333333333
2268,33999,0,hard_neg,PIGEON BABY TRAINING TOOTHBRUSH/ SIKAT GIGI BAYI SET 3IN1 LESSON 123,pigeon baby training toothbrush sikat gigi bayi set 3in1 lesson 123,2676957285,Sikat Gigi dan Lidah Jari Untuk Bayi Baby Kids Silicone Finger Toothbrush Children Teeth Clear Gum,sikat gigi dan lidah jari untuk bayi baby kids silicone finger toothbrush children teeth clear gum,1604649610,0.5489416370630885,1,False,0.22727272727272727
3868,16395,0,hard_neg,MILO ENERGY CUBE 100,milo energy cube 100,2633237860,Milo Energy Cube 100pcs Per Pack !! FREE BUBBLE WRAP  !! Exp November 2020,milo energy cube 100pcs per pack free bubble wrap exp november 2020,4270945942,0.6150735650890945,1,True,0.23076923076923078
14229,15251,0,hard_neg,Jam Tangan G-SHOCK S-979,jam tangan g shock s 979,2221700681,BOX JAM TANGAN MIKA,box jam tangan mika,2969855430,0.456897082984624,1,False,0.25
6720,29131,0,hard_neg,[NACIFIC]Phyto Niacin Whitening Essence 50ml,nacific phyto niacin whitening essence 50ml,2681087796,[NACIFIC]Fresh Herb Origin Serum 50ml,nacific fresh herb origin serum 50ml,4289378698,0.4521488285630576,1,False,0.2
10066,24809,0,hard_neg,Holder Motor Spion Anti Air Tas ikat Pinggang Lari Waist Bag HP Waterproof Handphone Touchscreen,holder motor spion anti air tas ikat pinggang lari waist bag hp waterproof handphone touchscreen,859196195,Waterproof Case - Sarung Hp Anti Air - Tempat Hp Xtra Large 6 Inch,waterproof case sarung hp anti air tempat hp xtra large 6 inch,3213608540,0.4239583715015678,1,False,0.18181818181818182
1684,24119,0,hard_neg,[1KG 5PCS]\xe2\x9d\xa4MiniMamy\xe2\x9d\xa4SET BOX ALAT TULIS 14 IN 1 SET / SET KOTAK PENSIL / SOUVENIR ALAT TULIS,1kg 5pcs xe2 x9d xa4minimamy xe2 x9d xa4set box alat tulis 14 in 1 set set kotak pensil souvenir alat tulis,1123714841,HN\xe2\x9d\xa4 5Pcs Alat Pembersih Kotoran Telinga Bentuk Spiral Bahan Stainless Steel dengan Kotak,hn xe2 x9d xa4 5pcs alat pembersih kotoran telinga bentuk spiral bahan stainless steel dengan kotak,2633817001,0.3013572795737392,1,True,0.18518518518518517
24133,30976,0,hard_neg,Kabel HDMI Male to female 30 cm / Extension Kabel Sambung HDMI Dongle - PALAPA,kabel hdmi male to female 30 cm extension kabel sambung hdmi dongle palapa,412112378,Kabel Sambungan HDMI / Cable Extension HDMI Male To HDMI Female / HDMI M To HDMI F  Extenxion,kabel sambungan hdmi cable extension hdmi male to hdmi female hdmi m to hdmi f extenxion,2602533565,0.8679835485333627,1,False,0.375
16690,29470,0,hard_neg,(Minimal order 4 pcs) Konektor masker untuk hijab / pengait tali masker,minimal order 4 pcs konektor masker untuk hijab pengait tali masker,642283221,BARU!! Konektor Pengait Tali Masker Random,baru konektor pengait tali masker random,242335673,0.7162077877385382,1,False,0.3333333333333333
14191,15782,0,hard_neg,Tenda Anak 100cm Karakter,tenda anak 100cm karakter,2651183235,Balon huruf silver 100cm A-T,balon huruf silver 100cm a t,941150630,0.3088042899161024,1,False,0.1111111111111111
25545,27143,0,hard_neg,SAVIQ KURTA OBLONG ORIGINAL KOKO PAKISTAN LENGAN TANGGUNG KURTA POLOS,saviq kurta oblong original koko pakistan lengan tanggung kurta polos,4101997434,Koko Pakistan / Koko Pria Lengan 3/4 - Navy,koko pakistan koko pria lengan 3 4 navy,1367471899,0.36387507292396365,1,False,0.23076923076923078
31522,33810,0,hard_neg,CHILSCHOOL REGULER - 1600gr - VANILA / MADU,chilschool reguler 1600gr vanila madu,2338504085,Chil kid platinum 800gr madu/vanila,chil kid platinum 800gr madu vanila,249398264,0.5983698602869566,1,True,0.2222222222222222
28851,33022,0,hard_neg,termurah dompet wanita/dompet panjang/dompet lipat/dompet polos,termurah dompet wanita dompet panjang dompet lipat dompet polos,4143102922,DOMPET CHANEL MURAH WANITA 01 dompet OVAL KOIN DAN UANG KERTAS OVAL BAKPAO chanel Dompet import KOIN,dompet chanel murah wanita 01 dompet oval koin dan uang kertas oval bakpao chanel dompet import koin,534606580,0.6341794113184304,1,False,0.125
6955,10719,0,hard_neg,SEGITIGA BOBALSegi 3 segitiga soft pad bobal khimar 2 layer,segitiga bobalsegi 3 segitiga soft pad bobal khimar 2 layer,2008989859,Gamis Misbi Set Khimar Non Rempel Motif Segitiga Abstrak,gamis misbi set khimar non rempel motif segitiga abstrak,4053312415,0.4283476165321106,1,False,0.125
441,9702,0,hard_neg,( Free Packing Box  )TEETHER BABY SILICONE FRUIT / GIGITAN BAYI MODEL BUAH /BABY SILICONE TEETHER,free packing box teether baby silicone fruit gigitan bayi model buah baby silicone teether,3326267479,TOOTH BRUSH Teether / Teether Jerapah / Teether Giraffe / Gigitan Jerapah Untuk Bayi Bpa Free,tooth brush teether teether jerapah teether giraffe gigitan jerapah untuk bayi bpa free,3304610727,0.49397457021199453,1,False,0.23529411764705882
3249,8993,0,hard_neg,SUPER SHOWER HEALTHY,super shower healthy,3332994000,Perlak Waterproof Bayi SUGAR BABY 90 x 60 cm Organic Healthy Premium,perlak waterproof bayi sugar baby 90 x 60 cm organic healthy premium,997220911,0.3559099278256817,1,False,0.07142857142857142
21127,29149,0,hard_neg,(27AN.ID) COD BANDANA H53 BANDANA KOREA STYLE BANDO RAMBUT IMPOR MURAH,27an id cod bandana h53 bandana korea style bando rambut impor murah,2175782653,BANDANA PREMIUM ANISA / BANDANA RAJUT SALUR POLOS,bandana premium anisa bandana rajut salur polos,2008989859,0.31404754780242405,1,False,0.0625
13994,34137,0,hard_neg,Potato Donuts atau Donat Kentang,potato donuts atau donat kentang,1149855214,Potato Cutter / Slicer Chopper French Fries / Pemotong Kentang Pisau[grosirku],potato cutter slicer chopper french fries pemotong kentang pisau grosirku,3002673935,0.38742481358699304,1,False,0.15384615384615385
28534,33740,0,hard_neg,Sarung Tangan Cuci Piring anti Air Rubber Glove Sarung Karet Cuci New .,sarung tangan cuci piring anti air rubber glove sarung karet cuci new,3715162867,Sarung Tangan Karet Palm Fit Glove CG 805 BK,sarung tangan karet palm fit glove cg 805 bk,769563897,0.5812793339986084,1,False,0.26666666666666666
552,34149,0,hard_neg,SAMSUNG Galaxy A01 Garansi Resmi,samsung galaxy a01 garansi resmi,1878835541,samsung tab a 8.0 2019 sm T295 ram 2gb 32gb garansi resmi sein 1th bisa tukar tambah,samsung tab a 8 0 2019 sm t295 ram 2gb 32gb garansi resmi sein 1th bisa tukar tambah,2573626714,0.43887092022038304,1,True,0.15
12590,20134,0,hard_neg,QM LIGHTENING SOAP ORIGINAL BPOM-SABUN QM BPOM,qm lightening soap original bpom sabun qm bpom,123385121,(Ready stock) (BPOM) gluta collagen soap beautetox bekasi sabun pemutih,ready stock bpom gluta collagen soap beautetox bekasi sabun pemutih,2892571732,0.31126196448508814,1,False,0.23076923076923078
15508,30527,0,hard_neg,Nivea Body Extra White Radiant & Smooth Serum 180 mL,nivea body extra white radiant smooth serum 180 ml,2628044511,NIVEA Extra White Radiant & Smooth Lotion 200 ml,nivea extra white radiant smooth lotion 200 ml,1292550067,0.7704451593816267,1,True,0.5454545454545454
1539,12256,0,hard_neg,Net Badminton GTO,net badminton gto,3196549456,Adidas Badminton Spieler E68 10M Badminton String,adidas badminton spieler e68 10m badminton string,1952403181,0.7464650096298454,1,False,0.125
4824,16253,0,hard_neg,MS GLOW MEN,ms glow men,1002765200,Serum luminous ms original ms glow,serum luminous ms original ms glow,2092002172,0.556101601347643,1,False,0.3333333333333333
14841,28837,0,hard_neg,(27AN.ID) COD BTS bt21 T93 Tempat Pensil KPOP Motif Kartun Laser Kpop C8,27an id cod bts bt21 t93 tempat pensil kpop motif kartun laser kpop c8,3621760949,SP007 KPOP BTS STIKER KOREA 3D KAREKATER TEMPELAN KARTUN BT21 STICKER NEMPEL HANDPONE HP SMARTPHONE,sp007 kpop bts stiker korea 3d karekater tempelan kartun bt21 sticker nempel handpone hp smartphone,1261987196,0.3020187841896676,1,True,0.16666666666666666
9935,13002,0,hard_neg,Herborist Facial Mask,herborist facial mask,1708167817,Nuface Facial Mask Anti Aging,nuface facial mask anti aging,2709172334,0.5688311514292411,1,False,0.3333333333333333
6651,15629,0,hard_neg,Luminous Serum,luminous serum,2092002172,Hanasui Intense Treatment Serum / Hanasui Premium Serum,hanasui intense treatment serum hanasui premium serum,40040342,0.3159141328074997,1,False,0.16666666666666666
31636,32548,0,hard_neg,GENTLE FACIAL WASH OATMILK HARLETTE,gentle facial wash oatmilk harlette,4185794721,FACIAL WASH NORMAL THERASKIN,facial wash normal theraskin,4271585410,0.32702929404470477,1,False,0.2857142857142857
31395,33408,0,hard_neg,Sugar baby infant seat bouncer / infant sugar baby Kursi bayi Getar sugarbaby,sugar baby infant seat bouncer infant sugar baby kursi bayi getar sugarbaby,1395051225,Perlak Ondo Bayi SUGAR BABY Motif | Air Bubble Rubber Cot Sheet Sugar Baby,perlak ondo bayi sugar baby motif air bubble rubber cot sheet sugar baby,997220911,0.5956909277587953,1,False,0.17647058823529413
2904,22418,0,hard_neg,SADDHA - Syahid Muhammad,saddha syahid muhammad,3045571571,Hiasan dinding kaligrafi kulit satu set terdiri dari 3buah kaligrafi  Allah muhammad dan ayat kursi,hiasan dinding kaligrafi kulit satu set terdiri dari 3buah kaligrafi allah muhammad dan ayat kursi,3896821324,0.3205727383835443,1,False,0.0625
13994,31804,0,hard_neg,Potato Donuts atau Donat Kentang,potato donuts atau donat kentang,1149855214,Travelmate Potato Cutter / Pemotong Kentang Pisau  / Slicer Chopper French Fries ZPTC,travelmate potato cutter pemotong kentang pisau slicer chopper french fries zptc,3002673935,0.32975728754455147,1,False,0.14285714285714285
7847,24718,0,hard_neg,Wardah Lightening Night Cream Advanced Niacinamide 30 g,wardah lightening night cream advanced niacinamide 30 g,2185038592,Night cream pink,night cream pink,243490336,0.481638354603352,1,False,0.2222222222222222
1664,6277,0,hard_neg,Tambahan Extra Bubble Wrap Pengaman Packingan,tambahan extra bubble wrap pengaman packingan,4198148727,Packing tambahan Bubble Wrap/ packing extra bubble,packing tambahan bubble wrap packing extra bubble,1698566420,0.9705163803200119,1,False,0.5714285714285714
14595,15987,0,hard_neg,Lakme Make Up Bedak Skin Brightening Compact Powder Light Classic Bedak Padat,lakme make up bedak skin brightening compact powder light classic bedak padat,1313028914,Pigeon Bedak Padat Bayi - Baby Compact Powder Cake Chamomile White 45 Gr original,pigeon bedak padat bayi baby compact powder cake chamomile white 45 gr original,579435501,0.3584554912371853,1,False,0.2
3248,11826,0,hard_neg,KEPALA SHOWER TERAPI IONIC SHOWER ION KESEHATAN SHOWER HEAD SPA FILTER SHOWER IONIZER HEALTHY,kepala shower terapi ionic shower ion kesehatan shower head spa filter shower ionizer healthy,3332994000,Emina Glossy Stain 02 Apple Shower,emina glossy stain 02 apple shower,1166650192,0.3069285653027762,1,False,0.0625
19345,32936,0,hard_neg,Implora Cheek & Liptint ( Lip Tint ) Original BPOM,implora cheek liptint lip tint original bpom,3627744656,IMPLORA Deep Black MASCARA ORIGINAL BPOM TERMURAH,implora deep black mascara original bpom termurah,220104288,0.5617842752179354,1,False,0.2727272727272727
21825,31859,0,hard_neg,celana sarung motif solo | sarung wayang | sarung celana murah,celana sarung motif solo sarung wayang sarung celana murah,3017519116,WARNA RANDOM ACAK Sarung Celana Wadimor MURAH Celana Sarung WADIMOR,warna random acak sarung celana wadimor murah celana sarung wadimor,258047,0.6956830274025779,1,False,0.3
5979,21860,0,hard_neg,TEMPAT PENYIMPANAN KANTONG PLASTIK PLASTIC STORAGE BOX ORGANIZER,tempat penyimpanan kantong plastik plastic storage box organizer,3900483124,Kantong plastik HD tanpa plong / plastik olshop / plastik packing,kantong plastik hd tanpa plong plastik olshop plastik packing,2016275639,0.6930311843206484,1,False,0.15384615384615385
17489,20273,0,hard_neg,Pulpen / Pena Kipas Lucu KARAKTER BT21 DAN ANIMAL,pulpen pena kipas lucu karakter bt21 dan animal,3430179282,Pulpen kunci / pulpen karakter / pulpen lucu / pulpen murmer / pulpen cantik / bolpoin / pen,pulpen kunci pulpen karakter pulpen lucu pulpen murmer pulpen cantik bolpoin pen,3715213560,0.6927522076539239,1,False,0.23076923076923078
9322,17652,0,hard_neg,Monde Boromon Cookies,monde boromon cookies,2878821825,Peachy Cookies Orange,peachy cookies orange,1946102947,0.32679098179250143,1,False,0.2
442,12618,0,hard_neg,BOTOL MINUM JUMBO 2 LITER,botol minum jumbo 2 liter,1862772245,BOTOL MINUM SEPEDA STRUMMER,botol minum sepeda strummer,2004318929,0.38097051660262166,1,False,0.2857142857142857
18069,25890,0,hard_neg,Everwhite Acnepair Toner,everwhite acnepair toner,2218961802,EVERWHITE BRIGHTENING BODY CREAM PINK / EVER WHITE ORIGINAL 100 %,everwhite brightening body cream pink ever white original 100,3601222703,0.5329575235047902,1,False,0.09090909090909091
12516,31544,0,hard_neg,Tooth Brush Reguler Kodomo / Sikat Gigi Kodomo  Soft Reguler,tooth brush reguler kodomo sikat gigi kodomo soft reguler,211512183,Kodomo Sikat Gigi Anak Curvy (Isi 3 pcs),kodomo sikat gigi anak curvy isi 3 pcs,3601571834,0.36813203970668734,1,False,0.25
2782,14485,0,hard_neg,Pet Topi Helm Bogo Retro Panjang Osbe,pet topi helm bogo retro panjang osbe,2268871963,Helm Bogo Retro + Google Mask,helm bogo retro google mask,3012923871,0.6465626450278544,1,False,0.3333333333333333
10535,27584,0,hard_neg,"Pashmina Bella,Jilbab pashmina ukuran 175 x 70 cm",pashmina bella jilbab pashmina ukuran 175 x 70 cm,3876139929,Pashmina Instan Bahan Katun Warna Polos Ukuran 56 * 19,pashmina instan bahan katun warna polos ukuran 56 19,1325074200,0.33130985188309714,1,True,0.13333333333333333
12357,27098,0,hard_neg,Yntshopp  [ 1KG 60PCS] Teether bayi silicon gigitan bayi mainan gigi baby fruit,yntshopp 1kg 60pcs teether bayi silicon gigitan bayi mainan gigi baby fruit,3326267479,Baby Safe Teether Bayi / Baby Safe Gigitan Bayi,baby safe teether bayi baby safe gigitan bayi,2720138789,0.62804511012226,1,False,0.3333333333333333
4732,23043,0,hard_neg,Koko kurta berkualitas./ Koko qurta Agam pakistan,koko kurta berkualitas koko qurta agam pakistan,4204605666,Koko pakistan umur 0-2thn original asli,koko pakistan umur 0 2thn original asli,1467236588,0.44503103301645136,1,False,0.18181818181818182
1193,6498,0,hard_neg,Kurma Sukari Al-Madinah 1kg Premium NR,kurma sukari al madinah 1kg premium nr,2717178301,[ COD ] KURMA SUKARI 1 KG / SUKARI BASAH / KURMA RAJA / KURMA SEHAT,cod kurma sukari 1 kg sukari basah kurma raja kurma sehat,2063618224,0.6042265291278387,1,False,0.15384615384615385
7287,21772,0,hard_neg,NEW Promo Jilbab / Hijab Pashmina KARET Instan Diamond Jumbo - Kerudung Instan Pashmina,new promo jilbab hijab pashmina karet instan diamond jumbo kerudung instan pashmina,104602349,NEW!! Jilbab / Hijab KHIMAR NAURA Simple Tali Instan Bahan Wolfis Premium - Kerudung Tali,new jilbab hijab khimar naura simple tali instan bahan wolfis premium kerudung tali,3724205968,0.6463353118382088,1,False,0.29411764705882354
6526,32122,0,hard_neg,Set Peralatan Makan Sendok Garpu Sumpit Kotak HCF31209,set peralatan makan sendok garpu sumpit kotak hcf31209,233895070,ES366 SET SENDOK GARPU SUMPIT TRAVEL BAHAN Jerami,es366 set sendok garpu sumpit travel bahan jerami,3379486410,0.34537459317115743,1,True,0.3333333333333333
18126,27826,0,hard_neg,Refill Isi pulpen gel joyko GPR 263 (24 pcs),refill isi pulpen gel joyko gpr 263 24 pcs,4036535533,[ ECER ] Refill Isi Pulpen Frixion Pilot 0.7/0.5,ecer refill isi pulpen frixion pilot 0 7 0 5,2212256143,0.3497454367232907,1,True,0.2
25686,28940,0,hard_neg,Amoi_fashion Sweater Wanita Crop Unicorn 1 BELIEVE,amoi fashion sweater wanita crop unicorn 1 believe,2246482215,BESS - Sweater Crop Murah Wanita / Sweater Crop RAINBOW,bess sweater crop murah wanita sweater crop rainbow,983044057,0.33323787753070144,1,False,0.2727272727272727
30677,33201,0,hard_neg,Meja Lipat Laptop,meja lipat laptop,2435179429,Meja Setrika hemat tempat karena bisa digantung dan bisa taruh di meja JLL,meja setrika hemat tempat karena bisa digantung dan bisa taruh di meja jll,1809684851,0.3350312399016988,1,False,0.07692307692307693
3352,5487,0,hard_neg,Milo Energy cube 100,milo energy cube 100,2633237860,Milo Cube isi 100 pcs,milo cube isi 100 pcs,1069650426,0.7132197166563656,1,False,0.5
9073,13565,0,hard_neg,Lio maxy Original by kayla,lio maxy original by kayla,2780113851,ORIGINAL KUY BY MOVII,original kuy by movii,2258286322,0.3062025877377023,1,False,0.2857142857142857
2657,29109,0,hard_neg,Gmp Gula Premium 1kg,gmp gula premium 1kg,609155676,Gula Pasir Kiloan 1kg,gula pasir kiloan 1kg,1434307469,0.6164100299611744,1,False,0.3333333333333333
11152,32312,0,hard_neg,JAM TANGAN WANITA SOPHIE MARTIN ERYKAH WPU1045T5 IMPORT HARGA MEMBER SEPT19,jam tangan wanita sophie martin erykah wpu1045t5 import harga member sept19,1618410232,JAM TANGAN WANITA IMPORT RANTAI MAGNET,jam tangan wanita import rantai magnet,469790690,0.37342092912391495,1,False,0.3076923076923077
23503,33337,0,hard_neg,Sandal Off White TTd / Sandal Slide / Sandal Kasual Pria / Sandal Hypebest / Sandal Slop Laris,sandal off white ttd sandal slide sandal kasual pria sandal hypebest sandal slop laris,2977213622,SANDAL SLOP HYPERBEAST OFF WHITE FULL PRINT GRADE 100% ORIGINAL MATRIAL  / SANDAL PRIA,sandal slop hyperbeast off white full print grade 100 original matrial sandal pria,2494220600,0.6443699352413346,1,False,0.29411764705882354
4720,7654,0,hard_neg,Madu Sumbawa Putih Al-Qubro Alqubro 1kg 1 kg,madu sumbawa putih al qubro alqubro 1kg 1 kg,4273038538,[TERMURAH] Madu Kaliandra Alqubro Al Qubro 1 kg 1kg,termurah madu kaliandra alqubro al qubro 1 kg 1kg,2622880584,0.7045167405535238,1,False,0.6363636363636364
24354,33309,0,hard_neg,Korset Pelangsing Peramping Perut Sehabis Melahirkan,korset pelangsing peramping perut sehabis melahirkan,3480387908,Gurita tali ibu melahirkan L XL XXL Jumbo,gurita tali ibu melahirkan l xl xxl jumbo,3057161638,0.42855455501884365,1,False,0.07692307692307693
12136,24784,0,hard_neg,Miniso Official Princess Fashion Large Capacity Cosmetic Pouch,miniso official princess fashion large capacity cosmetic pouch,3449689544,Miniso Official Stylish Simple Handbag Shoulder Bag/ Tas Wanita,miniso official stylish simple handbag shoulder bag tas wanita,4133136123,0.4147026223716685,1,False,0.13333333333333333
7802,16133,0,hard_neg,Ponds Men Sabun Cuci Muka White Boost 100 gr - Sabun Pembersih Wajah Pria Sabun Cuci Muka Pria,ponds men sabun cuci muka white boost 100 gr sabun pembersih wajah pria sabun cuci muka pria,2478023301,Citra Sabun Mandi Cair Natural White 400 ml - Sabun Body Wash Sabun Cair Mandi Sabun Mandi Refill,citra sabun mandi cair natural white 400 ml sabun body wash sabun cair mandi sabun mandi refill,3868704829,0.34175603531360144,1,True,0.09523809523809523
11101,24693,0,hard_neg,Lampu Tumbrl LED Lampu Hias Nyala,lampu tumbrl led lampu hias nyala,1936896598,Lampu Jamur / Lampu Tidur / Lampu Hias / Lampu Avata,lampu jamur lampu tidur lampu hias lampu avata,2378468247,0.7181507289642596,1,False,0.25
7570,27035,0,hard_neg,Cairan pembersih softlens FRESHKON / air pencuci & perendam soflen freshkon clear,cairan pembersih softlens freshkon air pencuci perendam soflen freshkon clear,1892722370,PEMBERSIH SOFTLENS A+ 100ml/ A+ SOLUTION /CAIRAN SOFTLENS,pembersih softlens a 100ml a solution cairan softlens,1705608239,0.6010034718296345,1,False,0.25
20441,28950,0,hard_neg,Korea Anting Tusuk Wanita Elegan dengan Hiasan Kristal Berlian Imitasi,korea anting tusuk wanita elegan dengan hiasan kristal berlian imitasi,425970508,Anting Tusuk Lapis Emas Model Bulat Gaya Vintage untuk Wanita / Musim Panas,anting tusuk lapis emas model bulat gaya vintage untuk wanita musim panas,1498286876,0.3297493387371711,1,False,0.15789473684210525
22870,33191,0,hard_neg,Alat Cukur Rambut Kemei KM-3006 Dan Ukir Washable Hair Clipper Charger,alat cukur rambut kemei km 3006 dan ukir washable hair clipper charger,3201684739,ALAT CUKUR RAMBUT G-MAX MX-4607 / HAIR CLIPPER,alat cukur rambut g max mx 4607 hair clipper,3134042463,0.4801512085032862,1,True,0.3125
4095,20731,0,hard_neg,GABAG - Breastpad  Premium isi 60,gabag breastpad premium isi 60,2813878058,Blackmores Pregnancy & Breastfeeding isi 60 kapsul BPOM,blackmores pregnancy breastfeeding isi 60 kapsul bpom,1797681309,0.3519077134794498,1,False,0.2
13026,25818,0,hard_neg,Sendok Set Jerami Wheat 3 in 1 Alat Makan Set Jerami Wheat,sendok set jerami wheat 3 in 1 alat makan set jerami wheat,233895070,Alat Makan Set Jerami Wheat / Sendok Set Jerami Wheat 3 in 1,alat makan set jerami wheat sendok set jerami wheat 3 in 1,3379486410,0.9704480258233612,1,False,1.0
5420,15971,0,hard_neg,NACIFIC FRESH HERB ORIGIN SERUM 50ML (NEW PACKAGING),nacific fresh herb origin serum 50ml new packaging,4289378698,NACIFIC Fresh Herb Origin Cleansing Foam 150ml,nacific fresh herb origin cleansing foam 150ml,2269100299,0.5285911316160042,1,True,0.36363636363636365
23509,26168,0,hard_neg,Pompa Angin Ban Sepeda,pompa angin ban sepeda,3373740639,REAL BUBEE pompa asi manual,real bubee pompa asi manual,2637814870,0.3405785038057184,1,False,0.125
15981,22935,0,hard_neg,*TERMURAH* PIGEON Baby Powder Compact Cake / Refill Bedak Padat Bayi 45gr 45 gr,termurah pigeon baby powder compact cake refill bedak padat bayi 45gr 45 gr,579435501,Lakme Make Up Bedak Skin Brightening Compact Powder Medium Classic Bedak Padat,lakme make up bedak skin brightening compact powder medium classic bedak padat,1313028914,0.31237536759213663,1,False,0.2
22351,26904,0,hard_neg,Masker Kain Oxford Tali Karet,masker kain oxford tali karet,424232472,Masker kain murah berkualitas TALI SAMBUNG PUTUS/HIJAB DAN KARET GRATIS PLASTIK SATUAN,masker kain murah berkualitas tali sambung putus hijab dan karet gratis plastik satuan,3253287499,0.5361459914568875,1,False,0.2857142857142857
10341,12392,0,hard_neg,Velvet Junior Dreamwear Girls Panjang Baju Tidur Piyama Anak Bayi Motif 3 Cewe Cat,velvet junior dreamwear girls panjang baju tidur piyama anak bayi motif 3 cewe cat,3900142112,[Size SML] Velvet Junior Zootopia Setelan Kancing Pundak Pendek Celana Panjang 3 Pcs,size sml velvet junior zootopia setelan kancing pundak pendek celana panjang 3 pcs,3767540559,0.39555541892938817,1,False,0.17391304347826086
2716,18104,0,hard_neg,"[SHARE] avoskin miraculous refining toner, avoskin miraculous retinol toner retinol serum",share avoskin miraculous refining toner avoskin miraculous retinol toner retinol serum,4291905065,AVOSKIN  Miraculous Retinol Toner 100Ml,avoskin miraculous retinol toner 100ml,1268201436,0.9219139737791661,1,False,0.5
31291,31852,0,hard_neg,\xe3\x80\x9011.11 Price\xe3\x80\x91Oversize Cardigan PREMIUM - Cardigan Rajut Wanita - Bershka Cardi - Cardigan polos,xe3 x80 x9011 11 price xe3 x80 x91oversize cardigan premium cardigan rajut wanita bershka cardi cardigan polos,690585535,RUFFLE CARDIGAN / KARDIGAN WANITA / CARDIGAN WANITA/ OUTER WANITA / KARDIGAN POLOS / OUTER POLOS,ruffle cardigan kardigan wanita cardigan wanita outer wanita kardigan polos outer polos,48363793,0.49762040296656085,1,False,0.1875
12173,12689,0,hard_neg,MUKENA BALI / MUKENA KATUN ICHIO TERBARU MURAH / MUKENA ADEM / GROSIR MUKENA BIG SIZE JUMBO TERMURAH,mukena bali mukena katun ichio terbaru murah mukena adem grosir mukena big size jumbo termurah,2471413169,Mukena bali REMPEL jumbo PARADISE rok polos,mukena bali rempel jumbo paradise rok polos,1170029110,0.4455514406183614,1,False,0.1875
4779,23478,0,hard_neg,Spray Nano Mist USB untuk Melembabkan Wajah Sprayer Humidifier,spray nano mist usb untuk melembabkan wajah sprayer humidifier,3661848281,Alat Nano Facial Spray Mist 30ml Pelembab Wajah Alami,alat nano facial spray mist 30ml pelembab wajah alami,3040690230,0.587810623464403,1,False,0.2857142857142857
5944,24495,0,hard_neg,MANGKUK MASKER SET MURAH ( KUAS MASKER + MANGKOK MASKER ) 4IN1,mangkuk masker set murah kuas masker mangkok masker 4in1,3679027493,Kuas Masker 2in1 (Spatula + Kuas),kuas masker 2in1 spatula kuas,942166117,0.6006697605125435,1,True,0.2222222222222222
15151,27201,0,hard_neg,PANCI GORENG SERBAGUNA / WAJAN ENAMEL TUTUP KACA 32 cm GSF,panci goreng serbaguna wajan enamel tutup kaca 32 cm gsf,1924014244,Wajan enamel anti gores(34&36),wajan enamel anti gores 34 36,756807151,0.35859571177385124,1,True,0.14285714285714285
6503,19086,0,hard_neg,Legging Pendek Jumbo,legging pendek jumbo,937757055,Converse premium kuning pendek,converse premium kuning pendek,1433052436,0.3078707167028337,1,False,0.16666666666666666
12335,30976,0,hard_neg,HDMI Extention Kabel HDMI Male To Female 30cm Kabel Perpanjangan HDMI,hdmi extention kabel hdmi male to female 30cm kabel perpanjangan hdmi,412112378,Kabel Sambungan HDMI / Cable Extension HDMI Male To HDMI Female / HDMI M To HDMI F  Extenxion,kabel sambungan hdmi cable extension hdmi male to hdmi female hdmi m to hdmi f extenxion,2602533565,0.8681159645881283,1,False,0.35714285714285715
2962,24299,0,hard_neg,Dress muslim || lio maxi || dress wanita || fashion muslim,dress muslim lio maxi dress wanita fashion muslim,2780113851,Dress Jumbo Hallow MICKEY /Dress Jumbo Fashion Wanita,dress jumbo hallow mickey dress jumbo fashion wanita,288343058,0.5830947930917452,1,False,0.3333333333333333
12738,15810,0,hard_neg,wadah cat rambut rambut,wadah cat rambut rambut,1587964714,MOKERU Semir Herbal Warna Cat Rambut,mokeru semir herbal warna cat rambut,3060733195,0.60963105467245,1,False,0.2857142857142857
5975,23658,0,hard_neg,SEPATU mizo/SEPATU MURAH/SEPATU SNAKRES/SEPATU OLAH RAGA/SEPATU RUNNING/SEPATU ADIDAS,sepatu mizo sepatu murah sepatu snakres sepatu olah raga sepatu running sepatu adidas,784759211,sepatu converss,sepatu converss,1964914740,0.320925082819612,1,False,0.1111111111111111
5296,7257,0,hard_neg,Perangkap ikan 6 lubang,perangkap ikan 6 lubang,1614773397,TERMURAH 16 Lubang Perangkap ikan / Bubu ikan / Jaring Ikan udang Hexagonal,termurah 16 lubang perangkap ikan bubu ikan jaring ikan udang hexagonal,3460411879,0.7201241492827374,1,True,0.3
8944,26629,0,hard_neg,Fuze samsung j2prime g530prime a10 m10 a20 a30 a20s a30s a50 a50s a21s a01 m21 a11 m11 a31 a51 CS884,fuze samsung j2prime g530prime a10 m10 a20 a30 a20s a30s a50 a50s a21s a01 m21 a11 m11 a31 a51 cs884,2974535963,"Anti crack soft jelly Samsung A10, A10s, A20, A20s, A30, A30s, A50, A50s, A70, M10, M20, M30s,M30",anti crack soft jelly samsung a10 a10s a20 a20s a30 a30s a50 a50s a70 m10 m20 m30s m30,3717044186,0.584492990470372,1,True,0.3103448275862069
22449,22840,0,hard_neg,TERMURAH! Masker Kain Tali Panjang. FREE PLASTIK & BEBAS PILIH WARNA. Bisa ECER(<1KODI/20pcs).,termurah masker kain tali panjang free plastik bebas pilih warna bisa ecer 1kodi 20pcs,232318354,Dress Kerut Panjang Dewasa Bali/Pilih Motif dan Warna,dress kerut panjang dewasa bali pilih motif dan warna,1223373872,0.3603708436412586,1,False,0.15
4662,23134,0,hard_neg,Salep BL 100% Asli Original - Cream BL - Salep Gatal-Eksim- Jamur,salep bl 100 asli original cream bl salep gatal eksim jamur,2473164680,Salep Acne,salep acne,1394067435,0.32306671483600446,1,False,0.1
13102,25939,0,hard_neg,MS GLOW PAKET ACNE,ms glow paket acne,2198369477,Ms Glow Paket Acne Basic,ms glow paket acne basic,3914893545,0.9471875568907488,1,False,0.8
7814,18490,0,hard_neg,Lakme Classic Reinvent Skin Brightening Foundation,lakme classic reinvent skin brightening foundation,2096746314,Lakme Classics Reinvent Skin Brightening Compact,lakme classics reinvent skin brightening compact,1313028914,0.9102982265781832,1,False,0.5
8894,15178,0,hard_neg,PIYAMA HP ( LENGAN PENDEK+CELANA PENDEK ) MOTIF KARAKTER,piyama hp lengan pendek celana pendek motif karakter,3408803971,BAJU TIDUR PIYAMA DEWASA PDK SETELAN PENDEK KATUN DORAEMON,baju tidur piyama dewasa pdk setelan pendek katun doraemon,2706567003,0.5672690483169891,1,False,0.14285714285714285
3415,11521,0,hard_neg,Emina Cheek Lit Cream Blush 10 ml,emina cheek lit cream blush 10 ml,2770620676,IMPLORA CHEEK & LIPTINT / EMINA LIPTINT ORIGINAL,implora cheek liptint emina liptint original,3627744656,0.3464342833445734,1,False,0.2
28184,28264,0,hard_neg,REAL PICT ! LV TABUNG SLING BAG TAS IMPORT TAS BATAM TERMURAH,real pict lv tabung sling bag tas import tas batam termurah,1167470544,Sling bag,sling bag,1625419473,0.5934665519059663,1,False,0.2
10151,10671,0,hard_neg,Syb Forte Red jelly glow serum original,syb forte red jelly glow serum original,4094795400,Serum luminous ms glow ori / msglow original,serum luminous ms glow ori msglow original,2092002172,0.6095168297256028,1,False,0.2727272727272727
9899,24775,0,hard_neg,CELANA PANJANG SIRWAL PANGSI SANTAI PRIA COWOK,celana panjang sirwal pangsi santai pria cowok,1873624642,Celana joger cargo sirwal premium original forward,celana joger cargo sirwal premium original forward,2024515517,0.37387601741078513,1,False,0.16666666666666666
7638,23584,0,hard_neg,SPA BODY HANASUI BPOM,spa body hanasui bpom,3193816851,[BPOM] HANASUI SERUM Rich Nutrition / Propolis / Bright Up 25ml,bpom hanasui serum rich nutrition propolis bright up 25ml,40040342,0.35178454163885015,1,False,0.18181818181818182
22261,30892,0,hard_neg,Jilbab anak/bayi bergo polos tali,jilbab anak bayi bergo polos tali,862560029,BERGO AZALEA NONPET JUMBO TALI bahan diamond - kerudung khimar jilbab jumbo syari,bergo azalea nonpet jumbo tali bahan diamond kerudung khimar jilbab jumbo syari,1694458330,0.34127719236037934,1,False,0.21428571428571427
4992,8208,0,hard_neg,(KEMASAN BARU) WARDAH LIGHTENING DAY / NIGHT CREAM 30gr,kemasan baru wardah lightening day night cream 30gr,1774190279,Dr pure Night Cream 20gram,dr pure night cream 20gram,3225705412,0.5216734168922568,1,True,0.18181818181818182
13743,32049,0,hard_neg,Sikat Botol susu Bayi 2in1 NINIO Sikat Spon pembersih botol susu bayi,sikat botol susu bayi 2in1 ninio sikat spon pembersih botol susu bayi,1659847084,Ninio Dot Silicon Dot Botol Susu Bayi Deluxe Seri SML,ninio dot silicon dot botol susu bayi deluxe seri sml,3185230186,0.47360920739757023,1,False,0.3076923076923077
8830,10099,0,hard_neg,DASTER MANOHARA BALI PANJANG MOTIF ETNIK,daster manohara bali panjang motif etnik,3911606121,Daster Mega Payung Bali Motif Ranting,daster mega payung bali motif ranting,1919600510,0.38115481656384786,1,False,0.3333333333333333
3760,22925,0,hard_neg,TBIG [COD] Sneaker Sepatu Tali Sepatu Korea Style Sepatu Santai Wanita,tbig cod sneaker sepatu tali sepatu korea style sepatu santai wanita,2048281001,DROPSHIP COD ONLY !!! SEPATU OLAHRAGA JHAMES,dropship cod only sepatu olahraga jhames,1602074868,0.336554567133416,1,False,0.15384615384615385
6376,12256,0,hard_neg,Net badminton Gto,net badminton gto,3196549456,Adidas Badminton Spieler E68 10M Badminton String,adidas badminton spieler e68 10m badminton string,1952403181,0.7464650096298454,1,False,0.125
20105,32290,0,hard_neg,Daster Batik Bali Lengan pendek - Motif Acak / Campur - Leher Kancing BUSUI - BUMIL - Batik Alhadi,daster batik bali lengan pendek motif acak campur leher kancing busui bumil batik alhadi,3150867956,Daster Batik Lengan pendek - Motif Acak / Campur - Leher Kancing (DPT001-00) Batik karakter busui,daster batik lengan pendek motif acak campur leher kancing dpt001 00 batik karakter busui,2453599242,0.8263814041269978,1,False,0.625
5406,5449,0,hard_neg,ACNES Washing Bar 80gr,acnes washing bar 80gr,1650317636,Acnes toner,acnes toner,1176059503,0.5425588612138634,1,False,0.2
7114,18178,0,hard_neg,Wardah Everyday Luminous Liquid Foundation 02 Light Beige 40 ml,wardah everyday luminous liquid foundation 02 light beige 40 ml,2651908416,[READY!] Wardah Lightening Powder Foundation,ready wardah lightening powder foundation,1563437474,0.5983935199016761,1,False,0.15384615384615385
21329,30689,0,hard_neg,DOMPET CHANNEL SAPHIRE SUPER DOMPET WANITA CHANEL FLIP DOMPET CHANEL MINI FLAT / DOMPET UANG KERTAS,dompet channel saphire super dompet wanita chanel flip dompet chanel mini flat dompet uang kertas,406103859,DOMPET CHANEL MURAH WANITA 01 dompet OVAL KOIN DAN UANG KERTAS OVAL BAKPAO chanel Dompet import KOIN,dompet chanel murah wanita 01 dompet oval koin dan uang kertas oval bakpao chanel dompet import koin,534606580,0.6904472246036957,1,False,0.2777777777777778
14345,24426,0,hard_neg,APD Face Shield ANAK Pelindung Wajah,apd face shield anak pelindung wajah,3661744373,Face Shield Anak / Balita Pelindung Wajah APD,face shield anak balita pelindung wajah apd,4103086857,0.9642760394892934,1,False,0.8571428571428571
5945,25952,0,hard_neg,ORIGINAL Cussons Baby Hair Lotion 100ml+100ml & 50ml+50ml / Cusson Hair Lotion Bayi / LEDI MART,original cussons baby hair lotion 100ml 100ml 50ml 50ml cusson hair lotion bayi ledi mart,1344355875,CUSSONS BABY Moscare Skin Protection Lotion/Lotion Anti Nyamuk CUSSONS BABY 50 Gram/50 gr/50gr,cussons baby moscare skin protection lotion lotion anti nyamuk cussons baby 50 gram 50 gr 50gr,2062263771,0.6737054587607167,1,True,0.15
410,22515,0,hard_neg,\xf0\x9f\x87\xb2\xf0\x9f\x87\xa8MG\xf0\x9f\x87\xb2\xf0\x9f\x87\xa8 BANDANA BD07 BANDANA KOREA STYLE BANDO RAMBUT IMPOR MURAH,xf0 x9f x87 xb2 xf0 x9f x87 xa8mg xf0 x9f x87 xb2 xf0 x9f x87 xa8 bandana bd07 bandana korea style bando rambut impor murah,2175782653,\xf0\x9f\x87\xb2\xf0\x9f\x87\xa8MG\xf0\x9f\x87\xb2\xf0\x9f\x87\xa8 Stiker Bintang R34 Stiker Dinding Glow in The Dark 100PCS BINTANG,xf0 x9f x87 xb2 xf0 x9f x87 xa8mg xf0 x9f x87 xb2 xf0 x9f x87 xa8 stiker bintang r34 stiker dinding glow in the dark 100pcs bintang,2167497065,0.40801850796613126,1,True,0.2608695652173913
10982,11899,0,hard_neg,Premium full screen protector 5D XIAOMI REDMI NOTE 5/NOTE 5 PRO tempered glass full covered,premium full screen protector 5d xiaomi redmi note 5 note 5 pro tempered glass full covered,1368205666,SIKAI Bumper Shell Case Screen Protector Xiaomi Amazfit BIP Lite Youth,sikai bumper shell case screen protector xiaomi amazfit bip lite youth,1615419327,0.4097761114403804,1,False,0.14285714285714285
16969,33689,0,hard_neg,Sepatu Slip On Wanita US,sepatu slip on wanita us,149330795,"b""Panarybody Sepatu Pria sepatu casual pria sepatu slip on pria Sepatu Kasual Impor Men's shoes""",b panarybody sepatu pria sepatu casual pria sepatu slip on pria sepatu kasual impor men s shoes,2768827468,0.6555665092684609,1,False,0.21428571428571427
18986,28675,0,hard_neg,Tas Selempang Waistbag Keren Murah COD,tas selempang waistbag keren murah cod,768497034,Tas selempang usb,tas selempang usb,1105071141,0.39774943981385547,1,False,0.2857142857142857
19486,25392,0,hard_neg,"Parfum Mobil Kopi Bali // Pengharum Mobil Aroma Kopi Bali ""ORIGINAL""",parfum mobil kopi bali pengharum mobil aroma kopi bali original,732573709,DORFREE CAR AND HOME PARFUM MOBIL,dorfree car and home parfum mobil,847060368,0.5771736771729121,1,False,0.18181818181818182
10884,29470,0,hard_neg,konektor masker hijab / pengait masker tali kain,konektor masker hijab pengait masker tali kain,642283221,BARU!! Konektor Pengait Tali Masker Random,baru konektor pengait tali masker random,242335673,0.8010138815225466,1,False,0.5
6953,14044,0,hard_neg,JILBAB/HIJAB KHIMAR SEGITIGA BOBAL 2LAYER DIAMOND,jilbab hijab khimar segitiga bobal 2layer diamond,2008989859,Khimar hijab jilbab/syari Trivia 3 Layer,khimar hijab jilbab syari trivia 3 layer,3345443347,0.5669226981180218,1,True,0.2727272727272727
8677,20554,0,hard_neg,sandal balance 1603-21/wedges jelly wanita/sandal jelly balance/sandal wanita,sandal balance 1603 21 wedges jelly wanita sandal jelly balance sandal wanita,471199527,sandal Balance 1605-8/sandal jelly wanita/wedges jelly wanita,sandal balance 1605 8 sandal jelly wanita wedges jelly wanita,1601032931,0.9108724686174362,1,True,0.5555555555555556
12738,26532,0,hard_neg,wadah cat rambut rambut,wadah cat rambut rambut,1587964714,Topi Semir Cat Rambut / Highlight Profesional Silikon Reusable + Kait Logam Made In USA,topi semir cat rambut highlight profesional silikon reusable kait logam made in usa,552978251,0.36602860177131324,1,False,0.14285714285714285
22487,23369,0,hard_neg,CCG Cetakan Bakso Bahan Stainless Anti Lengket,ccg cetakan bakso bahan stainless anti lengket,2754788305,Alas Rolling dengan Bahan Anti-Lengket untuk Adonan Kue / Fondant,alas rolling dengan bahan anti lengket untuk adonan kue fondant,2817848024,0.3457138687340421,1,False,0.21428571428571427
3524,21201,0,hard_neg,Lovely Brown Bear Case OPPO A5 2020/A9 2020 A3S F9 A7 A5S A12 A39 A57 F1S F5 Youth A83 OPPO A1K/Realme C2/F11 Reno A37 Neo 9 Realme C1 5 5S 5i 6I C3 A52 A72 A92Case iPhone 6S Case VIVO Y11 Y12 Y15 Y17 Y91C Y93 Y95 V5S Y71 Y83 Y81 V9 V15 Y11 Y12 Y15 Y17,lovely brown bear case oppo a5 2020 a9 2020 a3s f9 a7 a5s a12 a39 a57 f1s f5 youth a83 oppo a1k realme c2 f11 reno a37 neo 9 realme c1 5 5s 5i 6i c3 a52 a72 a92case iphone 6s case vivo y11 y12 y15 y17 y91c y93 y95 v5s y71 y83 y81 v9 v15 y11 y12 y15 y17,3679224078,Case Desain Kamera Untuk Oppo F11 F9 Pro A1K A7 A3S A5S A37 A39 A57 A71 A83 F1S F1 F3 Plus F5 F7 Realme 3 Pro C1 C2 3,case desain kamera untuk oppo f11 f9 pro a1k a7 a3s a5s a37 a39 a57 a71 a83 f1s f1 f3 plus f5 f7 realme 3 pro c1 c2 3,667525853,0.39934096010283054,1,True,0.27419354838709675
19891,33777,0,hard_neg,Mukena Dewasa Silky Briana,mukena dewasa silky briana,764328725,MUKENA DEWASA FATIMAH KHADIJAH MUKENA KHADIJAH SYAHRINI TERMURAH,mukena dewasa fatimah khadijah mukena khadijah syahrini termurah,2474117531,0.38080210069253423,1,False,0.25
4595,27695,0,hard_neg,TABITA GLOW PAKET TRIAL ORIGINAL / TABITA TRAVEL,tabita glow paket trial original tabita travel,1966793730,Paket Tabita Skin Care Original Besar,paket tabita skin care original besar,2591192196,0.5968487519737388,1,False,0.3333333333333333
5546,25529,0,hard_neg,M1-700ml Dispenser Sabun dengan Sensor IR Otomatis hand sanitizer Mesin Perlengkapan Rumah,m1 700ml dispenser sabun dengan sensor ir otomatis hand sanitizer mesin perlengkapan rumah,3738186365,Dispenser Sabun SINGLE,dispenser sabun single,4096528924,0.5450190840058619,1,False,0.14285714285714285
7370,19083,0,hard_neg,Aqila Polka Maxy Dress l Gamis Maxy Termurah,aqila polka maxy dress l gamis maxy termurah,2722794324,HARUKA MAXY BORDIR / MOSSCREPE MAXY / BISMILLAH,haruka maxy bordir mosscrepe maxy bismillah,1044552299,0.41467484841690705,1,False,0.09090909090909091
9122,30855,0,hard_neg,sepatu converse allstar special edition,sepatu converse allstar special edition,1433052436,Sepatu Sneakers Converse All Star SEPATUCONVERSE ALLSTAR Chuck Taylor X Undefeated low CT 2,sepatu sneakers converse all star sepatuconverse allstar chuck taylor x undefeated low ct 2,209689048,0.7655635701543938,1,False,0.1875
3495,11043,0,hard_neg,HIJAB DEENAY CORNER SERIES,hijab deenay corner series,3426257797,MASKER HIJAB DAN NON HIJAB BAHAN  MOUSCREPE,masker hijab dan non hijab bahan mouscrepe,69531814,0.3424685466909462,1,False,0.1111111111111111
9356,32350,0,hard_neg,Botol minum kapasitas 2 liter / water pot bottle SELIYA 2 L with sedotan,botol minum kapasitas 2 liter water pot bottle seliya 2 l with sedotan,1862772245,[Jakarta]  My Bottle  + Pouch Warna Infused Water 500ml  - Botol Minum,jakarta my bottle pouch warna infused water 500ml botol minum,343430296,0.3788949015341759,1,True,0.2222222222222222
3237,15811,0,hard_neg,RAUTAN PENSIL KARAKTER / PERLENGKAPAN ALAT TULIS SEKOLAH,rautan pensil karakter perlengkapan alat tulis sekolah,2410929027,STATIONARY SET FREE BAG / SET ALAT TULIS ANAK SEKOLAH MOTIF KARTUN.,stationary set free bag set alat tulis anak sekolah motif kartun,2885860487,0.4848104818070356,1,False,0.21428571428571427
20120,32028,0,hard_neg,PEPSODENT Action 123 Pasta Gigi Charcoal 160gr,pepsodent action 123 pasta gigi charcoal 160gr,3500184040,Sensitive Expert By Pepsodent Pasta Gigi Gum Care 100g Anti Bakteri,sensitive expert by pepsodent pasta gigi gum care 100g anti bakteri,2590814421,0.3335180009163629,1,True,0.2
14019,17220,0,hard_neg,Habbatussauda kurma ajwa 120 kapsul,habbatussauda kurma ajwa 120 kapsul,3089856208,Habbatussauda Oil Soft Capsule Minyak Habbatussauda Sehat Nabawi 200 Kapsul softgel,habbatussauda oil soft capsule minyak habbatussauda sehat nabawi 200 kapsul softgel,1714474066,0.6961345909872064,1,True,0.15384615384615385
18858,31075,0,hard_neg,Scarlett Whitening Body Lotion,scarlett whitening body lotion,4142443181,GARNIER Light Complete Extra Whitening Serum Milk UV Body Lotion 400ml,garnier light complete extra whitening serum milk uv body lotion 400ml,4340963,0.4463651943016499,1,False,0.25
2475,18551,0,hard_neg,PINSET - PENJEPIT CABUT BULU,pinset penjepit cabut bulu,179508880,Penjepit Kayu,penjepit kayu,2386318710,0.6956212532335246,1,False,0.2
15547,15884,0,hard_neg,PVN Sepatu Sneakers Wanita Sport Shoes 694,pvn sepatu sneakers wanita sport shoes 694,3319810322,SEPATU SNEAKERS WANITA M DV 98,sepatu sneakers wanita m dv 98,2470037095,0.7455890827968992,1,True,0.3
28407,32839,0,hard_neg,Extershield Masker Kain 3ply Dewasa Premium Antimicrobial Non Medis,extershield masker kain 3ply dewasa premium antimicrobial non medis,2274307664,Masker kain non medis 3 ply motif,masker kain non medis 3 ply motif,1265320427,0.46856538699044775,1,False,0.3333333333333333
1655,3256,0,hard_neg,Bubble Wrap,bubble wrap,4198148727,FREE MASKER & BUBBLE WRAP!! JOK PORTABLE BONCENGAN MOTOR ANAK / JOK SADEL KURSI BONCENG MOTOR,free masker bubble wrap jok portable boncengan motor anak jok sadel kursi bonceng motor,165136504,0.5816258096845734,1,False,0.16666666666666666
19424,30107,0,hard_neg,Naturein Hand Sanitizer 100ml nature in hand sanitizer,naturein hand sanitizer 100ml nature in hand sanitizer,436095484,Beautain Hand Gel Sanitizer 120ml,beautain hand gel sanitizer 120ml,2269606587,0.44314130601373314,1,True,0.2222222222222222
3916,18867,0,hard_neg,MURAH!! SUGAR BABY Perlak (Perlak Karet Waterproof Bayi Untuk Ompol)| Perlengkapan Bayi / Newborn,murah sugar baby perlak perlak karet waterproof bayi untuk ompol perlengkapan bayi newborn,997220911,Topi bayi Newborn Baby Needs,topi bayi newborn baby needs,419246877,0.5090720358302083,1,False,0.23076923076923078
7370,23832,0,hard_neg,Aqila Polka Maxy Dress l Gamis Maxy Termurah,aqila polka maxy dress l gamis maxy termurah,2722794324,GAMIS MAXY DRESS GHANIA PLISKET,gamis maxy dress ghania plisket,4156942622,0.47602260710010325,1,False,0.3333333333333333
5966,21663,0,hard_neg,SATOO Micro SD Card Reader OTG Micro USB For Smartphone Android & Tablet,satoo micro sd card reader otg micro usb for smartphone android tablet,4026078435,Adapter Converter OTG Micro USB Male to USB 2.0 Female untuk Smartphone Android,adapter converter otg micro usb male to usb 2 0 female untuk smartphone android,2502846087,0.5755990297539482,1,False,0.2631578947368421
12858,23725,0,hard_neg,Bathaholic Reed Diffuser Aromatherapy Healing Grass 150ml Bathaholic,bathaholic reed diffuser aromatherapy healing grass 150ml bathaholic,1248941703,Pengharum Ruangan Aroma Terapi Dengan Rattan Stick Reed Diffuser isi 50ml,pengharum ruangan aroma terapi dengan rattan stick reed diffuser isi 50ml,1278345449,0.30794524769522225,1,True,0.125
1415,14089,0,hard_neg,"b""Jumper Flower Cart's (SNI) 5  1 | Jumper Bayi Pendek Flower Carts (isi 5 pcs)""",b jumper flower cart s sni 5 1 jumper bayi pendek flower carts isi 5 pcs,1450224447,Jumper bayi polos,jumper bayi polos,634404165,0.4227306183171179,1,False,0.14285714285714285
4961,29819,0,hard_neg,Soya Mix / Zoya  Mix SACHET 20gr,soya mix zoya mix sachet 20gr,148719785,Mamabear Mama Bear Zoya Mix / Soya Mix / Soyamix 200gr (isi 10 Sachet),mamabear mama bear zoya mix soya mix soyamix 200gr isi 10 sachet,1680535208,0.7855863596837862,1,True,0.3333333333333333
7229,27625,0,hard_neg,Frisian Flag Coklat Kompleta 800 gr,frisian flag coklat kompleta 800 gr,2871839094,"Frisian Flag 123 , 456 vanila , madu & cokelat 800gr",frisian flag 123 456 vanila madu cokelat 800gr,1173156333,0.5615899300983606,1,True,0.16666666666666666
12790,16226,0,hard_neg,(COUPLE) ANAK&DEWASA Kaos Distro DEWASA,couple anak dewasa kaos distro dewasa,2634784083,mukena couple ibu anak Talia murah,mukena couple ibu anak talia murah,3660894532,0.30529929501811004,1,False,0.2222222222222222
8286,10955,0,hard_neg,Jepit Rambut Model Mutiara Bahan Metal untuk Wanita,jepit rambut model mutiara bahan metal untuk wanita,2549722113,Spons Sanggul Rambut dengan Pita Pengikat untuk Wanita,spons sanggul rambut dengan pita pengikat untuk wanita,3135642490,0.5786393486229562,1,False,0.23076923076923078
5957,27884,0,hard_neg,ESENSES Waterproof Volume Mascara 8ml,esenses waterproof volume mascara 8ml,4276391264,EVANY ESENSES MASCARA WATERPROOF / VOLUME MASKARA,evany esenses mascara waterproof volume maskara,2092622846,0.8893175885633215,1,False,0.5714285714285714
2996,22059,0,hard_neg,Bisa COD Mukena Basmallah Renda Tas Sajadah,bisa cod mukena basmallah renda tas sajadah,2864249892,MUKENA ANAK FROZEN TAS SAJADAH,mukena anak frozen tas sajadah,1569494229,0.488109138813809,1,False,0.3333333333333333
15463,28458,0,hard_neg,NOVA NS-216 Alat Cukur Rambut Pencukur Kumis Dan Jenggot Hair Trimmer,nova ns 216 alat cukur rambut pencukur kumis dan jenggot hair trimmer,3580263851,Hair Dryer Nova Pengering Rambut Hairdryer Hairdrayer alat Lipat,hair dryer nova pengering rambut hairdryer hairdrayer alat lipat,682082741,0.34276611890284125,1,False,0.23529411764705882
207,10663,0,hard_neg,AM377 Jepitan Gorengan Dengan Tirisan Minyak,am377 jepitan gorengan dengan tirisan minyak,1221129663,JEPITAN GORENGAN / PENJEPIT GORENGAN TAHAN PANAS TERMURAH !! [ 100 GR],jepitan gorengan penjepit gorengan tahan panas termurah 100 gr,3814322323,0.3582885700845132,1,True,0.16666666666666666
849,21612,0,hard_neg,Spons Beauty Blender / Sponge Beauty Blender,spons beauty blender sponge beauty blender,1111259106,Spon Cuci Piring Spon Busa Pelangi Warna Warni Spons Cuci Piring Sponge Murah Cleaning Pad Sponge,spon cuci piring spon busa pelangi warna warni spons cuci piring sponge murah cleaning pad sponge,2623425952,0.48926508534560237,1,False,0.14285714285714285
19367,21843,0,hard_neg,Dasar dasar akuntansi jilid 1 edisi 7 - Al Haryono jusup,dasar dasar akuntansi jilid 1 edisi 7 al haryono jusup,389219197,Pengantar Akuntansi 1 Adaptasi Indonesia Edisi 4 - Carl S. Warren,pengantar akuntansi 1 adaptasi indonesia edisi 4 carl s warren,660649229,0.31789054294325075,1,True,0.1875
14873,23743,0,hard_neg,Konicare Minyak Telon Plus 30 mL,konicare minyak telon plus 30 ml,117207661,Konicare Telon Reguler 125ml,konicare telon reguler 125ml,2168147177,0.33331465346419875,1,True,0.25
3163,12672,0,hard_neg,"[KKS] Sarung tangan Cuci piring, Sarung tangan pembersih dapur Tahan Air",kks sarung tangan cuci piring sarung tangan pembersih dapur tahan air,3170475874,sarung tangan kain nike murah,sarung tangan kain nike murah,2007706703,0.5533808767310426,1,False,0.16666666666666666
7228,21072,0,hard_neg,Headband Sport Hairband bandana elastis yoga gym Futsal Fitness basket olahraga unisex Pria Wanita,headband sport hairband bandana elastis yoga gym futsal fitness basket olahraga unisex pria wanita,3631627646,Pocket Snap SET / Setelan Baju senam Import / Baju Olahraga Yoga FItness Gym Wanita,pocket snap set setelan baju senam import baju olahraga yoga fitness gym wanita,1173109792,0.6904796783926451,1,False,0.23809523809523808
13388,33135,0,hard_neg,COLAB Dry Shampoo - Original,colab dry shampoo original,2470970076,MOKERU SEMIR (Ready stock) HERBAL SHAMPOO MOKERU SHAMPOO WARNA CAT RAMBUT,mokeru semir ready stock herbal shampoo mokeru shampoo warna cat rambut,3060733195,0.4815731213640469,1,False,0.08333333333333333
3916,23198,0,hard_neg,MURAH!! SUGAR BABY Perlak (Perlak Karet Waterproof Bayi Untuk Ompol)| Perlengkapan Bayi / Newborn,murah sugar baby perlak perlak karet waterproof bayi untuk ompol perlengkapan bayi newborn,997220911,Stroller Bayi PLIKO Adventure 2 BARU/ Kereta Dorong Bayi / Dorongan Bayi/Stroller Perlengkapan Bayi,stroller bayi pliko adventure 2 baru kereta dorong bayi dorongan bayi stroller perlengkapan bayi,2039518241,0.3478461612714259,1,False,0.10526315789473684
10690,19819,0,hard_neg,[PROMO 1 HARI] 1 BOX DHAFF FACIAL SOAP | SABUN DHAFF BEAUTY | SABUN BEXINDO GREENTEA BEAUTY EXPOSURE,promo 1 hari 1 box dhaff facial soap sabun dhaff beauty sabun bexindo greentea beauty exposure,1386040838,Grosir Klinskin Beauty Soap,grosir klinskin beauty soap,950756299,0.4822726559906486,1,False,0.14285714285714285
3510,19235,0,hard_neg,PENSIL WARNA FABER CASTELL CLASSIC 12 PENDEK,pensil warna faber castell classic 12 pendek,618541066,Faber Castell Pensil 2B (DIJUAL LUSINAN) Murah Berkualitas,faber castell pensil 2b dijual lusinan murah berkualitas,2903956460,0.3333027785133131,1,True,0.25
20657,23635,0,hard_neg,[Kode 018-032] CARTOON - Griptok Ring 3D/ Phone Holder PVC/ Stand HP/ Phone Stand/ Phone Grip,kode 018 032 cartoon griptok ring 3d phone holder pvc stand hp phone stand phone grip,290896841,Popsocket Quicksand Cute Kitty Bear Cony Phone Holder Expanding Stand Finger Holder iPhone OPPO VIVO XIAOMI REDMI SAMSUNG,popsocket quicksand cute kitty bear cony phone holder expanding stand finger holder iphone oppo vivo xiaomi redmi samsung,490317113,0.30751402954550117,1,False,0.1111111111111111
22060,28872,0,hard_neg,MUKENA ANAK KATUN FROZEN SISTER TAS SAJADAH PINK,mukena anak katun frozen sister tas sajadah pink,1569494229,Mukena Anak Katun Tsum Alphabet Pink ( Tas Ransel ),mukena anak katun tsum alphabet pink tas ransel,1987802018,0.5756260080711211,1,False,0.45454545454545453
14159,28182,0,hard_neg,KAOS POLOS WANITA O NECK XXL JUMBO LENGAN PANJANG / BIG SIZE LENGAN PANJANG,kaos polos wanita o neck xxl jumbo lengan panjang big size lengan panjang,97193149,Celana Panjang Legging Jeans Wanita Pinggang Karet Jegging JUMBO BIG SIZE JSK,celana panjang legging jeans wanita pinggang karet jegging jumbo big size jsk,2462304931,0.5837760766166938,1,False,0.2777777777777778
8978,31342,0,hard_neg,Pixy Matte In Love Lipstick,pixy matte in love lipstick,1247415713,COD DNM Lipstick Cair / Lipgloss Matte Velvet Anti Air Tidak Lengket,cod dnm lipstick cair lipgloss matte velvet anti air tidak lengket,613369054,0.5223059990355364,1,False,0.14285714285714285
10392,19190,0,hard_neg,Implora Deep Black Mascara Original BPOM,implora deep black mascara original bpom,220104288,Implora Cheek & Liptint BPOM,implora cheek liptint bpom,3627744656,0.4695122318260247,1,False,0.25
3163,23026,0,hard_neg,"[KKS] Sarung tangan Cuci piring, Sarung tangan pembersih dapur Tahan Air",kks sarung tangan cuci piring sarung tangan pembersih dapur tahan air,3170475874,sarung tangan karet sarung tangan cuci piring perlengkapan dapur alat pelindung tangan HM49,sarung tangan karet sarung tangan cuci piring perlengkapan dapur alat pelindung tangan hm49,3715162867,0.7539061774366609,1,False,0.35714285714285715
9867,12259,0,hard_neg,Cussons Baby Moscare Skin Protection Lotion Anti Nyamuk Bayi,cussons baby moscare skin protection lotion anti nyamuk bayi,2062263771,BPOM - Cussons Baby Hair Lotion 100ml+100ml & 50ml+50ml / Cusson Hair Lotion Bayi / SYE MART,bpom cussons baby hair lotion 100ml 100ml 50ml 50ml cusson hair lotion bayi sye mart,1344355875,0.5748295512659228,1,False,0.25
2785,32846,0,hard_neg,Koko lis hedlong baju koko lis simple lengan 3/4 four one  kurta pakistan,koko lis hedlong baju koko lis simple lengan 3 4 four one kurta pakistan,256111454,Kemeja koko qurta pakistan NAVY,kemeja koko qurta pakistan navy,1367471899,0.5676468875225812,1,False,0.13333333333333333
9652,10458,0,hard_neg,MUKENA AYU TINGTING MUKENA DEWASA FREE TAS RENDA WARNA WARNI,mukena ayu tingting mukena dewasa free tas renda warna warni,4179657875,MUKENA DEWASA TRAVELING SYAHBANI ALA SITI KHODIJAH,mukena dewasa traveling syahbani ala siti khodijah,4052663637,0.3970303535796051,1,False,0.14285714285714285
20641,22100,0,hard_neg,Taplak Meja Plastik Polos / Plastic Table Cover,taplak meja plastik polos plastic table cover,2227917026,PLASTIC Bag Dispenser Storage Box Organizer Tempat Penyimpanan Kantong Plastik Plastic Container,plastic bag dispenser storage box organizer tempat penyimpanan kantong plastik plastic container,3900483124,0.475959502876584,1,False,0.125
1655,3753,0,hard_neg,Bubble Wrap,bubble wrap,4198148727,TERMURAH PLASTIK BUBBLE WRAP BUBBLEWRAP 500cm x 125cm 5 METER 5METER MURAH DAN TEBAL,termurah plastik bubble wrap bubblewrap 500cm x 125cm 5 meter 5meter murah dan tebal,688154394,0.8249970920634606,1,False,0.14285714285714285
258,11579,0,hard_neg,KERANJANG BAJU LAUNDRY LIPAT SERBAGUNA CANVAS LAUNDRY BAG,keranjang baju laundry lipat serbaguna canvas laundry bag,523074739,TAS LAUNDRY BAG NET JARING ZIPPER/TAS BAJU KOTOR RESLETING,tas laundry bag net jaring zipper tas baju kotor resleting,2984010133,0.6896088742915785,1,False,0.23076923076923078
12738,30019,0,hard_neg,wadah cat rambut rambut,wadah cat rambut rambut,1587964714,Ikat Rambut Gaya Korea dengan Rambut Palsu untuk Wanita,ikat rambut gaya korea dengan rambut palsu untuk wanita,4086628805,0.7054665880283362,1,False,0.1
20550,27847,0,hard_neg,Babysafe Teether Gigitan Bayi Baby Safe,babysafe teether gigitan bayi baby safe,2720138789,LAKOE mainan gigitan bayi/ baby fuit teether/teether Bentuk Buah BPA FREE,lakoe mainan gigitan bayi baby fuit teether teether bentuk buah bpa free,3326267479,0.7277011972109939,1,False,0.3076923076923077
11838,13147,0,hard_neg,Pixy UV Whitening BB Cream 30ml,pixy uv whitening bb cream 30ml,675684152,Pixy UV Whitening Loose Powder,pixy uv whitening loose powder,3296667819,0.6366611241392638,1,False,0.375
8945,28620,0,hard_neg,Fuze vivo y91 y17 y12 y15 y93 y95 y81 y83 y71 y53 v5 v7 y30 y50 v17 y11 s1 pro y69 y20 y12i CS881,fuze vivo y91 y17 y12 y15 y93 y95 y81 y83 y71 y53 v5 v7 y30 y50 v17 y11 s1 pro y69 y20 y12i cs881,2974535963,TEMPERED GLASS 5D/6D/9D FULL COVER VIVO V17/V17 PRO/S1/S1 PRO/Y12/Y15/Y17/Y53/Y55/Y71/Y81/Y83,tempered glass 5d 6d 9d full cover vivo v17 v17 pro s1 s1 pro y12 y15 y17 y53 y55 y71 y81 y83,2880882957,0.5437951711224243,1,True,0.34375
22755,29514,0,hard_neg,Konektor Masker Hijab/Pengait Tali Masker,konektor masker hijab pengait tali masker,642283221,Masker Kain Masker Tali Masker Hijab,masker kain masker tali masker hijab,2494171542,0.8726429616229294,1,False,0.5
5966,24610,0,hard_neg,SATOO Micro SD Card Reader OTG Micro USB For Smartphone Android & Tablet,satoo micro sd card reader otg micro usb for smartphone android tablet,4026078435,KSM 3.5mm Microphone with Clip for Smartphone / Laptop / Tablet - SR-503,ksm 3 5mm microphone with clip for smartphone laptop tablet sr 503,582022491,0.3760270222729105,1,False,0.15
21885,29164,0,hard_neg,HPD004 - Kuas Silikon Masakan Kuas Alat Masak Silikon Alat Oles Kue Cake Roti barbecue Mente food,hpd004 kuas silikon masakan kuas alat masak silikon alat oles kue cake roti barbecue mente food,1733221456,"Cetakan Adonan Roti Bahan Silikon, Warna Acak",cetakan adonan roti bahan silikon warna acak,3463295100,0.4261913593481516,1,False,0.1111111111111111
21529,22992,0,hard_neg,PROMO!! FLIPFLOP PATAYA,promo flipflop pataya,4016150250,Slip Sandal Daff 11 Pataya,slip sandal daff 11 pataya,98248312,0.5046610772032075,1,False,0.14285714285714285
19170,24113,0,hard_neg,Long top tunik polos,long top tunik polos,1016178132,Vania tunik,vania tunik,987184881,0.5733402703740585,1,False,0.2
29028,32554,0,hard_neg,Holisticare ester c 30 tablet suplemen vitamin penambah imunitas kekebalan tubuh antibodi imun,holisticare ester c 30 tablet suplemen vitamin penambah imunitas kekebalan tubuh antibodi imun,3142856809,Vitamin C ipi 45 tablet,vitamin c ipi 45 tablet,2945967054,0.31181250838388574,1,True,0.2
18561,33809,0,hard_neg,Chil Kid Gold 200gr Madu/Vanilla,chil kid gold 200gr madu vanilla,4030752903,Chil Kid platinum vanila / madu 800gr,chil kid platinum vanila madu 800gr,249398264,0.7260476059171407,1,True,0.3333333333333333
13042,17293,0,hard_neg,Speaker TG162 Bluetooth Box Music TG-162 Wireless BT,speaker tg162 bluetooth box music tg 162 wireless bt,1155879517,GROSIR - Audio Jack Music Bluetooth Receiver,grosir audio jack music bluetooth receiver,1148817877,0.4578506922142564,1,False,0.15384615384615385
1387,19991,0,hard_neg,Bandana Lembut Model Simpul Pita Motif Bunga untuk Bayi Perempuan,bandana lembut model simpul pita motif bunga untuk bayi perempuan,1570703533,BANDO MAKEUP BANDANA MANDI MODEL PITA BIG BOW RIBBON,bando makeup bandana mandi model pita big bow ribbon,1449419742,0.3588386708137812,1,False,0.1875
1773,19268,0,hard_neg,Hanasui Naturgo LIGHTENING PEEL OFF MASK / Masker Hanasui / Peel Off Mask / Komedo,hanasui naturgo lightening peel off mask masker hanasui peel off mask komedo,3962524495,[VIP] Premium Peel Of Mask by Quinzy Skin,vip premium peel of mask by quinzy skin,2802540716,0.4138173057219725,1,False,0.14285714285714285
1657,23321,0,hard_neg,Buble Wrap,buble wrap,4198148727,"Mesin tv ic1  14-21"" + buble wrap",mesin tv ic1 14 21 buble wrap,3639230546,0.6057749652559357,1,False,0.2857142857142857
202,4190,0,hard_neg,Celana training olahraga kolor pendek pria dewasa jumbo / celana kolor pria pendek dewasa jumbo,celana training olahraga kolor pendek pria dewasa jumbo celana kolor pria pendek dewasa jumbo,1423655715,CD Celana Dalam Pria Boxer Kolor  Pakaian Dalam Pria Celana Dalam,cd celana dalam pria boxer kolor pakaian dalam pria celana dalam,904086103,0.46212446137518925,1,False,0.25
3370,30811,0,hard_neg,SARUNG TANGAN Nike,sarung tangan nike,2007706703,SANDAL PRIA NIKE BENASSI SWOOSH FLIP FLOP GRADE ORI TERMURAH SANDAL PRIA NIKE,sandal pria nike benassi swoosh flip flop grade ori termurah sandal pria nike,2225545214,0.3205900002864285,1,False,0.08333333333333333
18463,24218,0,hard_neg,0-1th Rok Dress Baju Bayi terusan Perempuan TRS-05001 baru lahir 0 3 6 bulan 1 tahun lucu murah,0 1th rok dress baju bayi terusan perempuan trs 05001 baru lahir 0 3 6 bulan 1 tahun lucu murah,539019334,Dress Kensi Bayi uk 0-12 Bulan / Baju Tidur Baby Adem Bahan Kaos Daster Meylan Grosir Anak Perempuan,dress kensi bayi uk 0 12 bulan baju tidur baby adem bahan kaos daster meylan grosir anak perempuan,3565363760,0.3415306785856401,1,True,0.1935483870967742
17975,24843,0,hard_neg,ring basket double untuk bola basket Size 7,ring basket double untuk bola basket size 7,279495752,BOLA KARET BASKET 5016 - MAINAN BOLA BASKET,bola karet basket 5016 mainan bola basket,69923982,0.38661678304774916,1,True,0.2
10962,11838,0,hard_neg,Pixy Uv Whitening BB Cream 01- Ochre (4 Beauty Benefits),pixy uv whitening bb cream 01 ochre 4 beauty benefits,620645805,Pixy UV Whitening BB Cream 30ml,pixy uv whitening bb cream 30ml,675684152,0.6315404460598889,1,True,0.45454545454545453
8942,21017,0,hard_neg,Fuze oppo a3s a1k a5 a9 2020 a7 f9 a5s a31 a52 a92 a37 a57 a59 a71 f1s f11 pro reno 3 4 a53 CS883,fuze oppo a3s a1k a5 a9 2020 a7 f9 a5s a31 a52 a92 a37 a57 a59 a71 f1s f11 pro reno 3 4 a53 cs883,2974535963,Tempered Glass Oppo A3S/A37/A71/A57/A83/A5 2020/A9/A5S/A7/Reno/K3/NEO 7/F5/F7/F9/F1plus/F11/F11 pro,tempered glass oppo a3s a37 a71 a57 a83 a5 2020 a9 a5s a7 reno k3 neo 7 f5 f7 f9 f1plus f11 f11 pro,2406900984,0.7250132894425005,1,True,0.4117647058823529
15246,21738,0,hard_neg,Nutrijell MyVla Vanila & Coklat 63g,nutrijell myvla vanila coklat 63g,2899887164,Dancow 1+ 3+ 5+ Rasa Madu Vanila Coklat 800 Gram,dancow 1 3 5 rasa madu vanila coklat 800 gram,1371102131,0.4218399648396081,1,True,0.15384615384615385
14539,28000,0,hard_neg,Mini hand blender/blender manual chopper/pemotong bawang dan penggiling daging serbaguna,mini hand blender blender manual chopper pemotong bawang dan penggiling daging serbaguna,97930134,ORIGINAL 100% VITAMER BLENDER PORTABLE 350ML Blender Juice Mini USB 4 Mata,original 100 vitamer blender portable 350ml blender juice mini usb 4 mata,3566010337,0.35487356563811734,1,False,0.1
25392,30196,0,hard_neg,DORFREE CAR AND HOME PARFUM MOBIL,dorfree car and home parfum mobil,847060368,PARFUM BACCARAT EXTRAIT / EDP,parfum baccarat extrait edp,378511024,0.32263535473755434,1,False,0.1111111111111111
28938,31072,0,hard_neg,Oversize Cardigan PREMIUM - Cardigan Rajut Wanita  - Bershka Cardi,oversize cardigan premium cardigan rajut wanita bershka cardi,690585535,Cardigan Rajut Wanita Cemerom  Cardi Cameron Outer Knit  Cardigan Wanita Grosir Cardigan Oversize,cardigan rajut wanita cemerom cardi cameron outer knit cardigan wanita grosir cardigan oversize,3126318274,0.8574074938846872,1,False,0.4166666666666667
11553,21746,0,hard_neg,ANTI GORES FULL LAYAR 9D OPPO A1 A1K A3 A3S A5S A57 A7 A81 A83 K3,anti gores full layar 9d oppo a1 a1k a3 a3s a5s a57 a7 a81 a83 k3,351339216,OPPO  A1K A3S A5/A92020 A2 A5S/A7 F3 F A57 K5 F7 A7 FS F9 A37 A83 F5 RealmeC2 5Pro  case kasing,oppo a1k a3s a5 a92020 a2 a5s a7 f3 f a57 k5 f7 a7 fs f9 a37 a83 f5 realmec2 5pro case kasing,667525853,0.618697257633777,1,True,0.22580645161290322
600,5690,0,hard_neg,Miniso Official Stylish Simple Handbag Shoulder Bag/ Tas Wanita,miniso official stylish simple handbag shoulder bag tas wanita,4133136123,Miniso Official Marvel - Clutch Bag Tas Kecil / Cuci tas / Tas kosmetik,miniso official marvel clutch bag tas kecil cuci tas tas kosmetik,3016252016,0.5129485437519208,1,False,0.2857142857142857
21683,30862,0,hard_neg,CELANA JUMBO PENDEK XL XXL XXXL WANITA DAN PRIA POLOS BIG SIZE,celana jumbo pendek xl xxl xxxl wanita dan pria polos big size,4152686590,Gamis Kaktus monalisa  XL XXL XXXL,gamis kaktus monalisa xl xxl xxxl,672201501,0.32933241591524204,1,False,0.2
24709,31123,0,hard_neg,Earphone Macaron U19 VIVO,earphone macaron u19 vivo,4063438,Headset Macaron U19 HiFi Audio Mate Color | Earphone Macaron U19,headset macaron u19 hifi audio mate color earphone macaron u19,2935813666,0.8504660515385384,1,False,0.3333333333333333
10803,22947,0,hard_neg,CELANA JEANS PRIA,celana jeans pria,3407470422,JEANS PENDEK STIK BALIK 468 101214 (2-8th) NOEMI,jeans pendek stik balik 468 101214 2 8th noemi,1855260862,0.3639845048562157,1,False,0.09090909090909091
9914,29335,0,hard_neg,Totebag wanita / tas slempang wanita,totebag wanita tas slempang wanita,2630509806,SALE!!  Tas Selempang Wanita Tas Slempang bordir jahit Polos - Natalie Slingbag,sale tas selempang wanita tas slempang bordir jahit polos natalie slingbag,1625419473,0.7182846041778107,1,False,0.2727272727272727
20497,30072,0,hard_neg,Tutup Pentil LED / Pentil Ban LED ban motor mobil sepeda FREE BATERAI,tutup pentil led pentil ban led ban motor mobil sepeda free baterai,1575763518,TUTUP PENTIL NITEX GMA SEPEDA MOTOR & MOBIL,tutup pentil nitex gma sepeda motor mobil,2536011925,0.833328341302926,1,False,0.45454545454545453
3588,20281,0,hard_neg,Warung Shiha - Madu Murni Multiflora JSR,warung shiha madu murni multiflora jsr,46447054,Madu Murni AlShifa 1kg Original,madu murni alshifa 1kg original,4086252188,0.3136311432415799,1,False,0.2222222222222222
25619,32804,0,hard_neg,Serum 24K GOLDZAN AMPOULE Pure Gold Maison de Nature Emas,serum 24k goldzan ampoule pure gold maison de nature emas,3804159527,new whitening gold serum 24k,new whitening gold serum 24k,729245491,0.7051220206694722,1,False,0.25
2204,13823,0,hard_neg,Best Seller !!! Tempat Botol Air Minum di Motor - Sepeda,best seller tempat botol air minum di motor sepeda,2961548174,Botol minum sepeda Strummer CBS-507 500mL,botol minum sepeda strummer cbs 507 500ml,2004318929,0.4874900408170003,1,False,0.23076923076923078
2911,4016,0,hard_neg,CAHAYA AMANAH Mainan Puzzle nail Edukasi Anak,cahaya amanah mainan puzzle nail edukasi anak,2091049617,Edufuntoys - MINI WOODEN PUZZLE mainan kayu puzzle anak,edufuntoys mini wooden puzzle mainan kayu puzzle anak,3205250015,0.7188245777420033,1,False,0.2727272727272727
19185,28675,0,hard_neg,SALE ! Tas wanita lv speddy rets tas lv tas selempang termurah tas import,sale tas wanita lv speddy rets tas lv tas selempang termurah tas import,1708472517,Tas selempang usb,tas selempang usb,1105071141,0.5106148213300467,1,False,0.2
24678,31049,0,hard_neg,daster piyama tidur motif bunga karakter ibu hnamil bumil busui ALFIYABATIK,daster piyama tidur motif bunga karakter ibu hnamil bumil busui alfiyabatik,2453599242,Daster dewasa/piyama daster embos,daster dewasa piyama daster embos,2985283675,0.4615336304381269,1,False,0.15384615384615385
19147,21896,0,hard_neg,Tenda Anak Bentuk Castle Portable mudah di pasang,tenda anak bentuk castle portable mudah di pasang,805265130,Tenda Mainan anak size 100 cm/tenda anak,tenda mainan anak size 100 cm tenda anak,2651183235,0.33584292608916083,1,False,0.16666666666666666
382,3766,0,hard_neg,Miesoa Ayam Bawang Cap Burung Layang Terbang - Kuah - Sudah ada Bumbu - seperti Indomie Sedaap,miesoa ayam bawang cap burung layang terbang kuah sudah ada bumbu seperti indomie sedaap,2632542736,Cap Burung Layang Terbang Mie Goreng Rasa Sambal Terasi 100gr,cap burung layang terbang mie goreng rasa sambal terasi 100gr,490904253,0.5571301013326713,1,False,0.2
12026,28977,0,hard_neg,Annata dompet lipat wanita / dompet lipat murah / grosir dompet lipat / dompet lipat anak anak,annata dompet lipat wanita dompet lipat murah grosir dompet lipat dompet lipat anak anak,953150943,MORYMONY BUNGA - Dompet Lipat Wanita,morymony bunga dompet lipat wanita,3584502867,0.682539673419587,1,False,0.3333333333333333
21546,24094,0,hard_neg,Gula Pasir Curah 1Kg,gula pasir curah 1kg,1434307469,GULA SEMUT AREN 1 KG,gula semut aren 1 kg,811831459,0.6404890091171526,1,False,0.125
5161,18864,0,hard_neg,Klairs supple preparation unscented toner 180ml,klairs supple preparation unscented toner 180ml,1508153255,KLAIRS - Supple Preparation Facial Toner,klairs supple preparation facial toner,2463157749,0.5982914321083763,1,False,0.5714285714285714
19867,31296,0,hard_neg,SERUM LUMINOUS BY MS GLOW,serum luminous by ms glow,2092002172,RED JELLY GLOW SERUM BY SYB FORTEe /serum jelly merah bpom,red jelly glow serum by syb fortee serum jelly merah bpom,4094795400,0.4406961360769971,1,False,0.2727272727272727
6050,33769,0,hard_neg,Pixy 4 Beauty Benefit Loose Powder 9 gr,pixy 4 beauty benefit loose powder 9 gr,3296667819,Spons Beauty Blender - Makeup Powder Puff - Beauty Sponge Kosmetik,spons beauty blender makeup powder puff beauty sponge kosmetik,1111259106,0.34165782971247727,1,False,0.14285714285714285
2914,32925,0,hard_neg,Slayer batik /bandana /masker,slayer batik bandana masker,1714607112,KAIN PANJANG BAWAHAN BATIK SUKARAJA/ KAIN JARIK BATIK (GROSIR),kain panjang bawahan batik sukaraja kain jarik batik grosir,2533672576,0.33016241631425397,1,False,0.1
6595,28610,0,hard_neg,Set Alat Pembersih  Telinga Bahan Stainless Steel,set alat pembersih telinga bahan stainless steel,2151413694,5Pcs / Set Korek Kuping Spiral Bahan Stainless Steel dengan Kotak,5pcs set korek kuping spiral bahan stainless steel dengan kotak,2633817001,0.4133542087291232,1,False,0.3076923076923077
25102,33809,0,hard_neg,CHILKID REGULER  - 800gr - VANILA / MADU,chilkid reguler 800gr vanila madu,1701800073,Chil Kid platinum vanila / madu 800gr,chil kid platinum vanila madu 800gr,249398264,0.8866290163239491,1,False,0.375
10482,14045,0,hard_neg,BRISA JILBAB KHIMAR MURAH JilbabStyle HIjabMuslimah HIjabStyle JilbabInstan,brisa jilbab khimar murah jilbabstyle hijabmuslimah hijabstyle jilbabinstan,2008989859,Khimar hijab jilbab/syari Trivia Oval,khimar hijab jilbab syari trivia oval,3345443347,0.5525887970932275,1,False,0.16666666666666666
4732,8743,0,hard_neg,Koko kurta berkualitas./ Koko qurta Agam pakistan,koko kurta berkualitas koko qurta agam pakistan,4204605666,M L XL XXL {COD} KOKO KURTA original agam pakistan jahitan Tailor halus al Khalis,m l xl xxl cod koko kurta original agam pakistan jahitan tailor halus al khalis,256111454,0.7218301287210509,1,False,0.23529411764705882
3040,8941,0,hard_neg,"Iphone 5 , 6 , 6+, 7, 7+, 8, 8+ , X / SE 2020  Premium Anticrack Acrylic / Mika ( PROMO )",iphone 5 6 6 7 7 8 8 x se 2020 premium anticrack acrylic mika promo,2505813179,Fuze iphone 5 6 6g 6g+ 7 7g 7g+ 8 8+ xr x xs xs max se 2020 11 pro pro max 5.8 6.1 6.5 CS880,fuze iphone 5 6 6g 6g 7 7g 7g 8 8 xr x xs xs max se 2020 11 pro pro max 5 8 6 1 6 5 cs880,2974535963,0.32683257955914274,1,True,0.34782608695652173
3685,4201,0,hard_neg,"Tas Sepatu, Tempat Sepatu, Tempat Penyimpanan, Travel Organizer",tas sepatu tempat sepatu tempat penyimpanan travel organizer,237632340,Tas Penyimpanan Pakaian Dalam Transparan Anti Air untuk Travel,tas penyimpanan pakaian dalam transparan anti air untuk travel,1426270134,0.5314108747178737,1,False,0.25
11206,20931,0,hard_neg,Air softlens / CAIRAN SOFTLENS A PLUS 100ML,air softlens cairan softlens a plus 100ml,1705608239,Complete 360ml solution air softlens,complete 360ml solution air softlens,189405642,0.5332680271371782,1,True,0.2222222222222222
12730,34112,0,hard_neg,DASTER RUFFLE POLOS /harga ecer rasa grosir,daster ruffle polos harga ecer rasa grosir,1093404862,PAKAIAN DASTER POLOS KANCING DEPAN PAYUNG ALL XL SIZE JUMBO BAJU TIDUR TERMURAH HARGA GROSIR,pakaian daster polos kancing depan payung all xl size jumbo baju tidur termurah harga grosir,2647556796,0.37535948291777893,1,False,0.2222222222222222
4874,5915,0,hard_neg,Kaos Polo Polos Pria Baju berkerah murah berkualitas  poloshirt  kaos kerah unisex polo shirt,kaos polo polos pria baju berkerah murah berkualitas poloshirt kaos kerah unisex polo shirt,835369547,FYGALERYJAKARTA - Kaos Kaki Polos 6 Garis Unisex Fashion Wanita/Pria Kaos Kaki Import Murah Jakarta,fygaleryjakarta kaos kaki polos 6 garis unisex fashion wanita pria kaos kaki import murah jakarta,721296483,0.3441117284737282,1,False,0.25
4757,20218,0,hard_neg,[Original] Rexona Men Deodorant Deo Peria Roll on Ice Cool 45ml Anti Bakteri,original rexona men deodorant deo peria roll on ice cool 45ml anti bakteri,2262519406,BUFFY AQUA MAX 100 ML ANTISEPTIK DEODORAN DEODORANT DEO SPRAY PENGHILANG BAU BADAN KETIAK,buffy aqua max 100 ml antiseptik deodoran deodorant deo spray penghilang bau badan ketiak,1208307773,0.3025769543589615,1,True,0.08
4871,17414,0,hard_neg,mainan bayi gantung putar musik merry go round,mainan bayi gantung putar musik merry go round,801176,Mainan Bayi Tongkat Rattle + Teether + Musik + Lampu Kelap Kelip. KELINCI,mainan bayi tongkat rattle teether musik lampu kelap kelip kelinci,2693722838,0.5106961930619457,1,False,0.2
5487,9893,0,hard_neg,Milo Cube isi 100 pcs,milo cube isi 100 pcs,1069650426,(PROMO TERMURAH)Nestle MILO cube 100 pcs (PACKING KARDUS) EXP. Mei 2021,promo termurah nestle milo cube 100 pcs packing kardus exp mei 2021,4270945942,0.4683097850073787,1,True,0.3076923076923077
7931,15251,0,hard_neg,Jam Tangan Pria GOLDENHOUR 108 Bisa COD [100%Original+Box+Baterai+30m Waterproof] Jam Tangan Analog,jam tangan pria goldenhour 108 bisa cod 100 original box baterai 30m waterproof jam tangan analog,2790510298,BOX JAM TANGAN MIKA,box jam tangan mika,2969855430,0.3388802434205938,1,False,0.2
16451,26040,0,hard_neg,"b""Kintakun Sprei D'luxe - Calvin""",b kintakun sprei d luxe calvin,2609069100,"b""Kintakun Sprei D'luxe - 120 x 200 (Extra Single) - Magnus""",b kintakun sprei d luxe 120 x 200 extra single magnus,326783517,0.5238536575248041,1,False,0.4166666666666667
22803,33337,0,hard_neg,NEW SANDAL PRIA SLOP OFF WHITE | KUALITAS IMPORT,new sandal pria slop off white kualitas import,3421086405,SANDAL SLOP HYPERBEAST OFF WHITE FULL PRINT GRADE 100% ORIGINAL MATRIAL  / SANDAL PRIA,sandal slop hyperbeast off white full print grade 100 original matrial sandal pria,2494220600,0.4274050252556657,1,False,0.3333333333333333
28977,33396,0,hard_neg,MORYMONY BUNGA - Dompet Lipat Wanita,morymony bunga dompet lipat wanita,3584502867,MORYMONY CHAVA - Tas Selempang Wanita,morymony chava tas selempang wanita,888116957,0.6295708675729753,1,False,0.25
9113,20066,0,hard_neg,BOXY ABG PREMIUM / Atasan Rajut Wanita / Boxy Sweater / Boxy Premium ABG / Baju Rajut Halus Wanita,boxy abg premium atasan rajut wanita boxy sweater boxy premium abg baju rajut halus wanita,900624427,Boxy Dress,boxy dress,1871166862,0.3993116090365278,1,False,0.1
4423,8759,0,hard_neg,Mukena Bali Ichio Sakura,mukena bali ichio sakura,2471413169,MUKENA BALI ANAK HELLOKITTY,mukena bali anak hellokitty,3559097685,0.32498486742165267,1,False,0.3333333333333333
5622,28469,0,hard_neg,[SYB] Bibit pemutih original bpom,syb bibit pemutih original bpom,3085411073,syw original BPOM - SAMYUWAN WISDOM,syw original bpom samyuwan wisdom,1812216242,0.4573650017699306,1,False,0.25
15382,25159,0,hard_neg,Scarlett Whitening Body Lotion,scarlett whitening body lotion,2345871793,Garnier Light Complete Whitening Serum Milk UV Body Lotion Skin Care - 400 ml,garnier light complete whitening serum milk uv body lotion skin care 400 ml,4340963,0.5144243445139361,1,False,0.21428571428571427
1637,26293,0,hard_neg,"Baterai Handphone Smartfren Andromax A B Original H15408 | Batrai, Batre, Battery",baterai handphone smartfren andromax a b original h15408 batrai batre battery,266865064,Baterai Batre Battery Original Samsung J2 J200 G360,baterai batre battery original samsung j2 j200 g360,2620666302,0.38904363259413427,1,True,0.26666666666666666
21953,25810,0,hard_neg,FRUITY TEETHER(gigitan bayi) IMPORT ( Gagang ) + WADAH / TOPMATOSERBA,fruity teether gigitan bayi import gagang wadah topmatoserba,3053118590,Gigitan Bayi Gagang Buah Kemasan Mika / Baby Teether Fruit Silicone /  Mainan Gigi  / MY MOM,gigitan bayi gagang buah kemasan mika baby teether fruit silicone mainan gigi my mom,3326267479,0.7822324540660207,1,False,0.2222222222222222
1099,29644,0,hard_neg,Masker Anak Kain Katun 3-Ply Motif Kartun,masker anak kain katun 3 ply motif kartun,1822865877,Masker Kain 3 ply 3 Lapis Bahan Katun Micro WASHABLE Selip Tissue,masker kain 3 ply 3 lapis bahan katun micro washable selip tissue,3776555725,0.5595891865158235,1,False,0.35714285714285715
28459,33191,0,hard_neg,Hair Dryer Pengering Rambut Hairdryer Hairdrayer alat Lipat,hair dryer pengering rambut hairdryer hairdrayer alat lipat,682082741,ALAT CUKUR RAMBUT G-MAX MX-4607 / HAIR CLIPPER,alat cukur rambut g max mx 4607 hair clipper,3134042463,0.32495964278124156,1,False,0.21428571428571427
3823,10609,0,hard_neg,Masker kain bahan kaos tebal 2 lapis berkantong bisa diisi tisu hijab non hijab tali panjang nyaman,masker kain bahan kaos tebal 2 lapis berkantong bisa diisi tisu hijab non hijab tali panjang nyaman,3097344893,Masker Kain - Masker Kain Tali Hijab - Masker Tali Hijab,masker kain masker kain tali hijab masker tali hijab,232318354,0.6126267500150361,1,False,0.25
10133,18796,0,hard_neg,Velvet Junior Masker Kain Anak dan Dewasa Bamboo Katun / Masker 2 Lapis,velvet junior masker kain anak dan dewasa bamboo katun masker 2 lapis,628879513,Piyama Dreamwear Velvet Junior,piyama dreamwear velvet junior,3900142112,0.34396592513633534,1,False,0.15384615384615385
20401,20497,0,hard_neg,Tutup Pentil ban Mobil / Motor Indikator Tekanan Angin Aler Valve Cap 1 pcs,tutup pentil ban mobil motor indikator tekanan angin aler valve cap 1 pcs,2896259765,Tutup Pentil LED / Pentil Ban LED ban motor mobil sepeda FREE BATERAI,tutup pentil led pentil ban led ban motor mobil sepeda free baterai,1575763518,0.305553623342465,1,False,0.29411764705882354
6863,8214,0,hard_neg,CREAM MALAM GLOW 2 THERASKIN,cream malam glow 2 theraskin,1146205648,THERASKIN FACIAL WASH NORMAL,theraskin facial wash normal,4271585410,0.31926578797273936,1,False,0.125
6393,25462,0,hard_neg,[JBL MAGNET SPORT] Bluetooth Headset/Handsfree/earphone By Harman Kardon,jbl magnet sport bluetooth headset handsfree earphone by harman kardon,1744240905,Headset Stereo U19 Macaron Handsfree Extra Bass Earphone U 19,headset stereo u19 macaron handsfree extra bass earphone u 19,2935813666,0.48820014451208815,1,False,0.17647058823529413
6958,27989,0,hard_neg,DASTER POLOS KANCING DEPAN PAYUNG ALL XL SIZE JUMBO BAJU TIDUR PAKAIAN PROMO TERMURAH,daster polos kancing depan payung all xl size jumbo baju tidur pakaian promo termurah,2647556796,westylis Daster Busui Salur Besar / Daster Sleting Depan / Daster Spandek / All Size l fit XL,westylis daster busui salur besar daster sleting depan daster spandek all size l fit xl,1467630009,0.33791338993431175,1,False,0.22727272727272727
28264,28914,0,hard_neg,Sling bag,sling bag,1625419473,MINISO Tas Selempang Wanita Sling Bag Kecil Bulat Boston Fashion Lucu,miniso tas selempang wanita sling bag kecil bulat boston fashion lucu,1153639624,0.48200707927565156,1,False,0.18181818181818182
14349,22242,0,hard_neg,MAMABEAR SOYA MIX COKLAT,mamabear soya mix coklat,1680535208,PISANG LUMER COKLAT GHISA,pisang lumer coklat ghisa,1450032032,0.38852243920150437,1,False,0.14285714285714285
24473,28547,0,hard_neg,"b""Vitamin C ipi 45's & vitamin B complex ipi 45's""",b vitamin c ipi 45 s vitamin b complex ipi 45 s,2945967054,"Vitamin c, C 1000 sidomuncul",vitamin c c 1000 sidomuncul,803193734,0.35118908988240816,1,True,0.2222222222222222
133,18691,0,hard_neg,CLB / GB GLOW EMBOS KEMASAN BARU ORIGINAL,clb gb glow embos kemasan baru original,3293988036,Ms Glow Luminous Glowing Serum / kemasan baru / original,ms glow luminous glowing serum kemasan baru original,2092002172,0.7004068560733037,1,False,0.36363636363636365
5990,6108,0,hard_neg,Selimut Kintakun Micro Flannel Ukuran 160x200,selimut kintakun micro flannel ukuran 160x200,3234804620,Selimut Bulu Polos Vallery Quincy Halus Lembut Panjang Ukuran 160x200 Dewasa Murah - IJN COLLECTION,selimut bulu polos vallery quincy halus lembut panjang ukuran 160x200 dewasa murah ijn collection,281874835,0.5046327608170169,1,False,0.17647058823529413
24559,32375,0,hard_neg,Sugar Baby Strong Vacuum SS Bottle - 600mL,sugar baby strong vacuum ss bottle 600ml,3253353402,Perlak Bayi Sugar Baby - Alas Ompol Bayi Sugar Baby Motif,perlak bayi sugar baby alas ompol bayi sugar baby motif,997220911,0.34833057265454814,1,False,0.16666666666666666
2716,21502,0,hard_neg,"[SHARE] avoskin miraculous refining toner, avoskin miraculous retinol toner retinol serum",share avoskin miraculous refining toner avoskin miraculous retinol toner retinol serum,4291905065,Avoskin Miraculous Retinol Toner,avoskin miraculous retinol toner,1268201436,0.9611216587963807,1,False,0.5714285714285714
22922,32165,0,hard_neg,Kuas Rias Make Up 12 Pcs Kuas Make Up Foundation Brush Free Tabung Love Brush Set Tube,kuas rias make up 12 pcs kuas make up foundation brush free tabung love brush set tube,164698800,Kuas Kue Barbeque/ Silicone Food Brush,kuas kue barbeque silicone food brush,1733221456,0.31557168200602237,1,False,0.11764705882352941
23059,29968,0,hard_neg,celana joger cargo pria/ original bandung,celana joger cargo pria original bandung,2024515517,[TERLARIS] CELANA ANAK JOGER JOGGER POLOS LAKI PEREMPUAN KATUN BERKUALITAS HARGA MURAH KONVEKSI,terlaris celana anak joger jogger polos laki perempuan katun berkualitas harga murah konveksi,2198030198,0.4695485563189574,1,False,0.11764705882352941
3737,14089,0,hard_neg,jilbab bayi bergo tali polos,jilbab bayi bergo tali polos,862560029,Jumper bayi polos,jumper bayi polos,634404165,0.5705963065351155,1,False,0.3333333333333333
4566,24718,0,hard_neg,Airin Brightening Night Cream,airin brightening night cream,3660863051,Night cream pink,night cream pink,243490336,0.656753801873536,1,False,0.4
9817,18944,0,hard_neg,BATERAI BATRE BATTERY SAMSUNG I9082 / GRAND DUOS ORI 99,baterai batre battery samsung i9082 grand duos ori 99,3104829936,Battery Samsung J2 Original 99%,battery samsung j2 original 99,2620666302,0.6514969259878357,1,True,0.2727272727272727
21473,30583,0,hard_neg,Serum  luminous ms glow,serum luminous ms glow,2092002172,RED JELLY GLOW SERUM BY SYB FORTE / RED JELLY SERUM MERAH BPOM,red jelly glow serum by syb forte red jelly serum merah bpom,4094795400,0.4396298408357573,1,False,0.18181818181818182
8938,30199,0,hard_neg,Saniter Spray Fabric Disinfectan Antibacterial 200ml+30ml ORIGINAL BPOM,saniter spray fabric disinfectan antibacterial 200ml 30ml original bpom,2539384016,Saniter Aerosol Spray Kaleng Kecil 200 ml | Saniter Disinfektan Sanitizer Fresh Clean 200ml Murah,saniter aerosol spray kaleng kecil 200 ml saniter disinfektan sanitizer fresh clean 200ml murah,2645461826,0.4034871475905353,1,True,0.15789473684210525
6944,13126,0,hard_neg,ZAFFAR SHOES SNEAKERS WANITA DN 08,zaffar shoes sneakers wanita dn 08,2471310974,SEPATU SNEAKERS WANITA JINTU,sepatu sneakers wanita jintu,284754035,0.7192205699507842,1,False,0.25
28224,30335,0,hard_neg,Willy cardi crop button cardigan,willy cardi crop button cardigan,3729785503,"CROP CARDI, WILLY CARDI , PULLOVER",crop cardi willy cardi pullover,1668456717,0.8230231935810189,1,False,0.5
20635,30527,0,hard_neg,Nivea Extra White Radiant & Smooth Cream 100ml,nivea extra white radiant smooth cream 100ml,3116815297,NIVEA Extra White Radiant & Smooth Lotion 200 ml,nivea extra white radiant smooth lotion 200 ml,1292550067,0.7997453464262233,1,True,0.5
26279,31280,0,hard_neg,AFI - EC - Cardi Maika,afi ec cardi maika,2360140987,AFI - EC - Marie Rajut,afi ec marie rajut,2483255895,0.46215458154782,1,False,0.3333333333333333
12480,32087,0,hard_neg,Pixy Uv Whitening Bb Cream 03 - Beige (4 Beauty Benefit),pixy uv whitening bb cream 03 beige 4 beauty benefit,620645805,PIXY UV Whitening BB Cream 30ml NEW,pixy uv whitening bb cream 30ml new,675684152,0.5085920488784901,1,True,0.4166666666666667
7409,8733,0,hard_neg,Citra Sakura Fair Facial Foam 100 gr,citra sakura fair facial foam 100 gr,4055533386,Nivea Visage Sparkling White Facial Foam 100 mL,nivea visage sparkling white facial foam 100 ml,3625404959,0.5348615714452716,1,False,0.25
13195,30860,0,hard_neg,Goon smile baby pants s40/m34/l30/XL26/XXL24,goon smile baby pants s40 m34 l30 xl26 xxl24,986496525,Mamy Poko Pants Extra Dry S38 / M32 / L30 / XL26 / XXL22,mamy poko pants extra dry s38 m32 l30 xl26 xxl22,373674159,0.5996750993111282,1,True,0.1875
16016,23405,0,hard_neg,Saringan kran air sumur pam mini keran filter carbon tab water - pompa mini,saringan kran air sumur pam mini keran filter carbon tab water pompa mini,2089518928,[ ZERNII ] SARINGAN FILTER KERAN AIR,zernii saringan filter keran air,832239361,0.6944243799297253,1,False,0.3076923076923077
19221,33856,0,hard_neg,PASHMINA DIAMOND,pashmina diamond,3876139929,KIRANAOFFICIAL - ( COD ) PASMINA DIAMOND ( N02 / N03 / N04 / N05 / N06 ),kiranaofficial cod pasmina diamond n02 n03 n04 n05 n06,1631615332,0.4621713177607949,1,False,0.1
14125,26133,0,hard_neg,Samsung Galaxy A01 Black,samsung galaxy a01 black,1878835541,SAMSUNG GALAXY A10s 2/32GB,samsung galaxy a10s 2 32gb,3140148174,0.5711091132571336,1,True,0.2857142857142857
5213,30407,0,hard_neg,Popular Fashion Women Nylon Shoulder Bag/Tas Selempang waterproof J13M,popular fashion women nylon shoulder bag tas selempang waterproof j13m,277379401,New Arrival Women Casual Handbag Simple Nylon Daily Female Totes Underarm  Shoulder Bags,new arrival women casual handbag simple nylon daily female totes underarm shoulder bags,3843836796,0.3979520425204388,1,False,0.15
552,22702,0,hard_neg,SAMSUNG Galaxy A01 Garansi Resmi,samsung galaxy a01 garansi resmi,1878835541,Samsung Galaxy A10s 2GB / 32GB - Green,samsung galaxy a10s 2gb 32gb green,3140148174,0.40448259322656377,1,True,0.2222222222222222
7451,23260,0,hard_neg,masker kain SRITEX washable non medis. READY STOCK,masker kain sritex washable non medis ready stock,4130632003,MASKER KAIN NON MEDIS 3 PLY MOTIF READY STOCK (PART 1) BY AZHANIA,masker kain non medis 3 ply motif ready stock part 1 by azhania,2494171542,0.6050653551692782,1,False,0.4
12173,14302,0,hard_neg,MUKENA BALI / MUKENA KATUN ICHIO TERBARU MURAH / MUKENA ADEM / GROSIR MUKENA BIG SIZE JUMBO TERMURAH,mukena bali mukena katun ichio terbaru murah mukena adem grosir mukena big size jumbo termurah,2471413169,Mukena dewasa,mukena dewasa,4179657875,0.5164736789099778,1,False,0.07692307692307693
4456,12601,0,hard_neg,Sikat Botol susu Bayi 2in1 NINIO Sikat Spon pembersih botol susu bayi,sikat botol susu bayi 2in1 ninio sikat spon pembersih botol susu bayi,1659847084,Botol susu air jus Ninio 3 fungsi 3 IN 1,botol susu air jus ninio 3 fungsi 3 in 1,1000644922,0.4868960558228023,1,True,0.21428571428571427
4,2900,0,hard_neg,Nescafe \xc3\x89clair Latte 220ml,nescafe xc3 x89clair latte 220ml,3648931069,Kopi Nescafe Classic 2gr,kopi nescafe classic 2gr,3030935442,0.3553382351655371,1,True,0.125
22511,25904,0,hard_neg,[SHARE IN BOTTLE] Avoskin Miraculous Refining Toner & Serum,share in bottle avoskin miraculous refining toner serum,4291905065,Avoskin Miraculous Retinol Series,avoskin miraculous retinol series,1268201436,0.7552870265233987,1,False,0.2
7009,33377,0,hard_neg,MASKER MASKR FILTER KARBON AKTIF SHORT - ANTI DEBU POLUSI ASAP,masker maskr filter karbon aktif short anti debu polusi asap,1850727751,Karbon Aktif ZERNI / Karbon Aktif ZERNII,karbon aktif zerni karbon aktif zernii,2268555620,0.3626918984308365,1,False,0.16666666666666666
18149,19652,0,hard_neg,Sasa Bumbu Lumur Ayam Spesial 26 gr,sasa bumbu lumur ayam spesial 26 gr,682258630,Indomie Keriting Premium Collection ( Goreng Spesial / Ayam Panggang ),indomie keriting premium collection goreng spesial ayam panggang,432286339,0.34596038163851445,1,False,0.15384615384615385
3088,4680,0,hard_neg,{Promo murah} Implora cheek&liptint,promo murah implora cheek liptint,3627744656,TAS IMPORT TAS FASHION TAS BATAM MURAH TAS WANITA ( PROMO ),tas import tas fashion tas batam murah tas wanita promo,2298619633,0.33758013692132394,1,False,0.2
917,14856,0,hard_neg,Quinzy Premium Peel Off Mask,quinzy premium peel off mask,2802540716,HANASUI NATURGO Lightening Peel Off Face mask Masker Peel-off Wajah 10 gr Original BPO,hanasui naturgo lightening peel off face mask masker peel off wajah 10 gr original bpo,3962524495,0.32850986920419323,1,False,0.2
1655,28981,0,hard_neg,Bubble Wrap,bubble wrap,4198148727,Senter Led 5 Watt dan Lampu Samping 30 SMD VILLAGE SENTER JUMBO FREE BUBBLE WRAP 5270,senter led 5 watt dan lampu samping 30 smd village senter jumbo free bubble wrap 5270,696358501,0.44812284539198316,1,False,0.13333333333333333
22706,29164,0,hard_neg,WT Alas Rolling Adonan Kue Bahan Silikon Anti Lengket untuk Baking,wt alas rolling adonan kue bahan silikon anti lengket untuk baking,2817848024,"Cetakan Adonan Roti Bahan Silikon, Warna Acak",cetakan adonan roti bahan silikon warna acak,3463295100,0.716472446265799,1,False,0.2
3823,11044,0,hard_neg,Masker kain bahan kaos tebal 2 lapis berkantong bisa diisi tisu hijab non hijab tali panjang nyaman,masker kain bahan kaos tebal 2 lapis berkantong bisa diisi tisu hijab non hijab tali panjang nyaman,3097344893,MASKER HIJAB DAN NON HIJAB BAHAN MOSCREP,masker hijab dan non hijab bahan moscrep,69531814,0.5816044116429677,1,False,0.2222222222222222
8011,33325,0,hard_neg,Sharp Blender EM-120-WH,sharp blender em 120 wh,3032617451,Sharp SB-TW101P Blazter Blender,sharp sb tw101p blazter blender,2198373191,0.4556832633897421,1,True,0.25
5021,32510,0,hard_neg,Mamypoko Pants Extra Dry S38 / M32 / L30/ XL26/ XXL22 mamypoko extradry,mamypoko pants extra dry s38 m32 l30 xl26 xxl22 mamypoko extradry,373674159,Mamypoko Royal soft boys  L34/ XL30 dan XXL 24,mamypoko royal soft boys l34 xl30 dan xxl 24,22285547,0.4892550241753949,1,True,0.05555555555555555
4487,17378,0,hard_neg,JARUM PENTUL KOTAK MURAH,jarum pentul kotak murah,3334173585,Kotak Softlens DORAEMON BULAT / Tempat Soflens / Kotak Softlens Karakter,kotak softlens doraemon bulat tempat soflens kotak softlens karakter,3645982713,0.31244364437958544,1,False,0.1
21896,27915,0,hard_neg,Tenda Mainan anak size 100 cm/tenda anak,tenda mainan anak size 100 cm tenda anak,2651183235,Tenda Mainan Anak Bentuk Castle Praktis Bisa Dibawa Kemana Saja,tenda mainan anak bentuk castle praktis bisa dibawa kemana saja,805265130,0.4871135745438413,1,False,0.23076923076923078
5905,8498,0,hard_neg,Sepatu Mizuno Wave Lighting Sneakers Casual Pria Running Jogging Sporty Sekolah,sepatu mizuno wave lighting sneakers casual pria running jogging sporty sekolah,784759211,SEPATU RUNNING ADIDAS AX2 PRIA SNEAKERS PRIA SEPATU SPORT OLAHRAGA JOGGING SEPATU ADIDAS AX2,sepatu running adidas ax2 pria sneakers pria sepatu sport olahraga jogging sepatu adidas ax2,1121516338,0.6438712686876957,1,False,0.3333333333333333
13948,33823,0,hard_neg,PIGEON Baby Training Tooth Brush Toothbrush Set Lesson 123 1 2 3 Sikat Gigi Bayi Anak Murah,pigeon baby training tooth brush toothbrush set lesson 123 1 2 3 sikat gigi bayi anak murah,2676957285,Dispenser odol dan Sikat gigi Tempat tooth paste Toothpaste pasta alat keluar otomatis rak Brush Set,dispenser odol dan sikat gigi tempat tooth paste toothpaste pasta alat keluar otomatis rak brush set,86026702,0.3787613496470849,1,False,0.17857142857142858
4254,23101,0,hard_neg,SPEAKER BLUETOOTH/WIRELESS TG-162,speaker bluetooth wireless tg 162,1155879517,Bluetooth speaker ACOME A5 (Jam digital alarm) bluetooth 5.0 garansi resmi 1th,bluetooth speaker acome a5 jam digital alarm bluetooth 5 0 garansi resmi 1th,4125147820,0.6416942704214084,1,True,0.13333333333333333
10789,26792,0,hard_neg,(kemasan)Teether gigitan bayi bentuk pisang,kemasan teether gigitan bayi bentuk pisang,3304610727,Gracia - IBU DAN BAYI - TEETHER BABY FRUIT - MAINAN GIGIT BAYI BENTUK BUAH,gracia ibu dan bayi teether baby fruit mainan gigit bayi bentuk buah,3326267479,0.7943133460008431,1,False,0.21428571428571427
3379,19079,0,hard_neg,BERKUALITAS / KANEBO / PLAS CHAMOIS / KAIN LAP / KANEBO MOBIL / KANEBO MOTOR / LAP CHAMOIS / LAP,berkualitas kanebo plas chamois kain lap kanebo mobil kanebo motor lap chamois lap,1645648261,Kanebo Yaris Chamois / Kain Lap Serat Sintesis,kanebo yaris chamois kain lap serat sintesis,3202711315,0.742248030365231,1,False,0.36363636363636365
11210,13550,0,hard_neg,Full cover tempered glass warna for xiaomi oppo,full cover tempered glass warna for xiaomi oppo,1590190794,Full Cover Tempered Glass Warna Xiaomi Redmi Note 5 / Note 5 Pro ( 5.99 inch ),full cover tempered glass warna xiaomi redmi note 5 note 5 pro 5 99 inch,1368205666,0.849651626813809,1,False,0.42857142857142855
3700,12596,0,hard_neg,Klairs Supple Preparation Unscented Toner 180ml,klairs supple preparation unscented toner 180ml,1508153255,Klairs Supple Preparation Facial Toner Travel Size (30ml),klairs supple preparation facial toner travel size 30ml,2463157749,0.4857601130473762,1,True,0.4
14157,22474,0,hard_neg,Zinc Shampoo Refreshing Botol 170ml,zinc shampoo refreshing botol 170ml,2303789204,Sunsilk Shampoo Soft & Smooth 170Ml,sunsilk shampoo soft smooth 170ml,4217103963,0.4141117623147196,1,False,0.25
23666,27575,0,hard_neg,Hanasui Serum 25ml,hanasui serum 25ml,40040342,WHITE RICE SOAP by HANASUI - Nourishing - SABUN BERAS HANASUI,white rice soap by hanasui nourishing sabun beras hanasui,940509460,0.33786191712862174,1,False,0.1
13663,21820,0,hard_neg,Apple Lightning to 3.5mm Headphone Jack Adapter Connector iPhone 7 7Plus 8 8Plus X XS XS MAX XR,apple lightning to 3 5mm headphone jack adapter connector iphone 7 7plus 8 8plus x xs xs max xr,3762958694,Kabel Charger iPhone Lightning to USB Cable ORIGINAL 5 5S 6 6S 7 7+ 8 8PLUS X XR XS XSMAX IPAD IPOD,kabel charger iphone lightning to usb cable original 5 5s 6 6s 7 7 8 8plus x xr xs xsmax ipad ipod,1154928830,0.5995118832628711,1,True,0.3
10582,31415,0,hard_neg,kuaci rebo milk flavour bunga matahari 150gr asli termurah,kuaci rebo milk flavour bunga matahari 150gr asli termurah,2179272824,Kuaci rebo 150 gr,kuaci rebo 150 gr,2241400543,0.867768213585879,1,False,0.18181818181818182
10662,20508,0,hard_neg,JAKET JEANS SNOW /JAKET JEANS WANITA,jaket jeans snow jaket jeans wanita,1095936905,Celana Panjang Jeans Wanita / Skinny Jeans / Jeans Strech / Jeans Murah / Jeans Wanita,celana panjang jeans wanita skinny jeans jeans strech jeans murah jeans wanita,1436359807,0.7280194429671548,1,False,0.2222222222222222
13286,27710,0,hard_neg,"Cussons Baby Hair Lotion Candle Nut & Celery, Coconut Oil, Almond, Avocado 100ml",cussons baby hair lotion candle nut celery coconut oil almond avocado 100ml,3509199723,[BPOM] Cussons Baby Hair Lotion 100ml+100ml & 50ml+50ml / Cusson Hair Lotion Bayi / MY MOM,bpom cussons baby hair lotion 100ml 100ml 50ml 50ml cusson hair lotion bayi my mom,1344355875,0.4651173722497483,1,True,0.2777777777777778
9603,16442,0,hard_neg,CRRJU Jam Tangan Pria Casual Quartz Analog Anti Air + Tanggal Aktif + Strap Mesh Stainless Steel,crrju jam tangan pria casual quartz analog anti air tanggal aktif strap mesh stainless steel,2856557907,\xe2\x9c\x85COD GENEVA Jam Tangan Wanita Analog Fashion Casual Women Wrist Quartz Watch,xe2 x9c x85cod geneva jam tangan wanita analog fashion casual women wrist quartz watch,16933527,0.39303230049569793,1,False,0.20833333333333334
20581,27813,0,hard_neg,NUTRILON ROYAL 3 VANILA / MADU 1800 GR,nutrilon royal 3 vanila madu 1800 gr,3159010476,chilschool Gold vanila/madu 1600 gr,chilschool gold vanila madu 1600 gr,2338504085,0.31192696699052247,1,True,0.3
2329,29136,0,hard_neg,SARUNG TANGAN GRAB/GOJEK,sarung tangan grab gojek,2007706703,Tempelan Gurita HP - Tempelan Gojek Uber Grab - Holder HP Murah,tempelan gurita hp tempelan gojek uber grab holder hp murah,217774922,0.4470690866094627,1,False,0.2
237,3400,0,hard_neg,Lampu Jamur / Lampu Tidur / Lampu Hias / Lampu Avata,lampu jamur lampu tidur lampu hias lampu avata,2378468247,{LAMPU TUMBLR / LAMPU NATAL / TWINKLE LIGHT / LAMPU DEKORASI HIAS LED},lampu tumblr lampu natal twinkle light lampu dekorasi hias led,2014040846,0.6048883666547343,1,False,0.18181818181818182
5126,7777,0,hard_neg,Koepoe koepoe Lada Putih 1000 gr,koepoe koepoe lada putih 1000 gr,1422811788,koepoe koepe sp / bahan kue SP / pengemulsi / baking mix 30 g,koepoe koepe sp bahan kue sp pengemulsi baking mix 30 g,2898703824,0.556954660736128,1,True,0.07142857142857142
1665,5973,0,hard_neg,bubble wrap - BUBLE WRAP,bubble wrap buble wrap,4198148727,Tentang Setelahnya  - Rey Mbayang - FREE BUBBLE WRAP,tentang setelahnya rey mbayang free bubble wrap,1986461686,0.6504819325928265,1,False,0.25
2224,6249,0,hard_neg,Selempang Kanvas Pria Tas Hp/Tas Dada Usb/Tas Impor Batam /Sling Bag Usb Kanvas/Selempang Kanvas#03,selempang kanvas pria tas hp tas dada usb tas impor batam sling bag usb kanvas selempang kanvas 03,1105071141,HANDBAGKU TAS LEVEL CHRONO SELEMPANG WANITA BATAM IMPORT GROSIR BRANDED TERBARU SLING BAG,handbagku tas level chrono selempang wanita batam import grosir branded terbaru sling bag,1292622626,0.3780799892925167,1,False,0.25
5021,12129,0,hard_neg,Mamypoko Pants Extra Dry S38 / M32 / L30/ XL26/ XXL22 mamypoko extradry,mamypoko pants extra dry s38 m32 l30 xl26 xxl22 mamypoko extradry,373674159,merries pants L30 XL26 M34,merries pants l30 xl26 m34,2104476621,0.4512605777029757,1,True,0.25
14842,26821,0,hard_neg,sepatu conver,sepatu conver,1964914740,sepatu ax2,sepatu ax2,1121516338,0.3549591057072924,1,False,0.3333333333333333
6813,16740,0,hard_neg,FYGALERY ACC136 JEPIT RAMBUT MODEL SILANG AKSESORIS RAMBUT FASHION WANITA STYLE KOREA MURAH BATAM,fygalery acc136 jepit rambut model silang aksesoris rambut fashion wanita style korea murah batam,378954357,Jepit Rambut Hairclip Mutiara Set Jepitan Wanita Gaya Korea Style Pearl,jepit rambut hairclip mutiara set jepitan wanita gaya korea style pearl,944479978,0.5516100221967715,1,False,0.2631578947368421
19298,31516,0,hard_neg,Mesin jahit mini portable 12 pola (MESIN 505),mesin jahit mini portable 12 pola mesin 505,1027126993,Mesin Jahit Tangan Mini Portable,mesin jahit tangan mini portable,849367919,0.859824869512976,1,False,0.5
4028,25692,0,hard_neg,Celana dalam anak laki-laki sorex,celana dalam anak laki laki sorex,865227276,SEPATU SANDAL GUNUNG ANAK LAKI CARVIL ORIGINAL,sepatu sandal gunung anak laki carvil original,3270395407,0.32295127640538773,1,False,0.2
18266,25308,0,hard_neg,NEW Jilbab Voal Motif Art Premium Square Lasercut Kerudung Segi empat Motif Hijab Grosir Murah !,new jilbab voal motif art premium square lasercut kerudung segi empat motif hijab grosir murah,3547938707,"Jilbab Voal Motif Premium Masker Instan , Hijab Masker Premium Instan , Harga Grosir Termurah !!!",jilbab voal motif premium masker instan hijab masker premium instan harga grosir termurah,2410084117,0.7527769979102592,1,False,0.3333333333333333
26651,32804,0,hard_neg,SERUM WHITENING 24K GOLDZAN AMPOULE ORIGINAL,serum whitening 24k goldzan ampoule original,3804159527,new whitening gold serum 24k,new whitening gold serum 24k,729245491,0.8798923407842938,1,False,0.375
5464,20014,0,hard_neg,(COD) TERLARIS..!! GAMIS SET SYARI MOUNTOYA GAMIS SYARI SET HIJAB DAN CADAR KOMBINASI RENDA,cod terlaris gamis set syari mountoya gamis syari set hijab dan cadar kombinasi renda,3389386152,NJ - Marwah Syari Set Premium / Gamis Muslim Terlaris Setelan Khimar Termurah,nj marwah syari set premium gamis muslim terlaris setelan khimar termurah,2201615216,0.5259405572600678,1,False,0.2222222222222222
5503,27495,0,hard_neg,[SALE] Hijab Voal Motif Art Premium Square Lasercut Kerudung Segi empat Motif Jilbab Grosir Murah,sale hijab voal motif art premium square lasercut kerudung segi empat motif jilbab grosir murah,3547938707,Hijab potton watersplash lasercut / jilbab anti air,hijab potton watersplash lasercut jilbab anti air,2146953902,0.6463790664809317,1,False,0.16666666666666666
12875,24775,0,hard_neg,Sirwal TEMPUR XXL - M Celana Cargo dan Outdoor Ikhwan Laa Isbal,sirwal tempur xxl m celana cargo dan outdoor ikhwan laa isbal,1377282137,Celana joger cargo sirwal premium original forward,celana joger cargo sirwal premium original forward,2024515517,0.4239810035046348,1,False,0.2
13973,28928,0,hard_neg,EVANY ESENSES MASCARA WATERPROOF / VOLUME MASKARA,evany esenses mascara waterproof volume maskara,2092622846,Mascara esenses waterproof volume 8ml,mascara esenses waterproof volume 8ml,4276391264,0.8908769910565145,1,False,0.5714285714285714
3425,22658,0,hard_neg,Kaos Kaki Bayi / Kaos Kaki Anak Motif Imut,kaos kaki bayi kaos kaki anak motif imut,3416230323,KELFI BAJU KAOS BAYI / ANAK PEREMPUAN - TANGAN BALON MOTIF,kelfi baju kaos bayi anak perempuan tangan balon motif,1142038310,0.5772159582597283,1,False,0.36363636363636365
3080,29166,0,hard_neg,sepatu adidas full black,sepatu adidas full black,3472190399,Alas Kaki Sepatu Shock Absorb Gel Orthotic Arch Size - Black,alas kaki sepatu shock absorb gel orthotic arch size black,4176822205,0.4093931147064477,1,False,0.16666666666666666
7750,29649,0,hard_neg,IKAT PINGGANG PRIA WANITA TACTICAL AMAROCK BIG SIZE,ikat pinggang pria wanita tactical amarock big size,1757831175,Tas ikat pinggang olahraga lari,tas ikat pinggang olahraga lari,2049141115,0.34910968284345456,1,False,0.18181818181818182
509,2887,0,hard_neg,EMINA GLOSSY STAIN,emina glossy stain,1166650192,Emina Cheek Lit Cream Blush,emina cheek lit cream blush,2770620676,0.40225886827749746,1,False,0.14285714285714285
1966,27799,0,hard_neg,Tempered Glass OPPO A3S / ANTIGORES KACA OPPO A3S,tempered glass oppo a3s antigores kaca oppo a3s,2406900984,Tempered Glass 5D Oppo All Type Oppo A12 A37 A52 A92 Neo 9 F1s F3 F5 F7 F9 F11 A3s A5s A7 Pro,tempered glass 5d oppo all type oppo a12 a37 a52 a92 neo 9 f1s f3 f5 f7 f9 f11 a3s a5s a7 pro,3781874382,0.5658626005610353,1,True,0.16666666666666666
9663,11517,0,hard_neg,AND-AKS-07-TP1 Tripod Spider Flexible Mini Holder U Tripot Tongsis Tongkat HP Handphone Camera,and aks 07 tp1 tripod spider flexible mini holder u tripot tongsis tongkat hp handphone camera,2539650093,Gorilla Pod Mini Spider Tripod HP + U Holder,gorilla pod mini spider tripod hp u holder,1883126923,0.572922476101203,1,False,0.3333333333333333
18838,24276,0,hard_neg,PART II - Hijab SEGIEMPAT Voal Premium DEKA,part ii hijab segiempat voal premium deka,447008477,"Aretha Black, PANASIA SCARF (Superfine Voal Hijab Premium)",aretha black panasia scarf superfine voal hijab premium,1115565398,0.40689973436319765,1,False,0.25
14045,26449,0,hard_neg,Khimar hijab jilbab/syari Trivia Oval,khimar hijab jilbab syari trivia oval,3345443347,BRISA JILBAB KHIMAR MURAH JilbabStyle HIjabMuslimah HIjabStyle JilbabInstan,brisa jilbab khimar murah jilbabstyle hijabmuslimah hijabstyle jilbabinstan,3407512865,0.5525887970932275,1,False,0.16666666666666666
4731,27404,0,hard_neg,Mangkok Masker set 4 in 1 + Kuas / Mangkuk Masker Set,mangkok masker set 4 in 1 kuas mangkuk masker set,3679027493,MASKER SPIRULINA ASLI (10 capsul + kuas dan mangkok),masker spirulina asli 10 capsul kuas dan mangkok,2173564634,0.5781342548411541,1,True,0.23076923076923078
11857,27216,0,hard_neg,{COD}GAMIS SYARIFAH//GAMIS WOLFIS LIST RENDA TERLARISSS,cod gamis syarifah gamis wolfis list renda terlarisss,2178028877,Gamis wolfis renda  set jilbab+cadar,gamis wolfis renda set jilbab cadar,3203369806,0.5493112143965985,1,False,0.3
16242,33119,0,hard_neg,"Bohobaby Button Top 2Y, 3Y/Baju Atasan Bayi Kancing/Kaos Rib Anak Polos Lembut Lengan Pendek Murah",bohobaby button top 2y 3y baju atasan bayi kancing kaos rib anak polos lembut lengan pendek murah,1109292393,Sleepsuit Zipper by Bohobaby 1-2Y,sleepsuit zipper by bohobaby 1 2y,2834147202,0.3308904993054527,1,True,0.09523809523809523
1099,1537,0,hard_neg,Masker Anak Kain Katun 3-Ply Motif Kartun,masker anak kain katun 3 ply motif kartun,1822865877,Pop socket motif karakter kartun lucu phone grip,pop socket motif karakter kartun lucu phone grip,1095455866,0.3437883716994233,1,False,0.14285714285714285
29001,32004,0,hard_neg,SERUM LUMINOUS MS GLOW ORIGINAL,serum luminous ms glow original,2092002172,MS glow Dark spot serum,ms glow dark spot serum,3512233465,0.6091289147457046,1,False,0.42857142857142855
16288,26812,0,hard_neg,Matematika Kelas 4 SD Kurikulum 2013 Revisi 2018 Terbaru,matematika kelas 4 sd kurikulum 2013 revisi 2018 terbaru,3113111421,"Buku Tematik SD Kelas 2 Tema 8 ""Keslamatan di Rumah dan Perjalanan"" Kurikulum 2013 Edisi Revisi 2017",buku tematik sd kelas 2 tema 8 keslamatan di rumah dan perjalanan kurikulum 2013 edisi revisi 2017,3105935071,0.6156557054763433,1,True,0.23809523809523808
12129,20052,0,hard_neg,merries pants L30 XL26 M34,merries pants l30 xl26 m34,2104476621,GOON SMILE PANT S40/M34/L30/XL26/XXL24/karisma.susu,goon smile pant s40 m34 l30 xl26 xxl24 karisma susu,986496525,0.5176150433835722,1,True,0.25
6354,18758,0,hard_neg,Kain Lap Microfiber Cleaning Cloth Towel Serbet Pembersih Serbaguna Murah,kain lap microfiber cleaning cloth towel serbet pembersih serbaguna murah,783180778,kain biru serat micro fiber serbaguna 30 x 30cm microfiber cloth,kain biru serat micro fiber serbaguna 30 x 30cm microfiber cloth,716945248,0.7627899689370777,1,False,0.23529411764705882
28313,29398,0,hard_neg,TweedySub - Mainan Edukatif / Puzzle Kayu / Jigsaw Puzzle Anak My First Puzzle,tweedysub mainan edukatif puzzle kayu jigsaw puzzle anak my first puzzle,785668369,Mainan Puzzle Edukasi Anak,mainan puzzle edukasi anak,2091049617,0.8562105653103566,1,False,0.3
1661,26307,0,hard_neg,PACKING TAMBAHAN BUBBLE WRAP,packing tambahan bubble wrap,4198148727,Bubble wrap untuk packing,bubble wrap untuk packing,2783554580,0.9064446458476636,1,False,0.6
12158,26952,0,hard_neg,Rexona Men Deodorant Roll On Active White 45ml Anti Bakteri,rexona men deodorant roll on active white 45ml anti bakteri,1684181226,Nivea Men Deep Deodorant Roll on 25 ml,nivea men deep deodorant roll on 25 ml,3639207904,0.40405295226733995,1,True,0.2857142857142857
7028,16465,0,hard_neg,HOVELSHOP Pouch Storage Bag Box Hanging Organizer Gantung 3 Sekat,hovelshop pouch storage bag box hanging organizer gantung 3 sekat,2716177294,[ Storage Gantung 16 Kantong ] Hanger Organizer Sebaguna Pouch Korean -,storage gantung 16 kantong hanger organizer sebaguna pouch korean,2314232878,0.6706119557628322,1,True,0.26666666666666666
1655,15307,0,hard_neg,Bubble Wrap,bubble wrap,4198148727,Bubble wrap packing roll 5METER * 125CM,bubble wrap packing roll 5meter 125cm,688154394,0.7640640405031077,1,False,0.3333333333333333
11137,13550,0,hard_neg,Xiaomi Redmi Note 9 9S 8T 6 7 8 Pro Mi S2 Anime One Piece Luffy Glass Casing Phone Case Kartun Cover hp Handphone Hard,xiaomi redmi note 9 9s 8t 6 7 8 pro mi s2 anime one piece luffy glass casing phone case kartun cover hp handphone hard,2976823387,Full Cover Tempered Glass Warna Xiaomi Redmi Note 5 / Note 5 Pro ( 5.99 inch ),full cover tempered glass warna xiaomi redmi note 5 note 5 pro 5 99 inch,1368205666,0.3851119478665009,1,True,0.1935483870967742
20821,28490,0,hard_neg,BLUETOOTH MAGNET HEADSET HANDSFREE EARPHONE MURAH,bluetooth magnet headset handsfree earphone murah,1744240905,Headseat / Handsfree / Earphone untuk Xiaomi Piston2,headseat handsfree earphone untuk xiaomi piston2,2737516742,0.5744950233754221,1,False,0.2
18986,19466,0,hard_neg,Tas Selempang Waistbag Keren Murah COD,tas selempang waistbag keren murah cod,768497034,Sling Bag Equal - Visval - Brick Red - Tas Selempang - Murah Keren,sling bag equal visval brick red tas selempang murah keren,2111576291,0.6373376233152703,1,False,0.3333333333333333
698,3926,0,hard_neg,Lampu Sen Jelly 2 Warna Kedip Flash,lampu sen jelly 2 warna kedip flash,3482856533,T10 Crystal Jelly 6 Mata STROBO/Kedip Led 5730 Lampu Senja Sen/Sein,t10 crystal jelly 6 mata strobo kedip led 5730 lampu senja sen sein,2013974881,0.45151952277729773,1,True,0.25
26279,32960,0,hard_neg,AFI - EC - Cardi Maika,afi ec cardi maika,2360140987,AFI - EC - Tunik Torry,afi ec tunik torry,1440487071,0.35117451269840455,1,False,0.3333333333333333
16050,17110,0,hard_neg,OSM - K502 (UK BESAR) Tas Kosmetik Motif / Tas Multi Fungsi / Bag Travel Make up / Tas Organizer,osm k502 uk besar tas kosmetik motif tas multi fungsi bag travel make up tas organizer,2097999229,Tas Ziplock Anti Air untuk Travel Tebal tas Plastik Reusable Organizer Storage Bag Travel Bag,tas ziplock anti air untuk travel tebal tas plastik reusable organizer storage bag travel bag,1426270134,0.361551429850994,1,False,0.18181818181818182
13767,18581,0,hard_neg,KAOS NASA H&M ORIGINAL MIRROR LOGO / KAOS H&M / BAJU H&M,kaos nasa h m original mirror logo kaos h m baju h m,3597285832,KAOS DISTRO PRIA MURAH BAJU DISTRO PRIA MURAH BAJU LAKI KAOS PRIA BRANDED KAOS PRIA LOGO VOOLOZ AIM,kaos distro pria murah baju distro pria murah baju laki kaos pria branded kaos pria logo vooloz aim,2206663328,0.6168349832226948,1,False,0.2
14485,18696,0,hard_neg,Helm Bogo Retro + Google Mask,helm bogo retro google mask,3012923871,Pet Topi Helm Bogo Retro Panjang Osbe,pet topi helm bogo retro panjang osbe,2268871963,0.6465626450278544,1,False,0.3333333333333333
19676,27422,0,hard_neg,GLOW 1 ( CREAM MALAM ) THERASKIN,glow 1 cream malam theraskin,1146205648,Cream hn original ECER Sabun /toner/cream malam/ cream siang /serum = cream hetty nugrahati,cream hn original ecer sabun toner cream malam cream siang serum cream hetty nugrahati,4139844552,0.377025506534221,1,False,0.14285714285714285
12486,31088,0,hard_neg,MAMABEAR Zoya / Soya Mix SACHET 20gr Minuman Pelancar Asi Booster Oat Zoyamix SoyaMix Mama Bear ECER,mamabear zoya soya mix sachet 20gr minuman pelancar asi booster oat zoyamix soyamix mama bear ecer,148719785,ZOYAMIX ZOYA MIX SOYAMIX SOYA MIX MAMA BEAR MAMABEAR 1 BOX,zoyamix zoya mix soyamix soya mix mama bear mamabear 1 box,1680535208,0.8621393423255103,1,True,0.4444444444444444
15895,30107,0,hard_neg,Herborist Hand Sanitizer Aloe Vera - 60ml Gel,herborist hand sanitizer aloe vera 60ml gel,1377132605,Beautain Hand Gel Sanitizer 120ml,beautain hand gel sanitizer 120ml,2269606587,0.48604984539847257,1,True,0.3333333333333333
27249,28977,0,hard_neg,[ BISA COD ] DOMPET PITA LIPAT / DOMPET MINI ALEESHA,bisa cod dompet pita lipat dompet mini aleesha,953150943,MORYMONY BUNGA - Dompet Lipat Wanita,morymony bunga dompet lipat wanita,3584502867,0.4708600183314207,1,False,0.2
9949,33248,0,hard_neg,Keju Cheese Prochiz Gold Cheddar 170gr -  Prochiz Spready Keju Oles 170gr,keju cheese prochiz gold cheddar 170gr prochiz spready keju oles 170gr,622438098,Keju Prochiz Quick Melt 170 gr,keju prochiz quick melt 170 gr,699222952,0.8208940086744857,1,False,0.16666666666666666
8214,8546,0,hard_neg,THERASKIN FACIAL WASH NORMAL,theraskin facial wash normal,4271585410,[COD] FACIAL WASH KEFIR ETAWA LOVELY KEFIR NATURE,cod facial wash kefir etawa lovely kefir nature,1140057473,0.3142928118702796,1,False,0.2222222222222222
8597,31935,0,hard_neg,Kintakun Sprei Extra Single 120 Albany Dluxe Microfiber Putih (3in1) 20 cm,kintakun sprei extra single 120 albany dluxe microfiber putih 3in1 20 cm,2235227223,Sprei Small Single Kintakun 3D Deluxe / Dluxe 100x200 Rosita,sprei small single kintakun 3d deluxe dluxe 100x200 rosita,4282435707,0.49767422559911806,1,True,0.23529411764705882
23685,25150,0,hard_neg,La Tulipe Total UV Protection,la tulipe total uv protection,3068315669,Olay Krim Pencerah - Natural White Light UV Protection 20 gr,olay krim pencerah natural white light uv protection 20 gr,2891183579,0.36218197801119645,1,False,0.15384615384615385
9730,14855,0,hard_neg,Acnes Toner Oil Control 110 mL,acnes toner oil control 110 ml,1176059503,CLEAN & CLEAR Oil Control Film Kertas Minyak,clean clear oil control film kertas minyak,4113954863,0.3315805458029128,1,False,0.18181818181818182
1597,23979,0,hard_neg,Celana Volly Voli  Mizuno Full Print Terbaru,celana volly voli mizuno full print terbaru,1440650413,sepaatu mizuno,sepaatu mizuno,784759211,0.5684669286707863,1,False,0.125
24776,25285,0,hard_neg,Terusan Bayi Baju Bayi Perempuan Dress Kutung Bayi Baju Rok Terusan Bayi,terusan bayi baju bayi perempuan dress kutung bayi baju rok terusan bayi,539019334,(ISI 3 PCS) Daster Yukensi Bayi uk 0-12 Bulan / Dress Bayi Kaos Daster Meylan Baju Anak Perempuan,isi 3 pcs daster yukensi bayi uk 0 12 bulan dress bayi kaos daster meylan baju anak perempuan,3565363760,0.5763714337888152,1,False,0.21052631578947367
21285,21849,0,hard_neg,PISAU SUPRA SET Stainless Steel Motif BUNGA Pisau Set Pisau Unik Cantik Pisau Premium Supra Original,pisau supra set stainless steel motif bunga pisau set pisau unik cantik pisau premium supra original,262962874,Maxim Tools Knife Sharpener - Pengasah Pisau,maxim tools knife sharpener pengasah pisau,4081657978,0.45307704764733187,1,False,0.0625
20322,31456,0,hard_neg,Master Kids Spray Cologne 100ml / Parfum Master Kids,master kids spray cologne 100ml parfum master kids,578736984,Mitu baby cologne 100ml,mitu baby cologne 100ml,587282424,0.6233687070004947,1,False,0.25
17323,21779,0,hard_neg,Leher dan adaptor fu vixion satria sonic jupiter mx dll,leher dan adaptor fu vixion satria sonic jupiter mx dll,2251485786,Leher knalpot jupiter mx new. Mx old ada,leher knalpot jupiter mx new mx old ada,3381382971,0.6172235788433476,1,False,0.21428571428571427
6368,18333,0,hard_neg,Mouse Gaming Fantech RHASTA G10,mouse gaming fantech rhasta g10,4083127447,Mousepad Fantech MPR800 Firefly RGB Led - Mouse Pad Gaming Fantech,mousepad fantech mpr800 firefly rgb led mouse pad gaming fantech,4163369989,0.6093823068074603,1,True,0.2727272727272727
12102,14870,0,hard_neg,Little Musician - Mainan Piano Edukasi Anak - Alat Musik - Instrument,little musician mainan piano edukasi anak alat musik instrument,2065800266,Animal Farm Piano,animal farm piano,226461911,0.34842473734889595,1,False,0.09090909090909091
19615,29136,0,hard_neg,TERMURAH SARUNG TANGAN NIKE COCOK UNTUK GRAB/GOJEK,termurah sarung tangan nike cocok untuk grab gojek,2007706703,Tempelan Gurita HP - Tempelan Gojek Uber Grab - Holder HP Murah,tempelan gurita hp tempelan gojek uber grab holder hp murah,217774922,0.330750849283978,1,False,0.14285714285714285
6192,26543,0,hard_neg,DASTER BALI XL TERMURAH,daster bali xl termurah,1919600510,(1 kg 7pcs) DASTER BALI / Daster karakter kekinian,1 kg 7pcs daster bali daster karakter kekinian,264184112,0.3783847078968312,1,False,0.2222222222222222
11431,19025,0,hard_neg,PIYAMA SATEN EMBOS CP SIZE.XL/BAJU TIDUR/PIYAMA DEWASA/REAL PICT,piyama saten embos cp size xl baju tidur piyama dewasa real pict,3602574057,Piyama cp embos 3in1 / baju tidur wanita,piyama cp embos 3in1 baju tidur wanita,2157612122,0.7619684150125413,1,False,0.38461538461538464
4470,27711,0,hard_neg,BBWORLD Summer Baby Boys Girls Short Sleeve Cartoon Print T-shirt Tops+Shorts Sets,bbworld summer baby boys girls short sleeve cartoon print t shirt tops shorts sets,3937149763,Sweety Silver Pants Boys Girls,sweety silver pants boys girls,2808026978,0.43416227455667966,1,False,0.11764705882352941
4097,12413,0,hard_neg,FLATSHOES KODORAI,flatshoes kodorai,179570104,Flatshoes Formal or Non Formal Balance B695-D4-1,flatshoes formal or non formal balance b695 d4 1,2565533507,0.41561078062030077,1,False,0.1111111111111111
6195,22980,0,hard_neg,Scarlett whitening BODY LOTION / Scarlet  / HB scarlettwhitening Romansa Fantasia Charming Freshy,scarlett whitening body lotion scarlet hb scarlettwhitening romansa fantasia charming freshy,2345871793,[PAKET3in1]LULUR SCARLETT ROMANSA POMEGRANTE  BODY LOTION & SHOWER SCRUB SCARLET,paket3in1 lulur scarlett romansa pomegrante body lotion shower scrub scarlet,3998456689,0.4686166726711998,1,False,0.3125
5196,21663,0,hard_neg,\xe2\x9d\x80\xe2\x9d\x83\xe2\x9c\xa8 3 in 1 Micro USB HUB Male to Female & Double USB 2.0 Host OTG Adapter Cable,xe2 x9d x80 xe2 x9d x83 xe2 x9c xa8 3 in 1 micro usb hub male to female double usb 2 0 host otg adapter cable,3700794030,Adapter Converter OTG Micro USB Male to USB 2.0 Female untuk Smartphone Android,adapter converter otg micro usb male to usb 2 0 female untuk smartphone android,2502846087,0.3642936615346606,1,True,0.34615384615384615
17223,25921,0,hard_neg,Chil School Vanila 1600 gr chilschool,chil school vanila 1600 gr chilschool,2338504085,Morinaga Chil School Gold Chocolate 800gr,morinaga chil school gold chocolate 800gr,3769282153,0.45247258789083633,1,True,0.2
11962,22415,0,hard_neg,KOJIE SAN FACE LIGHTENING CREAM 30 GR,kojie san face lightening cream 30 gr,2134514629,KOJIE SAN Lightening Face Cream 30g,kojie san lightening face cream 30g,217804619,0.9525856217862579,1,False,0.625
4060,13708,0,hard_neg,BUSA BUNGA,busa bunga,2997760573,Putik bunga per ikat,putik bunga per ikat,4016668408,0.5026406065918799,1,False,0.2
10671,34160,0,hard_neg,Serum luminous ms glow ori / msglow original,serum luminous ms glow ori msglow original,2092002172,MS SLIM / SLIMMING MS GLOW / MS GLOW SLIMMING CAPSULE/  MS GLOW SLIM kapsul/ MS BLACK MSGLOW/msblack,ms slim slimming ms glow ms glow slimming capsule ms glow slim kapsul ms black msglow msblack,3310127204,0.4996938148208299,1,False,0.23076923076923078
1963,7001,0,hard_neg,JILBAB SEGITIGA BOBAL DIAMOND / HIJAB SEGI TIGA BOBAL KOMBINASI,jilbab segitiga bobal diamond hijab segi tiga bobal kombinasi,2008989859,"Jilbab Potton Doby Segi empat , Hijab Square Printing , Kerudung Premium , Harga Grosir",jilbab potton doby segi empat hijab square printing kerudung premium harga grosir,3547938707,0.38482195651511103,1,False,0.17647058823529413
13430,21990,0,hard_neg,Yoga Block Merk SPEEDS Original / Yoga Brick / Balok Yoga 023-1,yoga block merk speeds original yoga brick balok yoga 023 1,1460979823,[Bonus tas/sarung ]Matras Yoga / Yoga Mat Megahome,bonus tas sarung matras yoga yoga mat megahome,1854275542,0.43920654149370325,1,False,0.06666666666666667
320,24082,0,hard_neg,FACIAL WASH NORMAL( THERASKIN),facial wash normal theraskin,4271585410,FACIAL WASH KEFIR ETAWA,facial wash kefir etawa,1140057473,0.5637734638061025,1,False,0.3333333333333333
14218,30199,0,hard_neg,Disinfektan Saniter 200ml,disinfektan saniter 200ml,2110927214,Saniter Aerosol Spray Kaleng Kecil 200 ml | Saniter Disinfektan Sanitizer Fresh Clean 200ml Murah,saniter aerosol spray kaleng kecil 200 ml saniter disinfektan sanitizer fresh clean 200ml murah,2645461826,0.8237377043822043,1,False,0.23076923076923078
4824,19867,0,hard_neg,MS GLOW MEN,ms glow men,1002765200,SERUM LUMINOUS BY MS GLOW,serum luminous by ms glow,2092002172,0.560895013464283,1,False,0.3333333333333333
8627,13782,0,hard_neg,Filter Air Zernii / Saringan Air Zerni,filter air zernii saringan air zerni,832239361,ZERNII ALAT ( FILTER AIR JERNIH),zernii alat filter air jernih,3469866782,0.9436584988537026,1,False,0.42857142857142855
2874,4962,0,hard_neg,Lampu Depan Sepeda 5 LED dan Lampu Belakang Sepeda Tahan Air,lampu depan sepeda 5 led dan lampu belakang sepeda tahan air,2832357206,(1 biji) Tutup Pentil LED Nyala Lampu Warna Cop Ban Motor Mobil Sepeda Gowes Lampu depan belakang,1 biji tutup pentil led nyala lampu warna cop ban motor mobil sepeda gowes lampu depan belakang,1575763518,0.6011341004808997,1,True,0.25
24080,30027,0,hard_neg,Masker Motif Velvet Diamond 2ply,masker motif velvet diamond 2ply,2547266024,Masker anak/masker motif/masker libby velvet,masker anak masker motif masker libby velvet,1822865877,0.7075199714594314,1,False,0.42857142857142855
19151,20918,0,hard_neg,(GRATIS KUAS )Kathh Mask Coffee Masker Kopi Menyembuhkan Jerawat Dari Kathh beauty Distributor Resmi,gratis kuas kathh mask coffee masker kopi menyembuhkan jerawat dari kathh beauty distributor resmi,2750367044,COD Masker Al Fatih Peel of mask (Distributor masker Al Fatih),cod masker al fatih peel of mask distributor masker al fatih,2754540101,0.5669598596689551,1,False,0.16666666666666666
18555,21825,0,hard_neg,sarung tangan motor.sarung tangan sepeda murah,sarung tangan motor sarung tangan sepeda murah,2007706703,celana sarung motif solo | sarung wayang | sarung celana murah,celana sarung motif solo sarung wayang sarung celana murah,3017519116,0.5700825881535789,1,False,0.2222222222222222
8190,10884,0,hard_neg,Konektor Masker (Pengait Masker) OLL-712,konektor masker pengait masker oll 712,2887356875,konektor masker hijab / pengait masker tali kain,konektor masker hijab pengait masker tali kain,642283221,0.6762547086308237,1,False,0.375
6608,16113,0,hard_neg,Legging leggings lejing leging spandex panjang jumbo big size XXL XXXL double size murah,legging leggings lejing leging spandex panjang jumbo big size xxl xxxl double size murah,1710760612,Baju Kaos Polos Cewek kekinian Lengan Panjang JUMBO BIG SIZE,baju kaos polos cewek kekinian lengan panjang jumbo big size,97193149,0.39568796776630505,1,False,0.21052631578947367
18566,18886,0,hard_neg,Converter Conector Adapter Micro USB to Lightning / Iphone 5 & 6,converter conector adapter micro usb to lightning iphone 5 6,4270579498,COD Adapter Converter OTG Micro USB Male to USB 2.0 Female untuk Smartphone Android BEST,cod adapter converter otg micro usb male to usb 2 0 female untuk smartphone android best,2502846087,0.3928600815695676,1,True,0.25
14711,19375,0,hard_neg,Sunglasses Transparan Jelly Frame No Model Kacamata Pria / Wanita,sunglasses transparan jelly frame no model kacamata pria wanita,1623865439,[READY JATENG] KC 01 KACAMATA ANTI RADIASI  / KACAMATA FASHION / SUNGLASSES ANTI RADIASI FRAME,ready jateng kc 01 kacamata anti radiasi kacamata fashion sunglasses anti radiasi frame,3630992203,0.5288115205821234,1,False,0.1875
1463,28849,0,hard_neg,Dompet Kulit Baellerry Pendek Pria Short Leather Wallet Original D3218,dompet kulit baellerry pendek pria short leather wallet original d3218,3687205178,Dompet Baellerry Panjang 10 Slot Import Termurah Cewek Wanita Wallet Kartu Atm,dompet baellerry panjang 10 slot import termurah cewek wanita wallet kartu atm,4143102922,0.41310836602188744,1,True,0.15789473684210525
13029,20450,0,hard_neg,Ramen Gorilla Mie Instant Pedas Mi Instan Gorila Kuah Goreng Yamie Sama seperti mie pedas,ramen gorilla mie instant pedas mi instan gorila kuah goreng yamie sama seperti mie pedas,4010992987,Lemonilo Mie Goreng Instant Sehat - Mie Organic,lemonilo mie goreng instant sehat mie organic,1537696988,0.4268268235961722,1,False,0.1875
16521,32101,0,hard_neg,Wardah Refill Lightening BB Cake Powder 01 Light 11 g,wardah refill lightening bb cake powder 01 light 11 g,2889392509,Wardah Lightening Two Way Cake,wardah lightening two way cake,1563437474,0.7761357879168069,1,False,0.25
9899,14889,0,hard_neg,CELANA PANJANG SIRWAL PANGSI SANTAI PRIA COWOK,celana panjang sirwal pangsi santai pria cowok,1873624642,SIRWAL LAA ISBAL/SIRWAL TEMPUR DEWASA AL HANIF SIZE L,sirwal laa isbal sirwal tempur dewasa al hanif size l,1377282137,0.315159327278182,1,False,0.06666666666666667
2180,7018,0,hard_neg,SHIREN OVERALL ZIPPER JEANS WASH,shiren overall zipper jeans wash,2612181584,Thea overall jeans,thea overall jeans,1122805688,0.49915167245613185,1,False,0.3333333333333333
6498,25082,0,hard_neg,[ COD ] KURMA SUKARI 1 KG / SUKARI BASAH / KURMA RAJA / KURMA SEHAT,cod kurma sukari 1 kg sukari basah kurma raja kurma sehat,2063618224,Kurma Tunisia Tangkai 1 Kg Premium Original,kurma tunisia tangkai 1 kg premium original,3667798812,0.4151657621285475,1,False,0.25
10819,18829,0,hard_neg,(27AN.ID) COD Dompet wanita A16 DOMPET cewek Dompet Fashion Dompet mini Wanita Impor C2,27an id cod dompet wanita a16 dompet cewek dompet fashion dompet mini wanita impor c2,2290272256,COD TJM Dompet Wanita Kecil Forever Young FOR 030 / Dompet Wanita Murah Dompet kekinian import Batam,cod tjm dompet wanita kecil forever young for 030 dompet wanita murah dompet kekinian import batam,3570782259,0.5475823081190606,1,True,0.14285714285714285
8099,30733,0,hard_neg,Celana Dalam Anak Cowok LAKI LAKI / SABLON / BANANA / 056 ESSEN,celana dalam anak cowok laki laki sablon banana 056 essen,1760031776,(1 KG MUAT 22 PTG) BAJU ATASAN KAOS OBLONG ANAK PEREMPUAN/LAKI-LAKI/CEWEK/COWOK/UNISEX PART 3,1 kg muat 22 ptg baju atasan kaos oblong anak perempuan laki laki cewek cowok unisex part 3,2521869563,0.32507324122710346,1,True,0.13043478260869565
27269,29551,0,hard_neg,Nyonya Meneer Minyak Telon 60ml,nyonya meneer minyak telon 60ml,4168188347,KONICARE MINYAK TELON PLUS 30ML,konicare minyak telon plus 30ml,117207661,0.3400087662754972,1,True,0.25
11877,31621,0,hard_neg,Bandana dengan Bahan Kain Elastis dan Gambar Motif Kelinci,bandana dengan bahan kain elastis dan gambar motif kelinci,1570703533,GW Bandana Elastis Anti Slip Warna Permen untuk Pria / Wanita / Olahraga / Lari,gw bandana elastis anti slip warna permen untuk pria wanita olahraga lari,3631627646,0.3114676021008941,1,False,0.10526315789473684
203,17259,0,hard_neg,ChinaTown - Timbangan Kopi Bumbu Dapur Emas Digital Kitchen Scale 1kg 0.1g i-2000 Coffee Teh Gold,chinatown timbangan kopi bumbu dapur emas digital kitchen scale 1kg 0 1g i 2000 coffee teh gold,3105568663,"Timbangan Digital, Timbangan Dapur, Peralatan Dapur",timbangan digital timbangan dapur peralatan dapur,1434986601,0.5364891815435182,1,False,0.16666666666666666
694,29931,0,hard_neg,Kunci sock kenmaster,kunci sock kenmaster,3889888691,Kenmaster Socket Wrench Set 27pcs Kunci Sok 27 Sockets,kenmaster socket wrench set 27pcs kunci sok 27 sockets,421691417,0.7716100210332532,1,False,0.2
13039,14873,0,hard_neg,Konicare Minyak Telon Plus 125 ml,konicare minyak telon plus 125 ml,2168147177,Konicare Minyak Telon Plus 30 mL,konicare minyak telon plus 30 ml,117207661,0.906131555209846,1,True,0.7142857142857143
11505,19092,0,hard_neg,Pensil Warna Faber Castell Classic 12 Short,pensil warna faber castell classic 12 short,618541066,Faber-Castell Pensil Ujian - 2B Castell 9000,faber castell pensil ujian 2b castell 9000,2903956460,0.4286614619648127,1,True,0.3
1434,28212,0,hard_neg,Hello Panda Cheese 40gr,hello panda cheese 40gr,3682165598,Cream Cheese Anchor 1 kg,cream cheese anchor 1 kg,1727761879,0.32498530224213795,1,True,0.125
16158,26293,0,hard_neg,BATERAI BATRE BATTERY SAMSUNG I9082 / GRAND DUOS ORI 99,baterai batre battery samsung i9082 grand duos ori 99,3104829936,Baterai Batre Battery Original Samsung J2 J200 G360,baterai batre battery original samsung j2 j200 g360,2620666302,0.5497094717406923,1,True,0.3076923076923077
1659,7717,0,hard_neg,Extra Bubble Wrap,extra bubble wrap,4198148727,Ekstra Bubble Wrap,ekstra bubble wrap,757407721,0.9260240100004136,1,False,0.5
1273,16698,0,hard_neg,Fuze doff case oppo xiaomi vivo samsung realme iphone all type,fuze doff case oppo xiaomi vivo samsung realme iphone all type,2974535963,TEMPERED GLASS 3D FULL COVER 2.5D SAMSUNG IPHONE XIAOMI OPPO VIVO,tempered glass 3d full cover 2 5d samsung iphone xiaomi oppo vivo,1590190794,0.5740914117970386,1,False,0.2777777777777778
1447,19514,0,hard_neg,sandal karet karakter DORAEMON,sandal karet karakter doraemon,2210983937,Boneka doraemon # doraemon ukuran mini,boneka doraemon doraemon ukuran mini,4271316560,0.6536955742941216,1,False,0.14285714285714285
28239,32462,0,hard_neg,BUKU CERITA ANAK Bergambar Seri Balita pintar dan muslim Paud colour,buku cerita anak bergambar seri balita pintar dan muslim paud colour,1375664237,Buku Anak - Vitamin Otak Anak Paud dan TK Edisi Terlengkap,buku anak vitamin otak anak paud dan tk edisi terlengkap,2681338524,0.32969020279894135,1,False,0.25
17666,23013,0,hard_neg,ACAK MOTIF WARNA Rak sepatu 4 susun / portable rack serbaguna,acak motif warna rak sepatu 4 susun portable rack serbaguna,2672555526,[CH88] RAK SEPATU PORTABLE / RAK SEPATU SUSUN 4 / RAK SEPATU 4 TINGKAT,ch88 rak sepatu portable rak sepatu susun 4 rak sepatu 4 tingkat,4138545452,0.5597151337356531,1,True,0.4166666666666667
20290,27381,0,hard_neg,NEW ARRIVAL RAK KOSMETIK MULTIFUNGSI RAK KOSMETIK 3 LACI RAK KOSMETIK SUSUN RAK KOSMETIK,new arrival rak kosmetik multifungsi rak kosmetik 3 laci rak kosmetik susun rak kosmetik,1726457735,Rak gantung kosmetik karakter,rak gantung kosmetik karakter,2097181150,0.7036486505644584,1,False,0.2
1450,8274,0,hard_neg,[SYB] Sabun Bibit Pemutih Bpom / Bibit pemutih soap,syb sabun bibit pemutih bpom bibit pemutih soap,3085411073,Body Scrub Bibit Pemutih Lulur Bibit Pemutih Lulur SYB Scrub SYB Pemutih Badan Lulur Badan,body scrub bibit pemutih lulur bibit pemutih lulur syb scrub syb pemutih badan lulur badan,2808827127,0.727915206197455,1,False,0.3
8095,11101,0,hard_neg,NM 488 - (2pcs )tutup pentil LED nyala lampu roda ban mobil sepeda variasi motor honda,nm 488 2pcs tutup pentil led nyala lampu roda ban mobil sepeda variasi motor honda,1575763518,Lampu Tumbrl LED Lampu Hias Nyala,lampu tumbrl led lampu hias nyala,1936896598,0.3183614069025627,1,False,0.17647058823529413
11714,17200,0,hard_neg,BASEUS KABEL DATA TYPE-C AUTOMATIC POWER-OFF FAST CHARGE 3A,baseus kabel data type c automatic power off fast charge 3a,1876777240,Baseus Kabel Data Iphone Automatic Power-Off Fast Charging 2.4a,baseus kabel data iphone automatic power off fast charging 2 4a,1368882054,0.7918674009726955,1,True,0.4666666666666667
4492,25271,0,hard_neg,ChekHup 3in1 IPOH White coffee King ed Maret 2022!PROMO!!,chekhup 3in1 ipoh white coffee king ed maret 2022 promo,2699593598,(BPOM) 15SACHET Ipoh White Coffee/Check Hup/Ipoh/oldtown /old town/checkhup/checkhup king /ipoh king,bpom 15sachet ipoh white coffee check hup ipoh oldtown old town checkhup checkhup king ipoh king,2723899357,0.5405033704837275,1,True,0.2222222222222222
2720,5106,0,hard_neg,TERLARIS PAKET BIBIT PEMUTIH SYB ORIGINAL BPOM,terlaris paket bibit pemutih syb original bpom,3085411073,[PAKET GLOW BBC] ORIGINAL 100% BPOM HALAL!!!,paket glow bbc original 100 bpom halal,2956941947,0.3805508115238651,1,False,0.2727272727272727
5597,6368,0,hard_neg,Fantech X5s Zeus RGB - Macro Optical Mouse,fantech x5s zeus rgb macro optical mouse,1696985863,Mouse Gaming Fantech RHASTA G10,mouse gaming fantech rhasta g10,4083127447,0.3502553953452888,1,True,0.2
2204,20655,0,hard_neg,Best Seller !!! Tempat Botol Air Minum di Motor - Sepeda,best seller tempat botol air minum di motor sepeda,2961548174,TGB *Bayar di tempat* TUTUP Pentil LED Nyala Lampu Roda Ban Mobil Sepeda Variasi Motor,tgb bayar di tempat tutup pentil led nyala lampu roda ban mobil sepeda variasi motor,1575763518,0.3947835016193969,1,False,0.2
27664,28461,0,hard_neg,Buku Vitamin Otak Anak PAUD dan TK,buku vitamin otak anak paud dan tk,2681338524,Buku Anak - Belajar Bahasa Inggris Untuk TK dan Paud,buku anak belajar bahasa inggris untuk tk dan paud,1502042054,0.4647788846146028,1,False,0.45454545454545453
849,25735,0,hard_neg,Spons Beauty Blender / Sponge Beauty Blender,spons beauty blender sponge beauty blender,1111259106,Juicer Blender Vitamer Portable Buah Mini Praktis USB Blender,juicer blender vitamer portable buah mini praktis usb blender,3566010337,0.5155611468593922,1,False,0.09090909090909091
14059,24217,0,hard_neg,SPECIAL PROMO - BAJU KAOS BAYI / ANAK,special promo baju kaos bayi anak,1142038310,Daster Yukensi uk Bayi 0-12 Bulan / Baju Tidur Baby Adem Bahan Kaos Dress Meylan Anak Perempuan,daster yukensi uk bayi 0 12 bulan baju tidur baby adem bahan kaos dress meylan anak perempuan,3565363760,0.3853714309005436,1,False,0.21052631578947367
3010,16649,0,hard_neg,COD ORIGINAL Refill Lightening BB Cake Powder Wardah Bagus Tahan Lama Bebas Minyak W020,cod original refill lightening bb cake powder wardah bagus tahan lama bebas minyak w020,2889392509,WARDAH Lightening TwoWayCake,wardah lightening twowaycake,1563437474,0.4149106858987846,1,False,0.13333333333333333
14059,16130,0,hard_neg,SPECIAL PROMO - BAJU KAOS BAYI / ANAK,special promo baju kaos bayi anak,1142038310,Baju Kaos ANAK DAN DEWASA NUSSA RARA COUPLE (FREE NAMA),baju kaos anak dan dewasa nussa rara couple free nama,3790455841,0.3692379834997308,1,False,0.23076923076923078
306,31297,0,hard_neg,IMPLORA CHEEK & LIPTINT - IMPLORA LIP TINT ORIGINAL BPOM,implora cheek liptint implora lip tint original bpom,3627744656,Implora SUELUTTU Powder Cake - 2 Bedak 1 Foundation - Original BPOM,implora sueluttu powder cake 2 bedak 1 foundation original bpom,179067337,0.3356915448024267,1,False,0.21428571428571427
29720,31516,0,hard_neg,MINI STUDIO PHOTO PORTABLE / BOX LED FOTO PORTABLE PHOTOGRAPHY,mini studio photo portable box led foto portable photography,366263046,Mesin Jahit Tangan Mini Portable,mesin jahit tangan mini portable,849367919,0.45150166645400003,1,False,0.18181818181818182
7402,17204,0,hard_neg,Kurma Sukari Al Madinah 1kg / Korma Sukari,kurma sukari al madinah 1kg korma sukari,2717178301,[ COD ] KURMA NAGHAL 1KG / KURMA MADINAH / NAGHAL / KURMA NAGHAL MADINAH / OLEH OLEH HAJI DAN UMROH,cod kurma naghal 1kg kurma madinah naghal kurma naghal madinah oleh oleh haji dan umroh,3268999028,0.5808063961857588,1,False,0.25
13057,14493,0,hard_neg,MITU BABY COLOGNE,mitu baby cologne,1606598456,ESKULIN KIDS mist cologne 60 ml,eskulin kids mist cologne 60 ml,1539126024,0.4896599945777764,1,False,0.125
7804,14704,0,hard_neg,Dumbell Neoprene KETTLER 2kg/pair - Barbel Neoprene KETTLER 2kg/pair - ORIGINAL,dumbell neoprene kettler 2kg pair barbel neoprene kettler 2kg pair original,3214611174,Soes GG 2kg,soes gg 2kg,2864178368,0.32240883768248857,1,False,0.1111111111111111
18552,20694,0,hard_neg,Speed Squeeze Ratcheting Clamp Penjepit Kayu - T22106 - Black,speed squeeze ratcheting clamp penjepit kayu t22106 black,2386318710,Pinset / penjepit,pinset penjepit,179508880,0.2996193248506555,1,False,0.1111111111111111
29775,33204,0,hard_neg,(TERBARU) Implora Cheek & Liptint - Implora Liptint - Lip Tint Implora,terbaru implora cheek liptint implora liptint lip tint implora,3627744656,Implora Deep Black Mascara Original BPOM,implora deep black mascara original bpom,220104288,0.36377051322336096,1,False,0.09090909090909091
5277,7354,0,hard_neg,Good Hair Tonic 210ml Penyubur Rambut / Penumbuh Rambut Gingseng henna Anti dandruff herbal tonik,good hair tonic 210ml penyubur rambut penumbuh rambut gingseng henna anti dandruff herbal tonik,3213719935,BPOM - Natur Hair Tonic 90ml / Natur Hair Tonic Ginseng / Natur Hair Tonik Aloe Vera / SYE MART,bpom natur hair tonic 90ml natur hair tonic ginseng natur hair tonik aloe vera sye mart,122550860,0.30543223398522956,1,True,0.14285714285714285
16406,29573,0,hard_neg,PTT LAMPU TUMBLR 50 LED / LAMPU NATAL /LAMPU HIAS NATAL / LED TWINKLE IMPORT# BISA COD,ptt lampu tumblr 50 led lampu natal lampu hias natal led twinkle import bisa cod,755502893,Lampu Natal LED Warna hias pohon tumblr dekor /Lampu tumbeler,lampu natal led warna hias pohon tumblr dekor lampu tumbeler,1936896598,0.6140386009401332,1,False,0.3333333333333333
8274,24890,0,hard_neg,Body Scrub Bibit Pemutih Lulur Bibit Pemutih Lulur SYB Scrub SYB Pemutih Badan Lulur Badan,body scrub bibit pemutih lulur bibit pemutih lulur syb scrub syb pemutih badan lulur badan,2808827127,Shinzui Lulur (Body Scrub),shinzui lulur body scrub,163505030,0.6128532160245258,1,False,0.375
29527,30068,0,hard_neg,Habbatussauda Oil Soft Capsule 200 Kapsul - minyak habbatussaua softgel,habbatussauda oil soft capsule 200 kapsul minyak habbatussaua softgel,1714474066,Habbatussauda Ajwa 210,habbatussauda ajwa 210,399159574,0.5600063060939375,1,True,0.09090909090909091
22259,25941,0,hard_neg,"PAKET LENGKAP COLLAGEN (cream, sabun, toner kecil , serum)",paket lengkap collagen cream sabun toner kecil serum,615781194,(COD) TONER COLLAGEN PLUS VIT.C & WHITENING 100 Ml,cod toner collagen plus vit c whitening 100 ml,2000035616,0.4338144864130992,1,False,0.13333333333333333
4194,10395,0,hard_neg,(Flashsale) Gamis Luxmote Busui Brukat Corneli Tulang + Payet Silver Baju Muslim Pesta Lebaran,flashsale gamis luxmote busui brukat corneli tulang payet silver baju muslim pesta lebaran,1887108400,Sisi Dress Muslim TERMURAH & TERLARIS | Gamis Brukat,sisi dress muslim termurah terlaris gamis brukat,3546564341,0.5916347043117067,1,False,0.17647058823529413
182,27636,0,hard_neg,MASKER KOMEDO  GELATIN by PICNIC.ID 10 gr,masker komedo gelatin by picnic id 10 gr,217263041,( TERLARIS ) MASKER KOMEDO / MASKER GELATIN KEMASAN 3gr,terlaris masker komedo masker gelatin kemasan 3gr,3183550280,0.6123704919348884,1,True,0.2727272727272727
26663,28811,0,hard_neg,Sugarbaby Perlak Bayi Sugar Baby - Perlak Karet Waterproof Anti Air | Alas Tatakan Ompol Bayi Motif,sugarbaby perlak bayi sugar baby perlak karet waterproof anti air alas tatakan ompol bayi motif,997220911,Sugar Baby Infant Seat Bouncer / Infant Sugar Baby Kursi Bayi,sugar baby infant seat bouncer infant sugar baby kursi bayi,1395051225,0.5715937043213374,1,False,0.17647058823529413
10204,24535,0,hard_neg,Ikat Rambut Model 2 Warna untuk Wanita,ikat rambut model 2 warna untuk wanita,4086628805,COD IKAT RAMBUT KOREA BODY MUTIARA MULTIGUNA AKSESORIS WANITA TERMURAH/ IKAT RAMBUT MUTIARA,cod ikat rambut korea body mutiara multiguna aksesoris wanita termurah ikat rambut mutiara,2023870601,0.46085429908094144,1,False,0.21428571428571427
19521,20525,0,hard_neg,Matras Yoga / Yoga Mat Megahome Bonus Tas/Sarung Alat Olahraga Senam Gym Portable Mudah Dibawa,matras yoga yoga mat megahome bonus tas sarung alat olahraga senam gym portable mudah dibawa,1854275542,Sale PROMO MATRAS YOGA/YOGA MATT 10 MM NBR UNISTAR BONUS TALI STRAP ORIGINAL (MOTIF),sale promo matras yoga yoga matt 10 mm nbr unistar bonus tali strap original motif,2927885247,0.5068015152492823,1,False,0.12
6223,8012,0,hard_neg,Legging wanita JUMBO,legging wanita jumbo,1710760612,Legging Panjang Spandek Premium | Bahan Nyaman dan Tidak Panas Ukuran Standard Dan Jumbo,legging panjang spandek premium bahan nyaman dan tidak panas ukuran standard dan jumbo,3637833461,0.4519791207357816,1,False,0.15384615384615385
2064,8941,0,hard_neg,iPhone 5 5S 6 6S 6 Plus 6s PLUS 7 Plus 8 Plus X XR XS Max 11 11 Pro Max Transparan Bening Soft Case,iphone 5 5s 6 6s 6 plus 6s plus 7 plus 8 plus x xr xs max 11 11 pro max transparan bening soft case,1605252728,Fuze iphone 5 6 6g 6g+ 7 7g 7g+ 8 8+ xr x xs xs max se 2020 11 pro pro max 5.8 6.1 6.5 CS880,fuze iphone 5 6 6g 6g 7 7g 7g 8 8 xr x xs xs max se 2020 11 pro pro max 5 8 6 1 6 5 cs880,2974535963,0.47421111900772406,1,True,0.44
14716,32972,0,hard_neg,COD SACE LADY Baked Highlighter Powder Shimmer Smooth Face Makeup Cosmetic,cod sace lady baked highlighter powder shimmer smooth face makeup cosmetic,1897080438,Highlighter / Bronzer / Contour / Highlighter Pensil 3D,highlighter bronzer contour highlighter pensil 3d,2882575498,0.39109798529428846,1,False,0.06666666666666667
3698,19227,0,hard_neg,CARDI BUTTON CROP RAJUT,cardi button crop rajut,3729785503,Willy cardy//Rajut crop//switer,willy cardy rajut crop switer,1668456717,0.6306937990543069,1,False,0.2857142857142857
18637,23559,0,hard_neg,Creamer Nabati (Non Dairy Creamer) Premium & Reguler 1 Kg,creamer nabati non dairy creamer premium reguler 1 kg,3829989058,MAXCREAMER CREAMER REFILL 500GR,maxcreamer creamer refill 500gr,1079705715,0.7313231171411376,1,True,0.09090909090909091
2874,20325,0,hard_neg,Lampu Depan Sepeda 5 LED dan Lampu Belakang Sepeda Tahan Air,lampu depan sepeda 5 led dan lampu belakang sepeda tahan air,2832357206,"[DISINIAJA] Tutup Pentil Ban Lampu LED, Sepeda Motor, Sepeda , Mobil",disiniaja tutup pentil ban lampu led sepeda motor sepeda mobil,1575763518,0.5982941356048497,1,False,0.2
12459,17194,0,hard_neg,Nano Mist Spray Alat Semprotan Pelembab Wajah Kapasitas 30ml Water Uap Skin Detox Hydrating Moisturi,nano mist spray alat semprotan pelembab wajah kapasitas 30ml water uap skin detox hydrating moisturi,3040690230,Botol spray semprotan 500 ml,botol spray semprotan 500 ml,1683383252,0.34614293117236716,1,True,0.1111111111111111
2570,9730,0,hard_neg,Clean & Clear Face Wash Oil-Control Toner Micellar Water 100ml,clean clear face wash oil control toner micellar water 100ml,1720324916,Acnes Toner Oil Control 110 mL,acnes toner oil control 110 ml,1176059503,0.426387050699119,1,True,0.23076923076923078
2124,3470,0,hard_neg,Buku Papan Tulis Hijau Anak Erasable Book Buku Gambar Bisa Dihapus / Buku Menggambar Anak,buku papan tulis hijau anak erasable book buku gambar bisa dihapus buku menggambar anak,896178400,Papan Tulis Kapur untuk Edukasi Anak/Portable Chalk Board Drawing Book Toys/Kids Early Education Toy,papan tulis kapur untuk edukasi anak portable chalk board drawing book toys kids early education toy,2145313480,0.34480448653673906,1,False,0.17391304347826086
32204,32312,0,hard_neg,124 Geneva Jam Tangan Wanita Fashion watch Jam Tangan Cewek Jamtangan Jam tangan Murah Jam Cewe,124 geneva jam tangan wanita fashion watch jam tangan cewek jamtangan jam tangan murah jam cewe,16933527,JAM TANGAN WANITA IMPORT RANTAI MAGNET,jam tangan wanita import rantai magnet,469790690,0.3905869447804379,1,False,0.21428571428571427
25781,27478,0,hard_neg,Earphone Kabel untuk Handphone i9300,earphone kabel untuk handphone i9300,2935813666,Speaker Subwoofer Bass dengan Kabel untuk Handphone / Laptop / PC,speaker subwoofer bass dengan kabel untuk handphone laptop pc,1562389066,0.4194476077299603,1,False,0.2727272727272727
2323,29503,0,hard_neg,Nivea body serum,nivea body serum,2628044511,NIVEA Body Lotion Intensive Moisture 100 ml,nivea body lotion intensive moisture 100 ml,947423206,0.49828069687818766,1,False,0.25
9565,33204,0,hard_neg,Implora Cheek & liptint,implora cheek liptint,3627744656,Implora Deep Black Mascara Original BPOM,implora deep black mascara original bpom,220104288,0.3386937331857887,1,False,0.125
31565,34159,0,hard_neg,TBG Sepasang Kaca Spion Mobil Membran Kaca Film Anti-kabut Tahan Air,tbg sepasang kaca spion mobil membran kaca film anti kabut tahan air,3583466797,LEM KACA RETAK / LEM KACA MOBIL RETAK / LEM KACA HP RETAK / LEM KACA RETAK ASLI,lem kaca retak lem kaca mobil retak lem kaca hp retak lem kaca retak asli,643714791,0.3302052856531308,1,False,0.13333333333333333
1379,15971,0,hard_neg,NACIFIC Fresh Herb Origin Sunblock SPF50+ PA++++,nacific fresh herb origin sunblock spf50 pa,3978977380,NACIFIC Fresh Herb Origin Cleansing Foam 150ml,nacific fresh herb origin cleansing foam 150ml,2269100299,0.3108207798354977,1,True,0.4
10667,16427,0,hard_neg,Ready STOK Tas Lebaran besar tebal dan kuat  Grade A,ready stok tas lebaran besar tebal dan kuat grade a,680160207,Rak Tas gantung karakter kualitas PREMIUM bagus dan kuat,rak tas gantung karakter kualitas premium bagus dan kuat,3604011356,0.3573883488227432,1,False,0.1875
9250,29576,0,hard_neg,Promo Paket Hemat Bantal Menyusui dan Apron Menyusui 2 Layer,promo paket hemat bantal menyusui dan apron menyusui 2 layer,2538462593,Omiland Bantal Menyusui + Bantal Lengan Panda Series,omiland bantal menyusui bantal lengan panda series,2169697424,0.4484665568244794,1,False,0.15384615384615385
33468,34245,0,hard_neg,Masker Kain 3 Lapis Ply Motif Earloop,masker kain 3 lapis ply motif earloop,1265320427,Masker Bahan Kain Spunbond Non Woven 75 gsm 3 ply lapis Bisa Dicuci,masker bahan kain spunbond non woven 75 gsm 3 ply lapis bisa dicuci,3776555725,0.33571583727549215,1,True,0.3333333333333333
2131,8827,0,hard_neg,"Jilbab Simple Pet wolfis / hijab Syari, Kerudung Simpel Ped Wollpeach Murah Terbaru",jilbab simple pet wolfis hijab syari kerudung simpel ped wollpeach murah terbaru,3407512865,HIJAB KHimar NAURA Simpel Tali instan Bahan Wolfis,hijab khimar naura simpel tali instan bahan wolfis,3724205968,0.701263226795792,1,False,0.17647058823529413
12379,29427,0,hard_neg,GAMIS LOVE COFFE/GAMIS FASHION WANITA XL,gamis love coffe gamis fashion wanita xl,4082917015,Gamis,gamis,181942707,0.6426026354939066,1,False,0.16666666666666666
5713,12129,0,hard_neg,"Mamypoko Pants Extra Dry S38, M32, L30, XL26, XXL22",mamypoko pants extra dry s38 m32 l30 xl26 xxl22,373674159,merries pants L30 XL26 M34,merries pants l30 xl26 m34,2104476621,0.6033248278171407,1,True,0.2727272727272727
18572,29643,0,hard_neg,Pompa Mini Angin Ban Sepeda Bola,pompa mini angin ban sepeda bola,3373740639,Termurah Pompa Tabung Sepeda Motor / sepeda Merk Atlantis,termurah pompa tabung sepeda motor sepeda merk atlantis,675590285,0.7117252489386977,1,False,0.18181818181818182
2387,5447,0,hard_neg,(EMINA) Glossy Stain,emina glossy stain,1166650192,Emina Cheeklit Cream Blush,emina cheeklit cream blush,2770620676,0.34385698698074646,1,False,0.16666666666666666
1945,18296,0,hard_neg,PASHMINA SABYAN Ceruti Babydoll Original 75x200cm Pashmina Heavy Chiffon  Pashmina Turki,pashmina sabyan ceruti babydoll original 75x200cm pashmina heavy chiffon pashmina turki,3024571735,PASHMINA MALAYSIA || HEAVY CHIFFON || PASHMINA  IMPORT 180*75 CM,pashmina malaysia heavy chiffon pashmina import 180 75 cm,3729890874,0.5945799375412913,1,True,0.21428571428571427
21990,31454,0,hard_neg,[Bonus tas/sarung ]Matras Yoga / Yoga Mat Megahome,bonus tas sarung matras yoga yoga mat megahome,1854275542,BALOK YOGA/YOGA BRICK/YOGA BLOCK SPEEDS LX 023 ORIGINAL HARGA GROSIR,balok yoga yoga brick yoga block speeds lx 023 original harga grosir,1460979823,0.41177408596710957,1,False,0.0625
24918,31804,0,hard_neg,Pemotong keripik pisang/kentang/bawang,pemotong keripik pisang kentang bawang,392356944,Travelmate Potato Cutter / Pemotong Kentang Pisau  / Slicer Chopper French Fries ZPTC,travelmate potato cutter pemotong kentang pisau slicer chopper french fries zptc,3002673935,0.4026637607186438,1,False,0.14285714285714285
18786,26746,0,hard_neg,ANTI CRACK IPHONE 5/5S/6/6S/6 PLUS/6S PLUS/7/7 PLUS/8/8 PLUS/X/XR/XS/XS MAX/11/11 PRO/11 PRO MAX,anti crack iphone 5 5s 6 6s 6 plus 6s plus 7 7 plus 8 8 plus x xr xs xs max 11 11 pro 11 pro max,3717044186,Iphone X / XS / XR /XS Max / 6 / 7 / 8 Plus Iphone 11 Leather Case Silicone Case Leather Premium,iphone x xs xr xs max 6 7 8 plus iphone 11 leather case silicone case leather premium,157783767,0.41219036977663814,1,True,0.5
17422,26715,0,hard_neg,"Oxone Stainless Steel Kitchen Tool, Spatula, Centong, Sutil OX-963",oxone stainless steel kitchen tool spatula centong sutil ox 963,36603442,Alat Masak Spatula set isi 4 Kitchen tool peralatan dapur stainless Paling Murah,alat masak spatula set isi 4 kitchen tool peralatan dapur stainless paling murah,1842099953,0.4361275384198316,1,True,0.21052631578947367
5329,15324,0,hard_neg,Hijab segiempat pashmina anti lepek auto tirus [KAMILA SHAWL],hijab segiempat pashmina anti lepek auto tirus kamila shawl,1192139712,[BAYAR DI TEMPAT] PASHMINA ARABIAN SHAWL CRINKLE HIJAB #1-20 PART 1,bayar di tempat pashmina arabian shawl crinkle hijab 1 20 part 1,1325074200,0.6399155217492601,1,False,0.17647058823529413
17727,31404,0,hard_neg,Rak Sudut Dinding Serbaguna Kamar Mandi Aluminium 3 Susun,rak sudut dinding serbaguna kamar mandi aluminium 3 susun,4216958894,Rak Gantung Sudut Serbaguna / Rak Sabun Kamar Mandi / Rak Tempel  - 100237,rak gantung sudut serbaguna rak sabun kamar mandi rak tempel 100237,2249427966,0.5191079517036633,1,True,0.38461538461538464
12525,30215,0,hard_neg,Bandana Rajut Salur Premium Anysa,bandana rajut salur premium anysa,2008989859,Turtle neck men sweater / sweater rajut / rajut pria / korean rajut / rajut premium / rajut murah,turtle neck men sweater sweater rajut rajut pria korean rajut rajut premium rajut murah,447873549,0.4819187733711313,1,False,0.16666666666666666
5602,21788,0,hard_neg,Termurah - Selang Air Magic Hose,termurah selang air magic hose,1630743196,Termurah - Selang Air Magic Hose 30M,termurah selang air magic hose 30m,739038796,0.940347664032731,1,False,0.8333333333333334
356,7663,0,hard_neg,QnC Jelly Gamat di  Kota Bandung di Kab Bandung Original Jaminan Uang Kembali. QnC Jelly Jeli Gamat,qnc jelly gamat di kota bandung di kab bandung original jaminan uang kembali qnc jelly jeli gamat,2342771184,RED JELLY GLOW SERUM BY SYB FORTEe /serum jelly merah bpom / ORIGINAL,red jelly glow serum by syb fortee serum jelly merah bpom original,4094795400,0.3594675345915967,1,False,0.1
5358,9949,0,hard_neg,Cedea Dumpling Cheese Keju 500 gr,cedea dumpling cheese keju 500 gr,3600618638,Keju Cheese Prochiz Gold Cheddar 170gr -  Prochiz Spready Keju Oles 170gr,keju cheese prochiz gold cheddar 170gr prochiz spready keju oles 170gr,622438098,0.3597076555042721,1,True,0.16666666666666666
28928,34100,0,hard_neg,Mascara esenses waterproof volume 8ml,mascara esenses waterproof volume 8ml,4276391264,Lameila Eye Mascara Cosmetic Eyelash 3D Waterproof Lengthening Fashionable,lameila eye mascara cosmetic eyelash 3d waterproof lengthening fashionable,1888739764,0.328171351372882,1,True,0.16666666666666666
5902,30072,0,hard_neg,Tutup Pentil LED / Pentil Ban LED ban lampu motor mobil sepeda FREE BATERAI,tutup pentil led pentil ban led ban lampu motor mobil sepeda free baterai,1575763518,TUTUP PENTIL NITEX GMA SEPEDA MOTOR & MOBIL,tutup pentil nitex gma sepeda motor mobil,2536011925,0.8024757446265002,1,False,0.4166666666666667
15032,32886,0,hard_neg,Saringan Filter Keran Air Kran Filter Keran - SRN (SARINGAN KRAN BIRU),saringan filter keran air kran filter keran srn saringan kran biru,2089518928,ZERNII SARINGAN FILTER KERAN AIR ZERNII,zernii saringan filter keran air zernii,832239361,0.7234220066367536,1,False,0.5
22110,23730,0,hard_neg,Best DEAL!!! Mamypoko Pants Extra Dry S38 / M32 M 32 / L30 L 30/ XL26 XL 26 / XXL22 XXL 22,best deal mamypoko pants extra dry s38 m32 m 32 l30 l 30 xl26 xl 26 xxl22 xxl 22,373674159,GOON SMILE BABY PANTS  S40 M34 L30 XL26 | S 40 M 34 L 30 XL 26,goon smile baby pants s40 m34 l30 xl26 s 40 m 34 l 30 xl 26,986496525,0.5080717913625097,1,True,0.2962962962962963
505,28529,0,hard_neg,Sandal Selop Wanita terbaru MZ 08,sandal selop wanita terbaru mz 08,98248312,Mf shop - balance 1605-8 sandal wanita terbaru,mf shop balance 1605 8 sandal wanita terbaru,1601032931,0.579071866019338,1,True,0.2727272727272727
19352,32930,0,hard_neg,DASTER ARAB MURAH ZEERA TERRY / BUSUI RESLETING DEPAN / RAYON SUPER,daster arab murah zeera terry busui resleting depan rayon super,1506683821,daster manohara etnik BUSUI(ada resleting) & NON BUSUI,daster manohara etnik busui ada resleting non busui,3911606121,0.43436278187386307,1,False,0.21428571428571427
15729,22926,0,hard_neg,CELANA PANJANG DEWASA PRIA DAN WANITA,celana panjang dewasa pria dan wanita,2065073080,Celana Training Panjang Olahraga Unisex Pria Dan Wanita Branded Grosir Termurah,celana training panjang olahraga unisex pria dan wanita branded grosir termurah,2596872305,0.6680275194694887,1,False,0.4166666666666667
32005,33952,0,hard_neg,Ms glow men,ms glow men,1002765200,MS Black MS GLOW Original,ms black ms glow original,3310127204,0.7033111402796663,1,False,0.4
16168,21601,0,hard_neg,Sendal Santai FlipFlop JIM 01,sendal santai flipflop jim 01,4039695005,DAFF 09 FLIPFLOP BELLA,daff 09 flipflop bella,4214786091,0.421699960464427,1,True,0.125
442,2204,0,hard_neg,BOTOL MINUM JUMBO 2 LITER,botol minum jumbo 2 liter,1862772245,Best Seller !!! Tempat Botol Air Minum di Motor - Sepeda,best seller tempat botol air minum di motor sepeda,2961548174,0.3773339023045756,1,False,0.16666666666666666
19190,33204,0,hard_neg,Implora Cheek & Liptint BPOM,implora cheek liptint bpom,3627744656,Implora Deep Black Mascara Original BPOM,implora deep black mascara original bpom,220104288,0.4695122318260247,1,False,0.25
20997,24646,0,hard_neg,SHARE IN JAR AVOSKIN HTE AVOSKIN REFINING TONER AVOSKIN RETINOL AMPOULE AVOSKIN RETINOL AMPOULE,share in jar avoskin hte avoskin refining toner avoskin retinol ampoule avoskin retinol ampoule,4291905065,Avoskin Miraculous Retinol Toner,avoskin miraculous retinol toner,1268201436,0.8080340747186688,1,False,0.3
6997,20565,0,hard_neg,[FREE MANGKUK] ZWITSAL Natural Baby Bath 2in1 2 in 1 Hair & and Body Pump Botol 300ML 300 ML Sabun,free mangkuk zwitsal natural baby bath 2in1 2 in 1 hair and body pump botol 300ml 300 ml sabun,3161394641,Zwitsal Baby Hair Lotion Natural Alloe Vera 100 mL,zwitsal baby hair lotion natural alloe vera 100 ml,3872882463,0.4921256375427215,1,True,0.21739130434782608
20024,21833,0,hard_neg,Homewallpaper - Wallpaper Sticker Dinding Garis Salur Biru - Ukuran 45cmx 10m | Wallpaper Kamar Tamu,homewallpaper wallpaper sticker dinding garis salur biru ukuran 45cmx 10m wallpaper kamar tamu,2059969959,Wallpaper dinding sticker 45 cm x 10 m,wallpaper dinding sticker 45 cm x 10 m,527536762,0.8987535278834745,1,False,0.17647058823529413
949,5420,0,hard_neg,NACIFIC FRESH HERB ORIGIN CLEANSING FOAM 150ML,nacific fresh herb origin cleansing foam 150ml,2269100299,NACIFIC FRESH HERB ORIGIN SERUM 50ML (NEW PACKAGING),nacific fresh herb origin serum 50ml new packaging,4289378698,0.5285911316160042,1,True,0.36363636363636365
8286,32619,0,hard_neg,Jepit Rambut Model Mutiara Bahan Metal untuk Wanita,jepit rambut model mutiara bahan metal untuk wanita,2549722113,4Pcs Jepit Rambut Korea dengan Mutiara untuk Wanita,4pcs jepit rambut korea dengan mutiara untuk wanita,944479978,0.7506157968867139,1,False,0.45454545454545453
4826,10303,0,hard_neg,Diskon Ramadhan Sandal Flip flop Tali BELLA,diskon ramadhan sandal flip flop tali bella,4214786091,TA - Sandal flip flop silang,ta sandal flip flop silang,98248312,0.7498755008442282,1,False,0.3333333333333333
1361,10347,0,hard_neg,Kathh Mask Coffe,kathh mask coffe,2750367044,Innisfree My Real Squeeze Mask Masker Wajah Sheet Mask,innisfree my real squeeze mask masker wajah sheet mask,927285629,0.32457168220210225,1,False,0.1
12961,28684,0,hard_neg,Setelan Baju Anak Perempuan KISS RABBIT / Baju Anak Perempuan 2-5 tahun,setelan baju anak perempuan kiss rabbit baju anak perempuan 2 5 tahun,1697237881,Baju Muslim Anak Perempuan Cantik Usia 5-11 Th / Model Syari Bunga Pita Lucu / Maxi LETICIA KIDS,baju muslim anak perempuan cantik usia 5 11 th model syari bunga pita lucu maxi leticia kids,3510018093,0.3192790309818932,1,True,0.18181818181818182
20641,25139,0,hard_neg,Taplak Meja Plastik Polos / Plastic Table Cover,taplak meja plastik polos plastic table cover,2227917026,[ROUND] Taplak meja BULAT [152] /taplak meja alas penutup cover meja anti air anti panas anti sobek,round taplak meja bulat 152 taplak meja alas penutup cover meja anti air anti panas anti sobek,1515810068,0.5661803271175617,1,False,0.1875
15307,26307,0,hard_neg,Bubble wrap packing roll 5METER * 125CM,bubble wrap packing roll 5meter 125cm,688154394,Bubble wrap untuk packing,bubble wrap untuk packing,2783554580,0.810548532570712,1,False,0.42857142857142855
4806,30199,0,hard_neg,Disinfektan Saniter Fabric Disinfectant Spray 200+30ml,disinfektan saniter fabric disinfectant spray 200 30ml,2539384016,Saniter Aerosol Spray Kaleng Kecil 200 ml | Saniter Disinfektan Sanitizer Fresh Clean 200ml Murah,saniter aerosol spray kaleng kecil 200 ml saniter disinfektan sanitizer fresh clean 200ml murah,2645461826,0.6498927961170263,1,True,0.25
12824,30777,0,hard_neg,MITU BABY COLOGNE 50ml,mitu baby cologne 50ml,1606598456,Eskulin Kids Mist Cologne 60ml,eskulin kids mist cologne 60ml,1539126024,0.4772906464674286,1,True,0.125
8851,8882,0,hard_neg,Korek Kuping Besi Stainless Steel Anti Karat (5 set),korek kuping besi stainless steel anti karat 5 set,2633817001,Pembersih Telinga Korek Kuping Ear Wax Picker 1 Set 7 PCS Stainless Steel,pembersih telinga korek kuping ear wax picker 1 set 7 pcs stainless steel,2151413694,0.4261888668215801,1,True,0.29411764705882354
9960,29399,0,hard_neg,TweedyToys - Mainan Edukatif / Puzzle Kayu / Jigsaw Puzzle Anak My First Puzzle,tweedytoys mainan edukatif puzzle kayu jigsaw puzzle anak my first puzzle,785668369,Tokojustin Mainan Edukasi Anak Edukatif Nail susun paku Puzzle,tokojustin mainan edukasi anak edukatif nail susun paku puzzle,2091049617,0.6958942446761581,1,False,0.2857142857142857
8562,24038,0,hard_neg,jilbab anak elmo,jilbab anak elmo,2956224405,SANDAL KARET LUCU KARAKTER ELMO DONT PUSH ME MURAH || BANG ADIT SHOP,sandal karet lucu karakter elmo dont push me murah bang adit shop,3125276760,0.318486897767892,1,False,0.07142857142857142
5942,33028,0,hard_neg,Bando mandi atau headband bandana Besar,bando mandi atau headband bandana besar,353612559,BEST SELLER!! Mini Hairband Sport / Headband Sport / Ikat Kepala / Bando / Banana,best seller mini hairband sport headband sport ikat kepala bando banana,3631627646,0.6765767952364085,1,False,0.14285714285714285
20010,22853,0,hard_neg,Cap Kapal Garam Beryodium 250 gr,cap kapal garam beryodium 250 gr,32947336,Tepung Bumbu Serbaguna Cap Citra Putri 250 gram,tepung bumbu serbaguna cap citra putri 250 gram,591338133,0.3146751341607958,1,False,0.16666666666666666
7189,17316,0,hard_neg,Sepatu jelly wedges / sepatu wanita blc B692,sepatu jelly wedges sepatu wanita blc b692,2565533507,Sepatu Wedges Selop Jelly F916/304,sepatu wedges selop jelly f916 304,1376270839,0.6630841918062299,1,True,0.3333333333333333
12810,20273,0,hard_neg,Panmomo White Gel Ink Pen / Pulpen Putih Lucu Unik Murah,panmomo white gel ink pen pulpen putih lucu unik murah,695973918,Pulpen kunci / pulpen karakter / pulpen lucu / pulpen murmer / pulpen cantik / bolpoin / pen,pulpen kunci pulpen karakter pulpen lucu pulpen murmer pulpen cantik bolpoin pen,3715213560,0.6810200254412104,1,False,0.2
1300,10819,0,hard_neg,DOMPET SAPHIRE CHANNEL DOMPET WANITA CHANEL KULIT BORDIR,dompet saphire channel dompet wanita chanel kulit bordir,406103859,(27AN.ID) COD Dompet wanita A16 DOMPET cewek Dompet Fashion Dompet mini Wanita Impor C2,27an id cod dompet wanita a16 dompet cewek dompet fashion dompet mini wanita impor c2,2290272256,0.4308871713126591,1,False,0.125
16928,19179,0,hard_neg,Minyak telon Konicare plus 125ml,minyak telon konicare plus 125ml,2168147177,Konicare minyak telon plus 30 ml,konicare minyak telon plus 30 ml,117207661,0.8655527471928275,1,True,0.5714285714285714
2155,22019,0,hard_neg,Madu Pollen Alqubro Al Qubro Polen 1kg 1 kg,madu pollen alqubro al qubro polen 1kg 1 kg,4273038538,Madu Kalimantan Alqubro Al Qubro 1kg 1 kg,madu kalimantan alqubro al qubro 1kg 1 kg,2622880584,0.8645968157336532,1,False,0.7
15234,20759,0,hard_neg,NET BADMINTON GTO,net badminton gto,3196549456,01 SEPATU JF CROSSFIT BADMINTON,01 sepatu jf crossfit badminton,2919586208,0.714331474897585,1,False,0.14285714285714285
22703,31700,0,hard_neg,Obat Maag I Gerd I Asam Lambung I Obat Maag I Gerd I Asam Lambung I Mual I Maag I Nyeri Ulu Hati,obat maag i gerd i asam lambung i obat maag i gerd i asam lambung i mual i maag i nyeri ulu hati,3476229249,FREE ONGKIR PROSAMURA Obat Asam Urat Nyeri Sendi,free ongkir prosamura obat asam urat nyeri sendi,488278976,0.4932799717159228,1,False,0.2
16272,22281,0,hard_neg,Multi Grill Pan OMICKO,multi grill pan omicko,2274223447,Maspion Ultra grill / Pemanggang / BBQ 25 cm Ultra Grill Maxim Alat Panggang,maspion ultra grill pemanggang bbq 25 cm ultra grill maxim alat panggang,1513043749,0.4480158243702062,1,False,0.07692307692307693
5449,23298,0,hard_neg,Acnes toner,acnes toner,1176059503,ACNES WASHING BAR 80g,acnes washing bar 80g,1650317636,0.5436638792653326,1,False,0.2
6588,28654,0,hard_neg,KELFI BAJU KAOS BAYI / ANAK CUTE,kelfi baju kaos bayi anak cute,1142038310,KAOS KAKI KOREA BAYI MOTIF ANIMALS / KAOS KAKI BAYI DAN ANAK.,kaos kaki korea bayi motif animals kaos kaki bayi dan anak,941868777,0.6269669270533189,1,False,0.2727272727272727
3080,8768,0,hard_neg,sepatu adidas full black,sepatu adidas full black,3472190399,Sepatu Adidas Ax2 Sport Putih Hitam Sepatu Pria Running Volly Olahraga Outdoor Size 39-43,sepatu adidas ax2 sport putih hitam sepatu pria running volly olahraga outdoor size 39 43,1121516338,0.48031256037034087,1,False,0.125
775,18867,0,hard_neg,Baby Leon Baju Bayi 100% Katun Dingin jumsuit baby BC-01 pakaian kaos jumper bayi newborn perempuan,baby leon baju bayi 100 katun dingin jumsuit baby bc 01 pakaian kaos jumper bayi newborn perempuan,634404165,Topi bayi Newborn Baby Needs,topi bayi newborn baby needs,419246877,0.49604000577974516,1,False,0.17647058823529413
12836,13610,0,hard_neg,La Tulipe La Tulipe Refill Two Function Cake,la tulipe la tulipe refill two function cake,3355383822,La Tulipe Total UV Protection,la tulipe total uv protection,3068315669,0.5137701753336545,1,False,0.2222222222222222
13842,15186,0,hard_neg,Abaya turkey N-1109 by nikita,abaya turkey n 1109 by nikita,4185066444,abaya bordir motif terbaru turkey 132,abaya bordir motif terbaru turkey 132,2727051130,0.37440765304196916,1,True,0.2
5767,31463,0,hard_neg,TAS PRIA SELEMPANG WAISTBAG ORIGINAL  Surfing TAPAX,tas pria selempang waistbag original surfing tapax,1679930661,Waistbag Pria Hitam Polos Waterproof Terbaru,waistbag pria hitam polos waterproof terbaru,997958653,0.4050276738284496,1,False,0.18181818181818182
7730,11255,0,hard_neg,SEPATU SNEAKERS WANITA JINTU,sepatu sneakers wanita jintu,284754035,SEPATU SNEAKERS B03 IDR04,sepatu sneakers b03 idr04,3720542793,0.7978395934351715,1,False,0.3333333333333333
4279,25906,0,hard_neg,Airnderm Aesthetic Suncare Nia White,airnderm aesthetic suncare nia white,3660863051,Airnderm Aesthetic Cleansing Milk,airnderm aesthetic cleansing milk,3216769417,0.8008701055566926,1,False,0.2857142857142857
10158,22259,0,hard_neg,( RESS RESMI the3angle ) READYSTOK SABUN GLUTA COLLAGEN SOAP GCS CHOCOWHITE WHITEMILKY BEAUTETOX,ress resmi the3angle readystok sabun gluta collagen soap gcs chocowhite whitemilky beautetox,2892571732,"PAKET LENGKAP COLLAGEN (cream, sabun, toner kecil , serum)",paket lengkap collagen cream sabun toner kecil serum,615781194,0.31542387004001476,1,False,0.1111111111111111
11131,23647,0,hard_neg,Ready! Caplang Eagle Eucalyptus disinfectan spray 280ml,ready caplang eagle eucalyptus disinfectan spray 280ml,825845944,Eagle Disinfectant Eucalyptus Spray,eagle disinfectant eucalyptus spray,1794962291,0.9257404419019064,1,False,0.375
2398,2540,0,hard_neg,Mainan puzzle block rumah rumahan,mainan puzzle block rumah rumahan,2358578672,MAINAN KAYU PUZZLE ANAK / MINI WOODEN PUZZLE,mainan kayu puzzle anak mini wooden puzzle,3205250015,0.7065592182172642,1,False,0.2222222222222222
7374,19299,0,hard_neg,Aqila Polka Maxy Gamis l Dress Wanita Muslim [ SUPER PROMO ],aqila polka maxy gamis l dress wanita muslim super promo,2722794324,[ Promo Flash Sale ] Alana Maxi Size S M L XL | Dress Muslim Terbaru | Fashion Muslim Terlaris |,promo flash sale alana maxi size s m l xl dress muslim terbaru fashion muslim terlaris,4127663182,0.6098797652413843,1,False,0.19047619047619047
9459,30553,0,hard_neg,New Boys Crown Shirt Shorts Set Mode Kasual Tampan Berdiri Collar Dua potong Set,new boys crown shirt shorts set mode kasual tampan berdiri collar dua potong set,3345932867,winners Summer Baby Boys Girls Short Sleeve Cartoon Print T-shirt Tops+Shorts Outfits Sets,winners summer baby boys girls short sleeve cartoon print t shirt tops shorts outfits sets,3937149763,0.4548311471625444,1,False,0.12
3743,17731,0,hard_neg,Rak Sudut Siku Plastik Kamar Mandi Holder Tempat Sabun WC Toilet,rak sudut siku plastik kamar mandi holder tempat sabun wc toilet,2249427966,Susun 3 Rak gantung Sudut Alumunium sabun sampo toilet Dinding kamar mandi F388,susun 3 rak gantung sudut alumunium sabun sampo toilet dinding kamar mandi f388,4216958894,0.6309457558219247,1,False,0.3333333333333333
5818,20508,0,hard_neg,Jaya_Co Jaket Jeans Fringe / jaket jeans rawis,jaya co jaket jeans fringe jaket jeans rawis,1037635218,Celana Panjang Jeans Wanita / Skinny Jeans / Jeans Strech / Jeans Murah / Jeans Wanita,celana panjang jeans wanita skinny jeans jeans strech jeans murah jeans wanita,1436359807,0.4893525767933749,1,False,0.08333333333333333
197,27115,0,hard_neg,MamyPoko Perekat Royal Soft - L 62 - Popok Tape,mamypoko perekat royal soft l 62 popok tape,2828399909,MamyPoko Royal Soft L34 Boy/ XL30 Girl,mamypoko royal soft l34 boy xl30 girl,22285547,0.49123511412783055,1,True,0.25
13126,34032,0,hard_neg,SEPATU SNEAKERS WANITA JINTU,sepatu sneakers wanita jintu,284754035,Sneakers wanita bahan kanvas warna putih untuk musim panas 3051,sneakers wanita bahan kanvas warna putih untuk musim panas 3051,2048281001,0.6175980175222006,1,False,0.16666666666666666
7225,20221,0,hard_neg,Cognos 8 MASSAGE PILLOW BANTAL PIJAT KEPALA,cognos 8 massage pillow bantal pijat kepala,1911325802,BANTAL PIJAT MASSAGE PILLOW Portable Car and Home Bantal Pijat Elektrik Shiatsu Dengan 8 Bola,bantal pijat massage pillow portable car and home bantal pijat elektrik shiatsu dengan 8 bola,1514327608,0.629713382796143,1,False,0.3333333333333333
5690,24784,0,hard_neg,Miniso Official Marvel - Clutch Bag Tas Kecil / Cuci tas / Tas kosmetik,miniso official marvel clutch bag tas kecil cuci tas tas kosmetik,3016252016,Miniso Official Stylish Simple Handbag Shoulder Bag/ Tas Wanita,miniso official stylish simple handbag shoulder bag tas wanita,4133136123,0.5129485437519208,1,False,0.2857142857142857
12771,28857,0,hard_neg,Nivea Extra White instant Glow Spf 33 Serum 180Ml / Body Serum / Hand and body,nivea extra white instant glow spf 33 serum 180ml body serum hand and body,2628044511,Nivea body serum night nourish 180ml,nivea body serum night nourish 180ml,1666545703,0.6189215624121229,1,True,0.2857142857142857
16065,18959,0,hard_neg,Cetaphil Daily Exfoliating Cleanser 178 ML,cetaphil daily exfoliating cleanser 178 ml,266317442,Cetaphil Gentle Skin Cleanser 59 ML,cetaphil gentle skin cleanser 59 ml,915120729,0.5365407707902832,1,True,0.3333333333333333
2771,6954,0,hard_neg,Khimar Hijab Jilbab/Syari Twin Ceruty,khimar hijab jilbab syari twin ceruty,3345443347,JILBAB/HIJAB Segi 3 segitiga soft pad bobal khimar 2 layer,jilbab hijab segi 3 segitiga soft pad bobal khimar 2 layer,2008989859,0.5783515101139152,1,False,0.21428571428571427
6223,31089,0,hard_neg,Legging wanita JUMBO,legging wanita jumbo,1710760612,Boneka Kucing jumbo,boneka kucing jumbo,3395654034,0.3249863409601104,1,False,0.2
11056,20015,0,hard_neg,Kaylee Set / Setelan Tunik / Monalisa Corak / REALPICT / PROMO / Setelan Wanita Terlaris,kaylee set setelan tunik monalisa corak realpict promo setelan wanita terlaris,1143014619,PBG - Marwah Syari Set Premium / Gamis Muslim Terlaris Setelan Khimar Termurah,pbg marwah syari set premium gamis muslim terlaris setelan khimar termurah,2201615216,0.3244381261955047,1,False,0.16666666666666666
5884,27963,0,hard_neg,Onion Slicer - Alat Perajang Bawang - Pemotong Bawang,onion slicer alat perajang bawang pemotong bawang,2119821532,Bawang merah,bawang merah,731755076,0.7233371110389648,1,False,0.14285714285714285
2480,21452,0,hard_neg,TERLARIS !!! Bandana Rajut PREMIUM BAHAN TEBAL DAN LEMBUT !!! Ciput rajut premium,terlaris bandana rajut premium bahan tebal dan lembut ciput rajut premium,2008989859,Cardigan Rajut Premium Lembut Magra all size fit to XL,cardigan rajut premium lembut magra all size fit to xl,690585535,0.5434055779997838,1,False,0.1875
10107,32977,0,hard_neg,SEPATU BOOTS PRIA SAFETY CLADICO LION LOW ORIGINAL,sepatu boots pria safety cladico lion low original,862891523,Sepatu Pria Boots Safety CORDURA Tactial 8 Inch Tracking Ujung Besi,sepatu pria boots safety cordura tactial 8 inch tracking ujung besi,1779297273,0.4930746836348288,1,False,0.26666666666666666
775,28918,0,hard_neg,Baby Leon Baju Bayi 100% Katun Dingin jumsuit baby BC-01 pakaian kaos jumper bayi newborn perempuan,baby leon baju bayi 100 katun dingin jumsuit baby bc 01 pakaian kaos jumper bayi newborn perempuan,634404165,BAJU KOKO BAYI BAJU MUSLIM BAYI BAJU AQIQAH BAJU KOKO BAYI NEWBORN BAJU KOKO BAYI 0 6 BULAN,baju koko bayi baju muslim bayi baju aqiqah baju koko bayi newborn baju koko bayi 0 6 bulan,1467236588,0.4315067578648679,1,True,0.14285714285714285
19083,19580,0,hard_neg,HARUKA MAXY BORDIR / MOSSCREPE MAXY / BISMILLAH,haruka maxy bordir mosscrepe maxy bismillah,1044552299,LIO MAXY,lio maxy,2780113851,0.3389137339876316,1,False,0.16666666666666666
182,20929,0,hard_neg,MASKER KOMEDO  GELATIN by PICNIC.ID 10 gr,masker komedo gelatin by picnic id 10 gr,217263041,Masker Gelatin Organic 10 Gram by Poupeepou,masker gelatin organic 10 gram by poupeepou,2039916154,0.5752290406166591,1,False,0.36363636363636365
180,12689,0,hard_neg,MUKENA POLOS MUTIARA DAISY,mukena polos mutiara daisy,646852957,Mukena bali REMPEL jumbo PARADISE rok polos,mukena bali rempel jumbo paradise rok polos,1170029110,0.5485439110732868,1,False,0.2222222222222222
1567,30023,0,hard_neg,Lazy Neck Lazyneck Holder Hp Leher Jepitan Dudukan Handphone Universal,lazy neck lazyneck holder hp leher jepitan dudukan handphone universal,3054380233,Holder Tentakel Karet Tempelan Gurita Holder Handphone Holder Gojek Holder Gurita Holder Cumi,holder tentakel karet tempelan gurita holder handphone holder gojek holder gurita holder cumi,217774922,0.32205833900809644,1,False,0.125
3834,26625,0,hard_neg,Charger XIAOMI Redmi note 6 pro/ Note 5 pro/ plus/ redmi S2/ 4X 4A Note 4X 5A MDY08Ei ORI QUALCOMM,charger xiaomi redmi note 6 pro note 5 pro plus redmi s2 4x 4a note 4x 5a mdy08ei ori qualcomm,196929574,"Anti crack soft Xiaomi Redmi Note 2,Note 3,Note 4,Note 4X,Redmi Note 5A/Prime,Note 5/ Pro,Note 8/Pro",anti crack soft xiaomi redmi note 2 note 3 note 4 note 4x redmi note 5a prime note 5 pro note 8 pro,3717044186,0.5935921161311949,1,True,0.30434782608695654
2208,25483,0,hard_neg,CREAM PEMUTIH SKINLIGHT KWALITAS SUPER LUSINAN,cream pemutih skinlight kwalitas super lusinan,2832831692,SYB BIBIT PEMUTIH,syb bibit pemutih,3085411073,0.3520872761736576,1,False,0.125
6198,9702,0,hard_neg,[ CH ] BABY TOOTH TEETHER / GIGITAN BAYI MODEL BUAH,ch baby tooth teether gigitan bayi model buah,3326267479,TOOTH BRUSH Teether / Teether Jerapah / Teether Giraffe / Gigitan Jerapah Untuk Bayi Bpa Free,tooth brush teether teether jerapah teether giraffe gigitan jerapah untuk bayi bpa free,3304610727,0.6993530226735793,1,False,0.2857142857142857
6470,11498,0,hard_neg,Pulpen / Pena Gel Kokoro 0.5 mm  Ready Semua Warna,pulpen pena gel kokoro 0 5 mm ready semua warna,1695363826,Erasable Gel Pen Pulpen Pena Bisa Dihapus Joyko GP-279 Shokyo 0.5 mm,erasable gel pen pulpen pena bisa dihapus joyko gp 279 shokyo 0 5 mm,3150931247,0.3118407284690228,1,True,0.3333333333333333
7378,16605,0,hard_neg,[ B.O.M1 ] Aqila Polka Maxy Gamis l Dress Maxy l Fashion Wanita Muslim,b o m1 aqila polka maxy gamis l dress maxy l fashion wanita muslim,2722794324,wini dress/maxy dress,wini dress maxy dress,2932987408,0.6514478093620361,1,False,0.15384615384615385
6652,13258,0,hard_neg,SW SUNFLOWER / KOMBINASI TANGAN,sw sunflower kombinasi tangan,1423357459,Kemeja batik pria kombinasi prada boh jarum emas,kemeja batik pria kombinasi prada boh jarum emas,1241012862,0.3288246304134712,1,False,0.09090909090909091
14697,27682,0,hard_neg,UMEDA Vacuum Cleaner DX700 - Stick,umeda vacuum cleaner dx700 stick,100112565,Sisir Kutu Rambut Elektrik V-comb Vacum Vacuum Terbaru Licetec .,sisir kutu rambut elektrik v comb vacum vacuum terbaru licetec,829820311,0.3812454500224424,1,False,0.07142857142857142
6813,25493,0,hard_neg,FYGALERY ACC136 JEPIT RAMBUT MODEL SILANG AKSESORIS RAMBUT FASHION WANITA STYLE KOREA MURAH BATAM,fygalery acc136 jepit rambut model silang aksesoris rambut fashion wanita style korea murah batam,378954357,Jepit Rambut Model Mutiara Bahan Metal untuk Wanita,jepit rambut model mutiara bahan metal untuk wanita,2549722113,0.5027488719912845,1,False,0.23529411764705882
13875,23260,0,hard_neg,[READY] Extershield Masker Kain Non Medis 3 ply isi 3 pcs,ready extershield masker kain non medis 3 ply isi 3 pcs,2274307664,MASKER KAIN NON MEDIS 3 PLY MOTIF READY STOCK (PART 1) BY AZHANIA,masker kain non medis 3 ply motif ready stock part 1 by azhania,2494171542,0.3195920637469382,1,True,0.4375
9146,26704,0,hard_neg,IMPORT TOPI BASEBALL NY 2 WARNA !!! - 7 VARIASI,import topi baseball ny 2 warna 7 variasi,2930611512,TOPI BASEBALL ANAK POLOS GROSIR MURAH,topi baseball anak polos grosir murah,4281986560,0.49912429774027534,1,False,0.16666666666666666
6439,29911,0,hard_neg,Jas Hujan Ponco Lengan + Celana VARIA,jas hujan ponco lengan celana varia,1480113982,Elmondo Jas Hujan Karet Murah Ponco CERIA tipe 201,elmondo jas hujan karet murah ponco ceria tipe 201,888899721,0.3373141002863426,1,False,0.25
546,31430,0,hard_neg,"Sarung Celana Dewasa Wadimor Batik Bali, ORIGINAL 100%",sarung celana dewasa wadimor batik bali original 100,2632567471,Sarung celana lurik arjuna | sarung celena batik | sarung celana,sarung celana lurik arjuna sarung celena batik sarung celana,3017519116,0.564835431635026,1,False,0.2727272727272727
7226,27832,0,hard_neg,MASSAGE PILLOW / BANTAL PIJAT 8 KEPALA,massage pillow bantal pijat 8 kepala,1911325802,Pillow Massage Car Home / Bantal Pijat Mobil / Bantal Pijat Leher / Bantal Pijat Punggung,pillow massage car home bantal pijat mobil bantal pijat leher bantal pijat punggung,1514327608,0.7707009368342136,1,False,0.36363636363636365
6394,25913,0,hard_neg,Kemeja Polos Premium - LNGN PANJANG,kemeja polos premium lngn panjang,1151368748,RIVIERA FASHION / KEMEJA PRIA STRIPES / KEMEJA SALUR BELANG / KEMEJA STRIPE PUTIH,riviera fashion kemeja pria stripes kemeja salur belang kemeja stripe putih,4225771503,0.41441728594593746,1,False,0.07692307692307693
13783,23405,0,hard_neg,ZERNII WATER FILTER ALAT LENGKAP,zernii water filter alat lengkap,3469866782,[ ZERNII ] SARINGAN FILTER KERAN AIR,zernii saringan filter keran air,832239361,0.8707654611192043,1,False,0.25
