a,b,y,kind,title_a,clean_a,grp_a,title_b,clean_b,grp_b,score,pred,jaccard,script_mismatch,short_title
11592,20056,1,pos,Fasoion Kacamata\xef\xbc\x9aBingkai Besar Anti Sinar Biru Radiasi Komputer Kacamata Membaca Eyeglasses,fasoion kacamata xef xbc x9abingkai besar anti sinar biru radiasi komputer kacamata membaca eyeglasses,3958038320,\xe2\x9d\xa4Nova Retro Cat Ears Myopia Glasses Frame Metal Round Anti-Blue Light Flat Mirror Optical Frames Mal,xe2 x9d xa4nova retro cat ears myopia glasses frame metal round anti blue light flat mirror optical frames mal,3958038320,0.23145774369662042,0,0.03225806451612903,False,False
27401,30855,1,pos,SEPATU CT II warna HITAM ukuran 37 38 39 40 41 42 43,sepatu ct ii warna hitam ukuran 37 38 39 40 41 42 43,209689048,Sepatu Sneakers Converse All Star SEPATUCONVERSE ALLSTAR Chuck Taylor X Undefeated low CT 2,sepatu sneakers converse all star sepatuconverse allstar chuck taylor x undefeated low ct 2,209689048,0.1326180743350026,0,0.08,False,False
21188,22332,1,pos,Celana sarung wayang gunungan gold | sarung tenun | sarung celana dewasa,celana sarung wayang gunungan gold sarung tenun sarung celana dewasa,3017519116,Koko Batik Fashion Muslim Kombinasi C07 Al Haramain Hijau M/L/XL Dewasa,koko batik fashion muslim kombinasi c07 al haramain hijau m l xl dewasa,3017519116,0.15653390423235342,0,0.05263157894736842,False,False
991,18296,1,pos,NOBLUK SOFTLENS ( DREAMCON ),nobluk softlens dreamcon,3729890874,PASHMINA MALAYSIA || HEAVY CHIFFON || PASHMINA  IMPORT 180*75 CM,pashmina malaysia heavy chiffon pashmina import 180 75 cm,3729890874,0.058717365958877596,0,0.0,False,True
7802,22492,1,pos,Ponds Men Sabun Cuci Muka White Boost 100 gr - Sabun Pembersih Wajah Pria Sabun Cuci Muka Pria,ponds men sabun cuci muka white boost 100 gr sabun pembersih wajah pria sabun cuci muka pria,2478023301,"b""Pond'S Men Face Scrub White Boost 100gr 100% Original \xe2\x9c\x94\xef\xb8\x8f BPOM""",b pond s men face scrub white boost 100gr 100 original xe2 x9c x94 xef xb8 x8f bpom,2478023301,0.17532282588772066,0,0.15384615384615385,False,False
19742,33916,1,pos,RANSEL SEKOLAH ANAK WANITA TK/SD SMP RANSEL SEKOLAH WANITA WEI MEI,ransel sekolah anak wanita tk sd smp ransel sekolah wanita wei mei,1030199315,Ransel DB PLAYBOY 4in1 lucu murah backpack,ransel db playboy 4in1 lucu murah backpack,1030199315,0.13917998048934024,0,0.06666666666666667,False,False
656,12005,1,pos,V BELT VANBELT SET ROLLER MERK ASPIRA KODE K44 BEAT F1 ESP VARIO F1 ESP SCOOPY F1 ESP SPACY F1 ESP,v belt vanbelt set roller merk aspira kode k44 beat f1 esp vario f1 esp scoopy f1 esp spacy f1 esp,1397230201,V Belt Kit ASPIRA untuk motor XEON (YH-E76PA-XEO-1200),v belt kit aspira untuk motor xeon yh e76pa xeo 1200,1397230201,0.2968213064323997,0,0.13043478260869565,False,False
7858,19742,1,pos,OFF Tas Wanita Rancel Gucci GG birdella Style Nylon Code : WB VC BC 6317/9987,off tas wanita rancel gucci gg birdella style nylon code wb vc bc 6317 9987,1030199315,RANSEL SEKOLAH ANAK WANITA TK/SD SMP RANSEL SEKOLAH WANITA WEI MEI,ransel sekolah anak wanita tk sd smp ransel sekolah wanita wei mei,1030199315,0.12069369713509394,0,0.043478260869565216,False,False
11854,18118,1,pos,\xe2\x98\x9bKD\xe2\x98\x9a J05 Dua Sisi Bolak Balik Topi Bucket / Fisherman Lipat Motif Print Untuk Wanita,xe2 x98 x9bkd xe2 x98 x9a j05 dua sisi bolak balik topi bucket fisherman lipat motif print untuk wanita,3662829709,Bucket Hat Polos/Topi Bucket Polos/topi casual,bucket hat polos topi bucket polos topi casual,3662829709,0.2862480899695298,0,0.1,False,False
13150,21817,1,pos,Pregnant Women Panties 4 Size Big Size Pure Cotton Low Waist Briefs,pregnant women panties 4 size big size pure cotton low waist briefs,1251076868,YANU | SIZE L-XL | CD HAMIL BAWAH PERUT TYC 2018 | TIDAK BIKIN SESAK,yanu size l xl cd hamil bawah perut tyc 2018 tidak bikin sesak,1251076868,0.08744971938523603,0,0.043478260869565216,False,False
7963,24232,1,pos,HOPYLOVY - Kemeja Wanita Fringe Loose jeans 6208,hopylovy kemeja wanita fringe loose jeans 6208,1037635218,JNY.Co Jaket Jeans Mirra Rumbai /Fringe Jeans 3 Warna,jny co jaket jeans mirra rumbai fringe jeans 3 warna,1037635218,0.22094954384176232,0,0.14285714285714285,False,False
10835,18632,1,pos,"b""Gamis syar'i murah,30ribuan""",b gamis syar i murah 30ribuan,2092158825,[BEST SELLER] GAMIS HYGET BUSUI,best seller gamis hyget busui,2092158825,0.1663397812535153,0,0.1,False,False
9952,31853,1,pos,Batok Charger Adapter 3 Usb 3.1A Universal,batok charger adapter 3 usb 3 1a universal,3385067873,[COD] BATOK ADAPTOR KEPALA CASAN 3 LUBANG,cod batok adaptor kepala casan 3 lubang,3385067873,0.167906848164971,0,0.16666666666666666,False,False
1276,12072,1,pos,Samsung Galaxy J2 J3 J4 J6 J5 J7 Prime Pro Plus Duo 2017 Reading Cat Silicon Case,samsung galaxy j2 j3 j4 j6 j5 j7 prime pro plus duo 2017 reading cat silicon case,3661717533,[MC03] Fashion CASE 3D  Fullprinting for All Type,mc03 fashion case 3d fullprinting for all type,3661717533,0.05786903318584858,0,0.041666666666666664,False,False
2522,26543,1,pos,Daster Batik Lengan pendek - Motif Acak / Campur - Leher Kancing (DPT001-00) Batik karakter IKHLAS,daster batik lengan pendek motif acak campur leher kancing dpt001 00 batik karakter ikhlas,264184112,(1 kg 7pcs) DASTER BALI / Daster karakter kekinian,1 kg 7pcs daster bali daster karakter kekinian,264184112,0.21818342157069864,0,0.1111111111111111,False,False
10801,29434,1,pos,[COD] Casing Soft Case Motif Warna Polos untuk Xiaomi 6 mi9 mi8 6x A2 redminopro note7pro redmi7,cod casing soft case motif warna polos untuk xiaomi 6 mi9 mi8 6x a2 redminopro note7pro redmi7,1632241419,Softcase Koper Case Candy Stripe For All Type Smartphone,softcase koper case candy stripe for all type smartphone,1632241419,0.15997189962583278,0,0.04,False,False
2880,9979,1,pos,kode: 1133,kode 1133,456997766,Snow white piyama set,snow white piyama set,456997766,0.03898851380351286,0,0.0,False,True
1810,19309,1,pos,Kaos Anak MOTOR KLASIK CLASSIC ROBOT GUNDAM cotton combed PREMIUM merah terlaris bandung,kaos anak motor klasik classic robot gundam cotton combed premium merah terlaris bandung,4159777569,[ NEW ] PAKAIAN ANAK LAKI GAMBAR TERBARU  Terlaris OLSHOP TERPERCAYA ABADI GROSIR MOTIF TULISAN,new pakaian anak laki gambar terbaru terlaris olshop terpercaya abadi grosir motif tulisan,4159777569,0.18794860216623954,0,0.08333333333333333,False,False
16168,32909,1,pos,Sendal Santai FlipFlop JIM 01,sendal santai flipflop jim 01,4039695005,SUDAH PAKAI DUS Sandal Olive Humble printing AA,sudah pakai dus sandal olive humble printing aa,4039695005,0.12477037054135033,0,0.0,False,False
12640,22875,1,pos,Jam Tangan Geneva Rubber / Jam Tangan Wanita Geneva Karet Bagus,jam tangan geneva rubber jam tangan wanita geneva karet bagus,16933527,JAM Kode 114 Casseries,jam kode 114 casseries,16933527,0.06555250260859236,0,0.1,False,False
12885,13613,1,pos,Kaoa zolaqu,kaoa zolaqu,3136889376,\xe2\x9c\x94COD\xe2\x9c\x94 TERMURAH ! ATASAN ZLQ / ATASAN WANITA MUSLIM / BAJU ZOLAQU / BAJU MUSLIM / PAKAIAN WANITA,xe2 x9c x94cod xe2 x9c x94 termurah atasan zlq atasan wanita muslim baju zolaqu baju muslim pakaian wanita,3136889376,0.26853916896359764,0,0.07692307692307693,False,True
1707,12852,1,pos,Baseus Kabel Lightning Cable Iphone Auto Disconnect C - Shaped 1M,baseus kabel lightning cable iphone auto disconnect c shaped 1m,1876777240,Baseus Kabel Data Type-C Automatic Power-Off Fast Charge 3a,baseus kabel data type c automatic power off fast charge 3a,1876777240,0.19177077797881253,0,0.16666666666666666,False,False
9904,20441,1,pos,Anting mutiara bunga shell Korea anting cabang sederhana,anting mutiara bunga shell korea anting cabang sederhana,425970508,Korea Anting Tusuk Wanita Elegan dengan Hiasan Kristal Berlian Imitasi,korea anting tusuk wanita elegan dengan hiasan kristal berlian imitasi,425970508,0.2632136048832928,0,0.13333333333333333,False,False
8712,33202,1,pos,ZGM1924 [G1] Free Gantungan TAS IMPORT Ukuran 20 x 18 Berat 0.5 Kg (Sekilo Muat 2 Tas),zgm1924 g1 free gantungan tas import ukuran 20 x 18 berat 0 5 kg sekilo muat 2 tas,1978070363,Tas Selempang Model Bucket dengan Bahan Kulit PU dan Warna Polos,tas selempang model bucket dengan bahan kulit pu dan warna polos,1978070363,0.1518600833753154,0,0.037037037037037035,False,False
14022,31969,1,pos,WIRASHA MAXI LIGHTGREY,wirasha maxi lightgrey,1516172572,Sf- Wirasha maxy / \xe2\x9d\x97\xe2\x9d\x97 READY STOCK \xe2\x9d\x97\xe2\x9d\x97,sf wirasha maxy xe2 x9d x97 xe2 x9d x97 ready stock xe2 x9d x97 xe2 x9d x97,1516172572,0.18012367313342414,0,0.1,False,True
11755,26623,1,pos,anticrack anti crack IPHONE 11 IPHONE 11 PRO IPHONE 11 PRO MAX X XS XR XS MAX SOFT case casing cover,anticrack anti crack iphone 11 iphone 11 pro iphone 11 pro max x xs xr xs max soft case casing cover,3717044186,"Anti crack soft Jelly Vivo V11 Pro,Y51,Y53,Y65,Y66,V5/V5s,Y69,V7,V7+,Y71,Y81,Y83,V9/Y85,Z1",anti crack soft jelly vivo v11 pro y51 y53 y65 y66 v5 v5s y69 v7 v7 y71 y81 y83 v9 y85 z1,3717044186,0.11905990218610596,0,0.12903225806451613,False,False
27581,31459,1,pos,2Inch Sikat Pemoles Bentuk Bulat dengan Batang Diameter 3mm untuk Mesin Poles Berputar,2inch sikat pemoles bentuk bulat dengan batang diameter 3mm untuk mesin poles berputar,886155518,\xe2\x9d\xa4\xe2\x9d\xa4 2 Inch Disc Sanding Polish Polishing Pad Backer Plate 3mm Shank,xe2 x9d xa4 xe2 x9d xa4 2 inch disc sanding polish polishing pad backer plate 3mm shank,886155518,0.16114986747544785,0,0.038461538461538464,False,False
10766,33618,1,pos,peniti swam isi 1 lusin,peniti swam isi 1 lusin,1145764113,peniti swan asli jual perbungkus isi 12,peniti swan asli jual perbungkus isi 12,1145764113,0.16813717302069484,0,0.2,False,False
11847,24433,1,pos,TAS SLEMPANG IMPORT H1+ KWALITAS TERJAMIN - WAISTBAG PRIA WANITA Bisa Punggung DADA Pinggang Samping,tas slempang import h1 kwalitas terjamin waistbag pria wanita bisa punggung dada pinggang samping,1835158630,\xe2\x80\xa2 WATCHKITE \xc2\xa9\xef\xb8\x8f \xe2\x80\xa2 HAOSHUAI 1100-6 Waist Bag Tas Selempang Anti Air 2,xe2 x80 xa2 watchkite xc2 xa9 xef xb8 x8f xe2 x80 xa2 haoshuai 1100 6 waist bag tas selempang anti air 2,1835158630,0.11423273699857191,0,0.03125,False,False
9474,20869,1,pos,Tunik Wolfis premium,tunik wolfis premium,1509111404,SLUVI REMPEL / TUNIK MIDI REMPEL / TUNIK SLUVI REMPEL,sluvi rempel tunik midi rempel tunik sluvi rempel,1509111404,0.2490927058236563,0,0.16666666666666666,False,True
17381,27677,1,pos,Jaket hoodie champion kuning,jaket hoodie champion kuning,1086433766,"b""CHMPN life men's vintage wash,reserve weave crew satin block""",b chmpn life men s vintage wash reserve weave crew satin block,1086433766,0.08539863068589836,0,0.0,False,False
8028,10480,1,pos,Case Anticrack Fiber ALL Type Anti Crack Fuze Acrylic Grosir,case anticrack fiber all type anti crack fuze acrylic grosir,432057156,[Bayar Di Tempat]Casing Soft Case TPU Silikon Transparan untuk iPhone 6 / 6S / 8 / 7 Plus / X / X,bayar di tempat casing soft case tpu silikon transparan untuk iphone 6 6s 8 7 plus x x,432057156,0.08548668742201647,0,0.038461538461538464,False,False
13608,16921,1,pos,[LOKAL] POKY - D1086 Dari Jakarta BISA COD TOTE BAG LOVE SIGN TOTEBAG BTS BTS12  MORYMONY,lokal poky d1086 dari jakarta bisa cod tote bag love sign totebag bts bts12 morymony,4180360159,(RESLETING) TOTEBAG SARANGHEO,resleting totebag sarangheo,4180360159,0.21247139919691532,0,0.058823529411764705,False,True
27216,29908,1,pos,Gamis wolfis renda  set jilbab+cadar,gamis wolfis renda set jilbab cadar,3203369806,Yasmin set browni purple,yasmin set browni purple,3203369806,0.09036372013577966,0,0.1111111111111111,False,False
29844,33618,1,pos,Peniti Premium Swan 1 Lusin Murah,peniti premium swan 1 lusin murah,1145764113,peniti swan asli jual perbungkus isi 12,peniti swan asli jual perbungkus isi 12,1145764113,0.1451093921550688,0,0.18181818181818182,False,False
31028,31853,1,pos,Adaptor Charger 3 Output #FC036,adaptor charger 3 output fc036,3385067873,[COD] BATOK ADAPTOR KEPALA CASAN 3 LUBANG,cod batok adaptor kepala casan 3 lubang,3385067873,0.14688463710404845,0,0.2,False,False
14715,21287,1,pos,"b""Qur'an Saku Madinah | HAWARIY STORE""",b qur an saku madinah hawariy store,221831759,Mushaf Madinah Ukuran Saku 8x11,mushaf madinah ukuran saku 8x11,221831759,0.25597725988463577,0,0.2,False,False
20618,25242,1,pos,BERGO YASMIN,bergo yasmin,1793173675,Hampers Lebaran By Orangeshopz,hampers lebaran by orangeshopz,1793173675,0.08539294358494011,0,0.0,False,True
19844,29064,1,pos,7-Day / 7Day / 7 Day Slim Original / Jamin Original 100%,7 day 7day 7 day slim original jamin original 100,1877070886,[COD] Obat Langsing 7 Hari | 7 Days Slim Bisa Scan Kode Bukti Keaslian,cod obat langsing 7 hari 7 days slim bisa scan kode bukti keaslian,1877070886,0.14234455106175642,0,0.11764705882352941,False,False
2480,5716,1,pos,TERLARIS !!! Bandana Rajut PREMIUM BAHAN TEBAL DAN LEMBUT !!! Ciput rajut premium,terlaris bandana rajut premium bahan tebal dan lembut ciput rajut premium,2008989859,(1kg=16pcs) BOBAL HIJAB SEGITIGA DEQIARA BOLAK BALIK 2 WARNA SOFT PET PASMINA JILBAB KERUDUNG BERGO,1kg 16pcs bobal hijab segitiga deqiara bolak balik 2 warna soft pet pasmina jilbab kerudung bergo,2008989859,0.07787443868253179,0,0.0,False,False
7830,17271,1,pos,Meteran warna warni,meteran warna warni,1275791643,Meteran penjahit 150cm,meteran penjahit 150cm,1275791643,0.11616759212511839,0,0.2,False,True
17784,32869,1,pos,Dot Nipple Peristaltic Wide Neck Cocok Untuk Pigeon,dot nipple peristaltic wide neck cocok untuk pigeon,1030096136,\xe2\x96\xa3RBABYR\xe2\x96\xa3 Dot Silicone Botol Susu (Teat Wide Neck) for wide neck bottle,xe2 x96 xa3rbabyr xe2 x96 xa3 dot silicone botol susu teat wide neck for wide neck bottle,1030096136,0.18327926979498801,0,0.16666666666666666,False,False
8516,27051,1,pos,grosir_solo || MOORA LONG TUNIK || TUNIK POLOS BELAH SAMPING,grosir solo moora long tunik tunik polos belah samping,3585284594,TUNIK BELINA BELAH DRESS MOSCREPE PREMIUM,tunik belina belah dress moscrepe premium,3585284594,0.22054978914541218,0,0.16666666666666666,False,False
23120,23789,1,pos,Deli Isolasi Bening warna kertas putih menjadi tidak terlihat EA30110,deli isolasi bening warna kertas putih menjadi tidak terlihat ea30110,3322704189,Deli Solatip/Isolasi Kantor Transparan Super Bening EA30310,deli solatip isolasi kantor transparan super bening ea30310,3322704189,0.18047855882009917,0,0.2,False,False
9195,17315,1,pos,INNER REGULAR,inner regular,2564134756,GROSIR ciput inner Turki ORIGINAL,grosir ciput inner turki original,2564134756,0.2847139053597729,0,0.16666666666666666,False,True
29843,33842,1,pos,CELANA PRIA CASUAL CHINOPANJANG CELANACASUAL CRLANACOWOK CELANACHINO MURAHBANGET,celana pria casual chinopanjang celanacasual crlanacowok celanachino murahbanget,700369744,Celana Pria Bahan Stretch Cotton Pants Formal Kantor Abu Hitam Cream Coklat,celana pria bahan stretch cotton pants formal kantor abu hitam cream coklat,700369744,0.26253037504329063,0,0.1111111111111111,False,False
3917,17760,1,pos,Sugar Baby Organic Healthy Cot Sheet - Perlak Karet,sugar baby organic healthy cot sheet perlak karet,997220911,Perlak Sugar Baby 90x60cm,perlak sugar baby 90x60cm,997220911,0.26919782923452584,0,0.3333333333333333,False,False
19029,27584,1,pos,Bayar Di Tempat Syal / Scarf Hijab Maxi Motif Polos Bahan Katun Viscose untuk Wanita Muslim,bayar di tempat syal scarf hijab maxi motif polos bahan katun viscose untuk wanita muslim,1325074200,Pashmina Instan Bahan Katun Warna Polos Ukuran 56 * 19,pashmina instan bahan katun warna polos ukuran 56 19,1325074200,0.13842137109564484,0,0.14285714285714285,False,False
3930,13803,1,pos,Chanel Alma ( Free Syal ) Tas batam wanita,chanel alma free syal tas batam wanita,356727542,Tas Wanita Cewek Perempuan Murah Terbaru 2020 B1400 LT1127 MT223 R5S7 Branded Import Cewek,tas wanita cewek perempuan murah terbaru 2020 b1400 lt1127 mt223 r5s7 branded import cewek,356727542,0.12715437364040247,0,0.1111111111111111,False,False
636,9116,1,pos,Bandana Rajut Polos premium Jesicca,bandana rajut polos premium jesicca,2008989859,cutbray  kirien kulot.BAHAN scuba.ONESIZE.PJG_+90.CM. LP_+58.S/D.105.CM.bahan melar pingang karet,cutbray kirien kulot bahan scuba onesize pjg 90 cm lp 58 s d 105 cm bahan melar pingang karet,2008989859,0.11928378742213187,0,0.0,False,False
11183,12628,1,pos,"Kaos Jumbo Cat Love You, Love Me! Fit XXXL (Ld 116cm)",kaos jumbo cat love you love me fit xxxl ld 116cm,1272580494,"b""JS123/women's T-shirt/LOVE YOU CAT""",b js123 women s t shirt love you cat,1272580494,0.253765759320101,0,0.1875,False,False
27017,33884,1,pos,OKHISHOP - Piyama Hotpant HP Satin Velvet,okhishop piyama hotpant hp satin velvet,191984645,PIYAMA EMBOS HP 3/4 BAJU TIDUR WANITA,piyama embos hp 3 4 baju tidur wanita,191984645,0.2864015575648195,0,0.16666666666666666,False,False
18641,24017,1,pos,Jaket parka BGSR SUEDE pria premium / Jaket parka jumbo (tersedia ukuran jumbo),jaket parka bgsr suede pria premium jaket parka jumbo tersedia ukuran jumbo,2411122041,link live,link live,2411122041,0.06421746330464545,0,0.0,False,True
18234,27003,1,pos,TFT AX9816 AX386 E149 F1984 ( 4 TAS BS 1 KG ) TAS IMPORT FASHION SELEMPANG CANTIK,tft ax9816 ax386 e149 f1984 4 tas bs 1 kg tas import fashion selempang cantik,1911569483,Tas Selempang Wanita Import 7033 2984 92984 B313417 EL249 VC88030 LT1577 BQ2540,tas selempang wanita import 7033 2984 92984 b313417 el249 vc88030 lt1577 bq2540,1911569483,0.10701306402958974,0,0.13043478260869565,False,False
20056,22349,1,pos,\xe2\x9d\xa4Nova Retro Cat Ears Myopia Glasses Frame Metal Round Anti-Blue Light Flat Mirror Optical Frames Mal,xe2 x9d xa4nova retro cat ears myopia glasses frame metal round anti blue light flat mirror optical frames mal,3958038320,OSM - F406 Kacamata Telinga Kucing / Kacamata Style Korea / Bingkai Retro Bulat /Kacamata Cute Style,osm f406 kacamata telinga kucing kacamata style korea bingkai retro bulat kacamata cute style,3958038320,0.13220568321803536,0,0.034482758620689655,False,False
23004,31770,1,pos,SABRINA MAXI SABRINA GAMIS SABRINA DRESS SABRINA SPASSY  BY SPASSY ( BISA COD ),sabrina maxi sabrina gamis sabrina dress sabrina spassy by spassy bisa cod,2674196062,RAQUNI MAXY /GAMIS RAYON VISCOSE TERMURAH,raquni maxy gamis rayon viscose termurah,2674196062,0.2391176768187227,0,0.07692307692307693,False,False
22920,29933,1,pos,VOOPOO VINCI AIR,voopoo vinci air,3576488720,V00P00 VINCI AIR  AUTHENTIC,v00p00 vinci air authentic,3576488720,0.10906690680942013,0,0.4,False,True
11163,19740,1,pos,Sepatu Prewalker Sol Lembut Anti Slip Motif Kartun Rubah / Burung Hantu,sepatu prewalker sol lembut anti slip motif kartun rubah burung hantu,983258613,[Bayar Di Tempat]Cute Baby Boys Girls Anti-slip Cotton Soft Bottom Shoes First Walker 6 Colors,bayar di tempat cute baby boys girls anti slip cotton soft bottom shoes first walker 6 colors,983258613,0.2923766128719293,0,0.07692307692307693,False,False
7332,21257,1,pos,Daido Daimos Pro Series 1000. 2000. 3000. 4000. 6000,daido daimos pro series 1000 2000 3000 4000 6000,3214224895,{LIMITED EDITION} REEL DAIDO {TERBARU} DAIMOS PRO SERIES ASLI {CARBON BODY} JAPAN QUALITY SUPER KUAT,limited edition reel daido terbaru daimos pro series asli carbon body japan quality super kuat,3214224895,0.2777251588175394,0,0.2,False,False
11255,30155,1,pos,SEPATU SNEAKERS B03 IDR04,sepatu sneakers b03 idr04,3720542793,Sepatu Wanita motif aso bintang,sepatu wanita motif aso bintang,3720542793,0.2599870922577382,0,0.125,False,False
3852,29828,1,pos,Rak Sudut Plastik Tempat Sabun Serbaguna Triangle Shelves RT008,rak sudut plastik tempat sabun serbaguna triangle shelves rt008,1371706715,"Rak Sudut Serbaguna (Pasangnya tanpa paku, tanpa bor keramik)",rak sudut serbaguna pasangnya tanpa paku tanpa bor keramik,1371706715,0.27293026555780586,0,0.21428571428571427,False,False
14218,28956,1,pos,Disinfektan Saniter 200ml,disinfektan saniter 200ml,2110927214,Saniter spray,saniter spray,2110927214,0.1958125137353518,0,0.25,False,True
15544,26624,1,pos,ANTICRACK / ANTISHOCK SOFT BENING/TRANSPARANT ALL TYPE HP CEK (DESKRIPSI),anticrack antishock soft bening transparant all type hp cek deskripsi,3717044186,"Anti crack soft Samsung J1 2015,J1 2016,J1 Ace,J2 2015,Pro,J2 Core,J2 Prime/Grand Prime,J3 2015/2016",anti crack soft samsung j1 2015 j1 2016 j1 ace j2 2015 pro j2 core j2 prime grand prime j3 2015 2016,3717044186,0.19139451352689035,0,0.043478260869565216,False,False
1762,6597,1,pos,"BAWANG MERAH GORENG 200 Gram, BAWANG PUTIH GORENG 200Gr, BAWANG GORENG 200Gr, BAWANG NON PENGAWET",bawang merah goreng 200 gram bawang putih goreng 200gr bawang goreng 200gr bawang non pengawet,1236048845,Bratamed 500ml original READY,bratamed 500ml original ready,1236048845,0.05451559330353207,0,0.0,False,False
758,1090,1,pos,Ester C Vitamin C isi 4 kaplet,ester c vitamin c isi 4 kaplet,1657244333,ESTER-C HOLISTICARE VITAMIN UNTUK ANTIBODY CEGAH CORONA,ester c holisticare vitamin untuk antibody cegah corona,1657244333,0.2002728158434049,0,0.2727272727272727,False,False
29026,32619,1,pos,SC!!!Jepit Rambut Bobby Pin P001 Hairclip Hairpin Aksesoris Jepit Rambut,sc jepit rambut bobby pin p001 hairclip hairpin aksesoris jepit rambut,944479978,4Pcs Jepit Rambut Korea dengan Mutiara untuk Wanita,4pcs jepit rambut korea dengan mutiara untuk wanita,944479978,0.227323003689856,0,0.13333333333333333,False,False
15448,15544,1,pos,Iphone 6/6S Anti Crack Case / Anti Shock Casing Handphone Smartphone ANTICRACK,iphone 6 6s anti crack case anti shock casing handphone smartphone anticrack,3717044186,ANTICRACK / ANTISHOCK SOFT BENING/TRANSPARANT ALL TYPE HP CEK (DESKRIPSI),anticrack antishock soft bening transparant all type hp cek deskripsi,3717044186,0.28806641862099536,0,0.05,False,False
13606,22643,1,pos,Flydigi Wasp Feelers 2 / Beehive 2 Sarung Jempol Jari Mobile Joystick Gamepad PUBG FF COD,flydigi wasp feelers 2 beehive 2 sarung jempol jari mobile joystick gamepad pubg ff cod,3721393933,Flydigi 2Pcs Sarung Tangan fingersleeve Profesional Anti Keringat untuk Layar Sentuh,flydigi 2pcs sarung tangan fingersleeve profesional anti keringat untuk layar sentuh,3721393933,0.2535853681573353,0,0.08695652173913043,False,False
11342,28943,1,pos,Hlg Cetakan Semen Reusable Bahan Batu,hlg cetakan semen reusable bahan batu,3482149149,cetakan paving blok/ paving block/ cetakan paving blok jalan/ paving blok polygon,cetakan paving blok paving block cetakan paving blok jalan paving blok polygon,3482149149,0.24573448887727709,0,0.09090909090909091,False,False
15362,25008,1,pos,BULGOGI PAN ALAT PANGGANG STEAK SEHAT BEBAS KOLESTROL BULGOGIPAN MARBLE,bulgogi pan alat panggang steak sehat bebas kolestrol bulgogipan marble,3334081751,BULGOGI PAN BBQ Korea 32cm (ontv0132),bulgogi pan bbq korea 32cm ontv0132,3334081751,0.18851157961522894,0,0.14285714285714285,False,False
12903,17548,1,pos,[Bayar Di Tempat]Soft Case Silikon TPU untuk OPPO A52 A92 A5S A3S A83 A71 A57 A1k A7 A12E,bayar di tempat soft case silikon tpu untuk oppo a52 a92 a5s a3s a83 a71 a57 a1k a7 a12e,1664980565,Macaroon Case Soft Case Premium Doff Warna Iphone 7 8 6Plus 6SPlus 6+ 6S+ 5 5S SE 6 6S,macaroon case soft case premium doff warna iphone 7 8 6plus 6splus 6 6s 5 5s se 6 6s,1664980565,0.09686880802648959,0,0.06060606060606061,False,False
7943,33516,1,pos,Koko Anak Katun Supernova 1-11 Tahun,koko anak katun supernova 1 11 tahun,579273273,Koko anak rayya syawal 1-5 tahun GUDANG.CLODI,koko anak rayya syawal 1 5 tahun gudang clodi,579273273,0.1814107449979852,0,0.3333333333333333,False,False
14229,21928,1,pos,Jam Tangan G-SHOCK S-979,jam tangan g shock s 979,2221700681,free box JAM TANGAN PRIA MURAH Import BARU 2020 NEW Multifungsi Sports,free box jam tangan pria murah import baru 2020 new multifungsi sports,2221700681,0.11948778448503904,0,0.125,False,False
3408,8655,1,pos,pt.yangguangtrading - blueray168 - 1set alat makan + kotak wadah J-01 model serat gandum,pt yangguangtrading blueray168 1set alat makan kotak wadah j 01 model serat gandum,3379486410,Set Alat Makan Sendok Garpu Sumpit Jerami Wheat Straw Set Travel Cultery,set alat makan sendok garpu sumpit jerami wheat straw set travel cultery,3379486410,0.1561486892078616,0,0.09090909090909091,False,False
5774,9347,1,pos,HW0029 Armor Straw Stainless Steel Set 5pc Rainbow Thin Sedotan Set Stainlis 5pc kurus,hw0029 armor straw stainless steel set 5pc rainbow thin sedotan set stainlis 5pc kurus,1802766193,"5Pcs Sedotan Model Lurus, Dapat Dipakai Ulang",5pcs sedotan model lurus dapat dipakai ulang,1802766193,0.2616530454135433,0,0.05555555555555555,False,False
15954,17352,1,pos,[ BISA COD ] CLB Glow ASLI,bisa cod clb glow asli,3293988036,(PERPAKET) READY CREAM CLB KEMASAN BARU,perpaket ready cream clb kemasan baru,3293988036,0.21304540600550792,0,0.1,False,False
15724,21672,1,pos,BEST SELLER - MANSET BASELAYER TANPA THAMHULD PRIA/WANITA ADIDAS,best seller manset baselayer tanpa thamhuld pria wanita adidas,3493405757,Baselayer Nike longsleeve Black - lengan panjang - manset olahraga ( GRADE ORI ) jersey futsal,baselayer nike longsleeve black lengan panjang manset olahraga grade ori jersey futsal,3493405757,0.2249897395776575,0,0.10526315789473684,False,False
1941,16755,1,pos,Qnc Jelly Gamat   Emas Herbal Ekstrak Teripang Original Asli Indonesia 100 %,qnc jelly gamat emas herbal ekstrak teripang original asli indonesia 100,2342771184,"TERLARIS Obat Herbal Usus Buntu Ampuh, Kanker, Turun Bero, Tumor, Radang Usus Kecil & Besar",terlaris obat herbal usus buntu ampuh kanker turun bero tumor radang usus kecil besar,2342771184,0.09842742612359338,0,0.043478260869565216,False,False
20527,32587,1,pos,Selop Emas,selop emas,3434991285,SS Heels RJ10 TERMURAH!!!,ss heels rj10 termurah,3434991285,0.0849579005003033,0,0.0,False,True
22182,30368,1,pos,Tempat Cover Dudukan Plat Nomor Motif Karbon JDM ORIGINAL,tempat cover dudukan plat nomor motif karbon jdm original,1469816250,variasi tatakan plat mobil,variasi tatakan plat mobil,1469816250,0.18275555672472993,0,0.08333333333333333,False,False
506,32206,1,pos,BATIK MARTAKA PENNA,batik martaka penna,961933415,KEMEJA BATIK PRIA LENGAN PANJANG SIZE M L XL XXL  BSWART BatiK HRB026 Kenongo Hem Panjang Padi,kemeja batik pria lengan panjang size m l xl xxl bswart batik hrb026 kenongo hem panjang padi,961933415,0.12558653864296324,0,0.058823529411764705,False,True
10653,28804,1,pos,Tas Selempang 112600 (1 KG MUAT 2) 157048 EL182 BQ2600 LT1575 146543,tas selempang 112600 1 kg muat 2 157048 el182 bq2600 lt1575 146543,2050565864,WnD SALE !! TAS SLEMPANG - TAS IMPORT - TAS KOREA - TAS WANITA PB099 - TAS TERMURAH - HIGH QUALITY!,wnd sale tas slempang tas import tas korea tas wanita pb099 tas termurah high quality,2050565864,0.07242534201670152,0,0.045454545454545456,False,False
15680,15681,1,pos,BEST SELLER Sepatu Wanita  Zelyne SDS301,best seller sepatu wanita zelyne sds301,1844958752,Sepatu Wanita Slip On Kiara sp51,sepatu wanita slip on kiara sp51,1844958752,0.1184357376946155,0,0.2,False,False
3475,23162,1,pos,Termurah Premium Buah Durian Montong Palu Sulawesi Super (500gram) original / montong /makanan beku,termurah premium buah durian montong palu sulawesi super 500gram original montong makanan beku,3135467169,Duren montong palu (TERIMA HARGA PARTAI BERSAING),duren montong palu terima harga partai bersaing,3135467169,0.27446430435916747,0,0.11764705882352941,False,False
12285,23160,1,pos,[Bayar di Tempat]6 Pcs/Set Paint Brush SetNylon Handle Brush Kid Watercolor Drawing Pa,bayar di tempat 6 pcs set paint brush setnylon handle brush kid watercolor drawing pa,3780809574,"[Statis] 6 pcs / 1 set, Sikat cat air, Lebar dan sempit permen anak-anak menggambar sikat, Guas warna [ID]",statis 6 pcs 1 set sikat cat air lebar dan sempit permen anak anak menggambar sikat guas warna id,3780809574,0.21302581859263972,0,0.10714285714285714,False,False
5593,11178,1,pos,TAS SELEMPANG & STRAP PUSH LOCK SHOULDER BAG Tas Selempang Behel/Tas Kantor,tas selempang strap push lock shoulder bag tas selempang behel tas kantor,4021627060,Cnk bag,cnk bag,4021627060,0.19382868877849296,0,0.1,False,True
2774,21731,1,pos,SET PANCING TERBARU {JS ZEUS} PANJANG 180 CM - 130 CM {SUPER TRENDY} TERMURAH DAN TERLARIS,set pancing terbaru js zeus panjang 180 cm 130 cm super trendy termurah dan terlaris,2198893911,"Set Audrey Spool Plastik Joran Antena Japan Style Panjang 1,50 Meter",set audrey spool plastik joran antena japan style panjang 1 50 meter,2198893911,0.14165929962818596,0,0.08333333333333333,False,False
2612,32696,1,pos,(FREE GIFT-BISA COD) MASKER ORGANIK PETAL BY CLOUNSY 15gr,free gift bisa cod masker organik petal by clounsy 15gr,1603219980,[\xe2\x98\x91\xef\xb8\x8fBPOM] Masker Bubuk By Lea Gloria 20 Gram (Kemasan Baru),xe2 x98 x91 xef xb8 x8fbpom masker bubuk by lea gloria 20 gram kemasan baru,1603219980,0.1076951841398541,0,0.08695652173913043,False,False
15907,18024,1,pos,SHAKE MINT HERBA LIFE HERBAL LIFE,shake mint herba life herbal life,2726892504,F1 Nutritional Shake Mix 5 varian rasa - free bubblewrap Potong Barcode,f1 nutritional shake mix 5 varian rasa free bubblewrap potong barcode,2726892504,0.11067423550084457,0,0.06666666666666667,False,False
26715,26780,1,pos,Alat Masak Spatula set isi 4 Kitchen tool peralatan dapur stainless Paling Murah,alat masak spatula set isi 4 kitchen tool peralatan dapur stainless paling murah,1842099953,spatula stenlist,spatula stenlist,1842099953,0.1180406253856169,0,0.07142857142857142,False,True
4214,4215,1,pos,MIKOLE SHANGHAI DRESS BRUKAT DRESS JEREMIA SF EUNBY DRESS DINAR WD.D6,mikole shanghai dress brukat dress jeremia sf eunby dress dinar wd d6,2380085497,POPULER ! Kebaya Brokat Aurora / WARNA NAVY / GREY / MAROON / BLACK / MOCCA / WHITE / RED / DUSTY /,populer kebaya brokat aurora warna navy grey maroon black mocca white red dusty,2380085497,0.06663674774242556,0,0.0,False,False
4279,4566,1,pos,Airnderm Aesthetic Suncare Nia White,airnderm aesthetic suncare nia white,3660863051,Airin Brightening Night Cream,airin brightening night cream,3660863051,0.17767029216890856,0,0.0,False,False
9122,19086,1,pos,sepatu converse allstar special edition,sepatu converse allstar special edition,1433052436,Converse premium kuning pendek,converse premium kuning pendek,1433052436,0.28644580083285376,0,0.125,False,False
7842,29964,1,pos,Lampu Led 3w Vanstar Murah Grosir,lampu led 3w vanstar murah grosir,1303644154,Lampu Led Inlite 3w / 3 Watt dengan SAMSUNG Led inside ORIGINAL,lampu led inlite 3w 3 watt dengan samsung led inside original,1303644154,0.2893211813266857,0,0.23076923076923078,False,False
21552,32269,1,pos,10 PCS SOLID RING OVAL,10 pcs solid ring oval,4052306734,Cincin Vintage Motif Hati Warna Gold / Silver untuk Wanita,cincin vintage motif hati warna gold silver untuk wanita,4052306734,0.09574372672924078,0,0.0,False,False
495,1945,1,pos,Jamia - Pashmina Instan dengan tali,jamia pashmina instan dengan tali,3024571735,PASHMINA SABYAN Ceruti Babydoll Original 75x200cm Pashmina Heavy Chiffon  Pashmina Turki,pashmina sabyan ceruti babydoll original 75x200cm pashmina heavy chiffon pashmina turki,3024571735,0.24392602119489742,0,0.07692307692307693,False,False
4115,19051,1,pos,HCL Dress Yuki & Bergo - Dress Muslim Anak Perempuan - Busana Muslim Anak Perempuan,hcl dress yuki bergo dress muslim anak perempuan busana muslim anak perempuan,3059956762,PIYU KIDS GAMIS CANTIK ANAK PEREMPUAN USIA UMUR 4 - 5 TAHUN,piyu kids gamis cantik anak perempuan usia umur 4 5 tahun,3059956762,0.21869564281094594,0,0.11764705882352941,False,False
963,6087,1,pos,Non Medical Face Mask Earloop  [Varian Tartan],non medical face mask earloop varian tartan,4100189183,Masker kain 2 lapis (katun kotak/polos),masker kain 2 lapis katun kotak polos,4100189183,0.14750267723798652,0,0.0,False,False
5306,10480,1,pos,Anti Crack Fuze iPhone 5 / 6 / 7 / 8 / 6+ / 6S+ Plus / 7+ Plus / 8 Plus / iPh-X Bahan MIKA / ACRYLIC,anti crack fuze iphone 5 6 7 8 6 6s plus 7 plus 8 plus iph x bahan mika acrylic,432057156,[Bayar Di Tempat]Casing Soft Case TPU Silikon Transparan untuk iPhone 6 / 6S / 8 / 7 Plus / X / X,bayar di tempat casing soft case tpu silikon transparan untuk iphone 6 6s 8 7 plus x x,432057156,0.21471090602928586,0,0.28,False,False
28120,31334,1,pos,"realme 5i 3/32GB [5000mAh Massive Battery, 24MP AI Quad Camera, Snapdragon 665 AIE, Dual SIM Card]",realme 5i 3 32gb 5000mah massive battery 24mp ai quad camera snapdragon 665 aie dual sim card,3927768774,REALME 5I RAM 4/64GB 3/32GB RESMI BLUE GREEN ~ BONUS GREEN,realme 5i ram 4 64gb 3 32gb resmi blue green bonus green,3927768774,0.20695701907824865,0,0.16666666666666666,False,False
356,3630,1,pos,QnC Jelly Gamat di  Kota Bandung di Kab Bandung Original Jaminan Uang Kembali. QnC Jelly Jeli Gamat,qnc jelly gamat di kota bandung di kab bandung original jaminan uang kembali qnc jelly jeli gamat,2342771184,"Obat Berbagai Benjolan,Di Leher,Mata,Tangan,Ketiak,Telinga,Kepala,Punggung,Gusi,Selangkan Dll - Qnc",obat berbagai benjolan di leher mata tangan ketiak telinga kepala punggung gusi selangkan dll qnc,2342771184,0.17149329419719195,0,0.08,False,False
12897,31490,1,pos,Bayclin Disinfectant 500 ML,bayclin disinfectant 500 ml,493626958,BAYCLIN 500ML PUTIH PAKAIAN,bayclin 500ml putih pakaian,493626958,0.22020415016973557,0,0.14285714285714285,False,False
20470,27696,1,pos,TABITA SKIN CARE ORIGINAL LENGKAP DENGAN PAPER BAG ( KECIL) -,tabita skin care original lengkap dengan paper bag kecil,2591192196,TABITA EXCLUSIVE ORIGINAL (BESAR),tabita exclusive original besar,2591192196,0.2649683952108402,0,0.18181818181818182,False,False
14984,22562,1,pos,BUSA FILTER RADOTS SUPER / BUSA FILTER AIR,busa filter radots super busa filter air,455052677,kapas 3 lapis busa filter aquarium aquascape,kapas 3 lapis busa filter aquarium aquascape,455052677,0.23579533445714837,0,0.2,False,False
14641,33949,1,pos,HippoCat Case - Softcase Fullcover - IPHONE - XIAOMI - VIVO - OPPO A3S A5S F9 A7 A37 Y91 Y95 F1S,hippocat case softcase fullcover iphone xiaomi vivo oppo a3s a5s f9 a7 a37 y91 y95 f1s,3018854478,Soft Case Desain Kartun Kuda Nil VIVO Y12 Y30 V19 Y91C Y15 Y91 Y20 Y20i Y50 S1 Y17 Y19 Y11 Y71 S1 PRO Z1 PRO Y93 Y95 V5 Y30i Y12i Y71i Y91i Z5 U10 U3 U20 V5 lite V5S Y66 Y70 Y90,soft case desain kartun kuda nil vivo y12 y30 v19 y91c y15 y91 y20 y20i y50 s1 y17 y19 y11 y71 s1 pro z1 pro y93 y95 v5 y30i y12i y71i y91i z5 u10 u3 u20 v5 lite v5s y66 y70 y90,3018854478,0.27157081147052464,0,0.0784313725490196,False,False
3630,16755,1,pos,"Obat Berbagai Benjolan,Di Leher,Mata,Tangan,Ketiak,Telinga,Kepala,Punggung,Gusi,Selangkan Dll - Qnc",obat berbagai benjolan di leher mata tangan ketiak telinga kepala punggung gusi selangkan dll qnc,2342771184,"TERLARIS Obat Herbal Usus Buntu Ampuh, Kanker, Turun Bero, Tumor, Radang Usus Kecil & Besar",terlaris obat herbal usus buntu ampuh kanker turun bero tumor radang usus kecil besar,2342771184,0.17600520919853174,0,0.037037037037037035,False,False
29976,30768,1,pos,Baorenshang Kpop BTS BT21 Cute PU Pencil Pen Case TATA COOKY RJ Cosmetic Makeup Storage BagF,baorenshang kpop bts bt21 cute pu pencil pen case tata cooky rj cosmetic makeup storage bagf,3621760949,KOTAK PENSIL MOTIF BTS BT21 LUCU UNIK / KOTAK PULPEN / TEMPAT ALAT TULIS FS PP167,kotak pensil motif bts bt21 lucu unik kotak pulpen tempat alat tulis fs pp167,3621760949,0.2748162547022946,0,0.07407407407407407,False,False
10959,26746,1,pos,Casing Case Liquid / Cairan Glitter untuk Apple iPhone 11 / 11 Pro Max,casing case liquid cairan glitter untuk apple iphone 11 11 pro max,157783767,Iphone X / XS / XR /XS Max / 6 / 7 / 8 Plus Iphone 11 Leather Case Silicone Case Leather Premium,iphone x xs xr xs max 6 7 8 plus iphone 11 leather case silicone case leather premium,157783767,0.26168627190079885,0,0.19047619047619047,False,False
26328,33649,1,pos,Easy Craft Foil Art,easy craft foil art,2879924940,Buku Mewarnai Anak TK dan PAUD / Besar / HVS lebih tebal,buku mewarnai anak tk dan paud besar hvs lebih tebal,2879924940,0.12396098040125078,0,0.0,False,False
1276,6645,1,pos,Samsung Galaxy J2 J3 J4 J6 J5 J7 Prime Pro Plus Duo 2017 Reading Cat Silicon Case,samsung galaxy j2 j3 j4 j6 j5 j7 prime pro plus duo 2017 reading cat silicon case,3661717533,[FC-79] Hardcase 3D fullprinting for all Smartphone,fc 79 hardcase 3d fullprinting for all smartphone,3661717533,0.08523140241226551,0,0.0,False,False
10291,12138,1,pos,Sepatu Sneakers Flat Anti Slip Bahan Kanvas dengan Strap,sepatu sneakers flat anti slip bahan kanvas dengan strap,1339662767,[11.11Big Sale] Slip ON WANITA SANTAI WEBING S11,11 11big sale slip on wanita santai webing s11,1339662767,0.06398496390095576,0,0.058823529411764705,False,False
2938,25545,1,pos,Kurta Polos Pria Lengan Panjang All Varian Warna Slimfit Murah,kurta polos pria lengan panjang all varian warna slimfit murah,4101997434,SAVIQ KURTA OBLONG ORIGINAL KOKO PAKISTAN LENGAN TANGGUNG KURTA POLOS,saviq kurta oblong original koko pakistan lengan tanggung kurta polos,4101997434,0.18665488895607865,0,0.1875,False,False
3267,3268,1,pos,"Celana panjang pria cargo cream, cargo casual. celanacargo pria D34",celana panjang pria cargo cream cargo casual celanacargo pria d34,1033947255,YANG LAGI HITS Celana Chino Pendek Pria Army Loreng Ufc Venum Mma Pantai Gym Lari Fitnes,yang lagi hits celana chino pendek pria army loreng ufc venum mma pantai gym lari fitnes,1033947255,0.18689575213396692,0,0.09090909090909091,False,False
8941,8942,1,pos,Fuze iphone 5 6 6g 6g+ 7 7g 7g+ 8 8+ xr x xs xs max se 2020 11 pro pro max 5.8 6.1 6.5 CS880,fuze iphone 5 6 6g 6g 7 7g 7g 8 8 xr x xs xs max se 2020 11 pro pro max 5 8 6 1 6 5 cs880,2974535963,Fuze oppo a3s a1k a5 a9 2020 a7 f9 a5s a31 a52 a92 a37 a57 a59 a71 f1s f11 pro reno 3 4 a53 CS883,fuze oppo a3s a1k a5 a9 2020 a7 f9 a5s a31 a52 a92 a37 a57 a59 a71 f1s f11 pro reno 3 4 a53 cs883,2974535963,0.13346753203852893,0,0.075,False,False
4771,29404,1,pos,Gilingan Mie/Molen (Original stainless),gilingan mie molen original stainless,4285662273,Gilingan mie/pasta Airlux GM-1500,gilingan mie pasta airlux gm 1500,4285662273,0.22433918561045402,0,0.2222222222222222,False,False
13607,16921,1,pos,[LOKAL] DOMMO - D1086 Dari Jakarta BISA COD TOTE BAG LOVE SIGN TOTEBAG BTS BTS12 MORYMONY,lokal dommo d1086 dari jakarta bisa cod tote bag love sign totebag bts bts12 morymony,4180360159,(RESLETING) TOTEBAG SARANGHEO,resleting totebag sarangheo,4180360159,0.21382823690571293,0,0.058823529411764705,False,True
9904,12223,1,pos,Anting mutiara bunga shell Korea anting cabang sederhana,anting mutiara bunga shell korea anting cabang sederhana,425970508,Anting bunga tusuk aksen - aksesoris anting - anting tusuk - ningrum.id,anting bunga tusuk aksen aksesoris anting anting tusuk ningrum id,425970508,0.24109265077934433,0,0.16666666666666666,False,False
6049,17294,1,pos,ICE N8+,ice n8,2889946990,Softlens N8+ / Big eyes / Exoticon + FREE LENSCASE,softlens n8 big eyes exoticon free lenscase,2889946990,0.25460518610822563,0,0.125,False,True
13320,24017,1,pos,Kusus live 50.000 1pcs,kusus live 50 000 1pcs,2411122041,link live,link live,2411122041,0.2140469472847398,0,0.16666666666666666,False,True
15298,19185,1,pos,Taswanita Laptop Kamera 6189VA TAS BRANDED WANITA Tas Wanita Fashion Gabriel Hobo Mini 8112 FA A9X3,taswanita laptop kamera 6189va tas branded wanita tas wanita fashion gabriel hobo mini 8112 fa a9x3,1708472517,SALE ! Tas wanita lv speddy rets tas lv tas selempang termurah tas import,sale tas wanita lv speddy rets tas lv tas selempang termurah tas import,1708472517,0.11661906282139356,0,0.09523809523809523,False,False
1873,18581,1,pos,KAOS DISTRO LOGO BLOODS COTTON COMBED 30S TSHIRT,kaos distro logo bloods cotton combed 30s tshirt,2206663328,KAOS DISTRO PRIA MURAH BAJU DISTRO PRIA MURAH BAJU LAKI KAOS PRIA BRANDED KAOS PRIA LOGO VOOLOZ AIM,kaos distro pria murah baju distro pria murah baju laki kaos pria branded kaos pria logo vooloz aim,2206663328,0.2557957143139731,0,0.2,False,False
4996,31938,1,pos,Nan pH Pro 3 800 gr / Nan Ha 3 800 gr,nan ph pro 3 800 gr nan ha 3 800 gr,717063212,NESTLE NAN pH Pro Optipro Susu Pertumbuhan 1-3 Tahun Kaleng 400 gr,nestle nan ph pro optipro susu pertumbuhan 1 3 tahun kaleng 400 gr,717063212,0.14412145343772828,0,0.3333333333333333,False,False
8522,33599,1,pos,TG/ ANTI GORES / TEMPERED GLASS BENING ALL TYPE SAMSUNG / OPPO / VIVO / XIAOMI / IPHONE / REALME C11,tg anti gores tempered glass bening all type samsung oppo vivo xiaomi iphone realme c11,731765393,TEMPERED GLASS BENING VIVO Y12 Y15 Y17 Y3 S1 Y81 Y83 Y90 Y91C Y91 Y93 Y95 V5 V5+ V7 V11i V11 PRO,tempered glass bening vivo y12 y15 y17 y3 s1 y81 y83 y90 y91c y91 y93 y95 v5 v5 v7 v11i v11 pro,731765393,0.22020947275267796,0,0.125,False,False
11998,30794,1,pos,(Lochic) L-01 Sepatu LOL LED Anak Terbaru Impor Gelombang,lochic l 01 sepatu lol led anak terbaru impor gelombang,4008024672,FERGIOSHOP (COD) FASHION ANAK : SEPATU RAJUT ANAK LAMPU! SEPATU LAMPU ANAK LOL SZ 21-30,fergioshop cod fashion anak sepatu rajut anak lampu sepatu lampu anak lol sz 21 30,4008024672,0.2320614123073517,0,0.16666666666666666,False,False
20526,20527,1,pos,SENDAL SEPATU WAKITA HEEL SLOP  KOTAK RJ10,sendal sepatu wakita heel slop kotak rj10,3434991285,Selop Emas,selop emas,3434991285,0.20343122086686496,0,0.0,False,True
26559,26597,1,pos,Sepatu balance B695/sepatu flat sus wanita/ sepatu karet wanita,sepatu balance b695 sepatu flat sus wanita sepatu karet wanita,2565533507,Sandal jelly flat 695,sandal jelly flat 695,2565533507,0.20000141537051863,0,0.1,False,False
6804,28125,1,pos,FREEMAN FEELING BEAUTIFUL GREEN TEA & ORANGE BLOSSOM PEEL-OFF MASK,freeman feeling beautiful green tea orange blossom peel off mask,3445494442,FREEMAN Mask 175ML Ready All Varian (Original 100%),freeman mask 175ml ready all varian original 100,3445494442,0.17619123576711257,0,0.125,False,False
16385,18516,1,pos,cl 1 Pasang Kaos Kaki Ankle Bahan Serat Bambu untuk  / Wanita,cl 1 pasang kaos kaki ankle bahan serat bambu untuk wanita,3019954661,KAOS KAKI  PENDEK PUTIH,kaos kaki pendek putih,3019954661,0.28664414459552245,0,0.15384615384615385,False,False
27719,29808,1,pos,Kipas Angin Karakter Niko Harga Termurah,kipas angin karakter niko harga termurah,1891360161,Kipas Karakter Hello Kitty Kipas Listrik Kipas Duduk Advance 8inch,kipas karakter hello kitty kipas listrik kipas duduk advance 8inch,1891360161,0.24922478798582307,0,0.16666666666666666,False,False
6042,27204,1,pos,DOMP046 Dompet Tempat Pensil Sumikko Gurashi / Tempat Kosmetik,domp046 dompet tempat pensil sumikko gurashi tempat kosmetik,1902423817,Tempat Alat Tulis Karakter Potato Rabbit Transparan,tempat alat tulis karakter potato rabbit transparan,1902423817,0.10326372259293598,0,0.07692307692307693,False,False
21044,24985,1,pos,\xe2\x98\x80GUDANG666\xe2\x98\x80 Gantungan Kunci AC13 Bentuk Kipas Bintang Lucu untuk Sekolah Gantungan gelang,xe2 x98 x80gudang666 xe2 x98 x80 gantungan kunci ac13 bentuk kipas bintang lucu untuk sekolah gantungan gelang,1503383993,\xf0\x9f\x87\xb2\xf0\x9f\x87\xa8MG\xf0\x9f\x87\xb2\xf0\x9f\x87\xa8 GANTUNGAN KUNCI AC13 CUTE BONEKA IMPORT # ADA LONCENG,xf0 x9f x87 xb2 xf0 x9f x87 xa8mg xf0 x9f x87 xb2 xf0 x9f x87 xa8 gantungan kunci ac13 cute boneka import ada lonceng,1503383993,0.27075937058652766,0,0.12,False,False
16715,23915,1,pos,Master Rem Only beat vario revo blade scoopy beat Fi beat pop vario 125 vario 150 Ori Pegayos,master rem only beat vario revo blade scoopy beat fi beat pop vario 125 vario 150 ori pegayos,3752571002,Master rem beat kode KVY,master rem beat kode kvy,3752571002,0.2774437637864549,0,0.1875,False,False
25839,31245,1,pos,\xf0\x9f\x87\xb0\xf0\x9f\x87\xb7 JULIUS WATCH JA-1064 JAM TANGAN ORIGINAL KOREA,xf0 x9f x87 xb0 xf0 x9f x87 xb7 julius watch ja 1064 jam tangan original korea,3784170176,"JULIUS persegi tahan air wanita menonton, JA-1064 JULIUS pengiriman langsung resmi",julius persegi tahan air wanita menonton ja 1064 julius pengiriman langsung resmi,3784170176,0.15725829530543275,0,0.14285714285714285,False,False
3425,16639,1,pos,Kaos Kaki Bayi / Kaos Kaki Anak Motif Imut,kaos kaki bayi kaos kaki anak motif imut,3416230323,(Kiddiwear) 1kg 45pcs/Kaos Kaki Katun Tebal Hangat 5,kiddiwear 1kg 45pcs kaos kaki katun tebal hangat 5,3416230323,0.25631162954642156,0,0.15384615384615385,False,False
10265,12942,1,pos,Space Military Drop iPhone Case High Quality Premium Acrylic Casing Clear Apple Bahan Akrilik,space military drop iphone case high quality premium acrylic casing clear apple bahan akrilik,3999466382,Space Impact Case Iphone 11/11pro/11promax,space impact case iphone 11 11pro 11promax,3999466382,0.2694253840646661,0,0.16666666666666666,False,False
30001,33069,1,pos,KINTAKUN ISTHANA T30 - Sprei 180x200 - Barrier Reef/Candleligth Peach/Pure White/Royal Violet,kintakun isthana t30 sprei 180x200 barrier reef candleligth peach pure white royal violet,3518206766,STARDIVA COLLECTION - Seprei KINTAKUN Dluxe King 180x200 - Delph / Elysees / Etoile / Hase / Kylie,stardiva collection seprei kintakun dluxe king 180x200 delph elysees etoile hase kylie,3518206766,0.22594885277659116,0,0.08695652173913043,False,False
1469,26642,1,pos,Sprei Single Kintakun 3D Deluxe / Dluxe Terbaru Inggrid,sprei single kintakun 3d deluxe dluxe terbaru inggrid,1458288313,"Sprei kintakun 120 100 small single Adalyn, Magali, Inggrid ingrid Leaf, Cornelia, Alamanda",sprei kintakun 120 100 small single adalyn magali inggrid ingrid leaf cornelia alamanda,1458288313,0.16114079842637824,0,0.23529411764705882,False,False
12096,32626,1,pos,NAN PH PRO 3,nan ph pro 3,717063212,NESTLE NAN pH Pro Optipro Susu Pertumbuhan 1-3 Tahun Kaleng 800 gr,nestle nan ph pro optipro susu pertumbuhan 1 3 tahun kaleng 800 gr,717063212,0.2005691831692021,0,0.3076923076923077,False,False
167,34027,1,pos,Termurah Eric summers neo gracella gamis gracella ceruti gamis polos set khimar,termurah eric summers neo gracella gamis gracella ceruti gamis polos set khimar,2380085497,Marbella dress muslim,marbella dress muslim,2380085497,0.20703463269445066,0,0.0,False,True
226,4727,1,pos,Bubel warp,bubel warp,2837888168,\xe2\x9c\x85COD Bubble Wrap Packing Tambahan Jam Tangan,xe2 x9c x85cod bubble wrap packing tambahan jam tangan,2837888168,0.137648558954905,0,0.0,False,True
11847,31748,1,pos,TAS SLEMPANG IMPORT H1+ KWALITAS TERJAMIN - WAISTBAG PRIA WANITA Bisa Punggung DADA Pinggang Samping,tas slempang import h1 kwalitas terjamin waistbag pria wanita bisa punggung dada pinggang samping,1835158630,Tas Selempang Haoshuai 1100-6 Pria Bisa Wanita Tas Anti Air Watchkite New Model 2020 HOT PRODUK,tas selempang haoshuai 1100 6 pria bisa wanita tas anti air watchkite new model 2020 hot produk,1835158630,0.13624607632046282,0,0.15384615384615385,False,False
11660,18234,1,pos,EL 249 CR 7303 GI 313417 RISCE TAS SELEMPANG BLING-BLING IMPORT WANITA CEWEK LT 1577 BQ 2540,el 249 cr 7303 gi 313417 risce tas selempang bling bling import wanita cewek lt 1577 bq 2540,1911569483,TFT AX9816 AX386 E149 F1984 ( 4 TAS BS 1 KG ) TAS IMPORT FASHION SELEMPANG CANTIK,tft ax9816 ax386 e149 f1984 4 tas bs 1 kg tas import fashion selempang cantik,1911569483,0.226836196531404,0,0.10714285714285714,False,False
8712,22241,1,pos,ZGM1924 [G1] Free Gantungan TAS IMPORT Ukuran 20 x 18 Berat 0.5 Kg (Sekilo Muat 2 Tas),zgm1924 g1 free gantungan tas import ukuran 20 x 18 berat 0 5 kg sekilo muat 2 tas,1978070363,LT1466 B88090 COD Tas Selempang Wanita  Fashion Terbaru Ransel Import Korea Murah Grosiran Store,lt1466 b88090 cod tas selempang wanita fashion terbaru ransel import korea murah grosiran store,1978070363,0.1320551411244315,0,0.06896551724137931,False,False
12445,23644,1,pos,GIGI KOKO (CL70)-717031437,gigi koko cl70 717031437,1239592848,Novel Gigi Koko - Mhia,novel gigi koko mhia,1239592848,0.17967934489757859,0,0.3333333333333333,False,False
6332,33856,1,pos,Pashmina Diamond pashmina instan / pashmina murah / pashmina style terbaru / pashmina grosir,pashmina diamond pashmina instan pashmina murah pashmina style terbaru pashmina grosir,1631615332,KIRANAOFFICIAL - ( COD ) PASMINA DIAMOND ( N02 / N03 / N04 / N05 / N06 ),kiranaofficial cod pasmina diamond n02 n03 n04 n05 n06,1631615332,0.25255553418613724,0,0.06666666666666667,False,False
7390,21090,1,pos,Powerful Sink and Drain Cleaner Chemical Powder Agent for Kitchen Toilet Pipe Dredging,powerful sink and drain cleaner chemical powder agent for kitchen toilet pipe dredging,3586903713,\xe3\x80\x90Ready\xe3\x80\x91 Wild Tornado Sink And Drain Cleaner Bubuk Pembersih Saluran Air Wastafel Dapur / Toilet (110g),xe3 x80 x90ready xe3 x80 x91 wild tornado sink and drain cleaner bubuk pembersih saluran air wastafel dapur toilet 110g,3586903713,0.21417591063351335,0,0.19230769230769232,False,False
13258,20644,1,pos,Kemeja batik pria kombinasi prada boh jarum emas,kemeja batik pria kombinasi prada boh jarum emas,1241012862,Baju Koko Pria Muslim Gus Azmi Syubbanul Muslimin Kombinasi Hadroh Azzahir Hilwa Ala Santri Modern,baju koko pria muslim gus azmi syubbanul muslimin kombinasi hadroh azzahir hilwa ala santri modern,1241012862,0.2857725507356872,0,0.09523809523809523,False,False
1707,11714,1,pos,Baseus Kabel Lightning Cable Iphone Auto Disconnect C - Shaped 1M,baseus kabel lightning cable iphone auto disconnect c shaped 1m,1876777240,BASEUS KABEL DATA TYPE-C AUTOMATIC POWER-OFF FAST CHARGE 3A,baseus kabel data type c automatic power off fast charge 3a,1876777240,0.19177077797881253,0,0.16666666666666666,False,False
468,14059,1,pos,KAOS ANAK CEWEK 1-7 Tahun - FOVORITE,kaos anak cewek 1 7 tahun fovorite,1142038310,SPECIAL PROMO - BAJU KAOS BAYI / ANAK,special promo baju kaos bayi anak,1142038310,0.1378341476800393,0,0.18181818181818182,False,False
10609,22449,1,pos,Masker Kain - Masker Kain Tali Hijab - Masker Tali Hijab,masker kain masker kain tali hijab masker tali hijab,232318354,TERMURAH! Masker Kain Tali Panjang. FREE PLASTIK & BEBAS PILIH WARNA. Bisa ECER(<1KODI/20pcs).,termurah masker kain tali panjang free plastik bebas pilih warna bisa ecer 1kodi 20pcs,232318354,0.23299809572792954,0,0.2,False,False
20555,24829,1,pos,PEMBAYARAN KHUSUS SHOPPE LIVE,pembayaran khusus shoppe live,1716050103,PAYMENT 20.000,payment 20 000,1716050103,0.09694418444177504,0,0.0,False,True
23043,28918,1,pos,Koko pakistan umur 0-2thn original asli,koko pakistan umur 0 2thn original asli,1467236588,BAJU KOKO BAYI BAJU MUSLIM BAYI BAJU AQIQAH BAJU KOKO BAYI NEWBORN BAJU KOKO BAYI 0 6 BULAN,baju koko bayi baju muslim bayi baju aqiqah baju koko bayi newborn baju koko bayi 0 6 bulan,1467236588,0.14676872112035816,0,0.14285714285714285,False,False
11299,13258,1,pos,Koko syubbanul muslimin koko azzahir koko baju,koko syubbanul muslimin koko azzahir koko baju,1241012862,Kemeja batik pria kombinasi prada boh jarum emas,kemeja batik pria kombinasi prada boh jarum emas,1241012862,0.11230629169935574,0,0.0,False,False
5583,22995,1,pos,"READY STOK..!!! Obat Bikin GAIRAH Pulas Lama, asli perangsang perempuan-wanita-cewek 100% Original .",ready stok obat bikin gairah pulas lama asli perangsang perempuan wanita cewek 100 original,3821844360,NATURAWORLD BEUTY SPRAY/NBS SERUM/SETTING SPRAY,naturaworld beuty spray nbs serum setting spray,3821844360,0.05999447250510403,0,0.0,False,False
1733,19600,1,pos,MASKER TOTAL MED 3 ply,masker total med 3 ply,2874598379,SCUBA HITAM MASKER gramasi 250-270,scuba hitam masker gramasi 250 270,2874598379,0.20663386219803676,0,0.1,False,False
1733,4463,1,pos,MASKER TOTAL MED 3 ply,masker total med 3 ply,2874598379,Masker scuba gramasi 250-270,masker scuba gramasi 250 270,2874598379,0.22118202577580529,0,0.1111111111111111,False,False
15811,21892,1,pos,STATIONARY SET FREE BAG / SET ALAT TULIS ANAK SEKOLAH MOTIF KARTUN.,stationary set free bag set alat tulis anak sekolah motif kartun,2885860487,BOS183 SET ALAT TULIS 6 in 1/TAS SOUVENIR/ BINGKISAN ULANG TAHUN ANAK,bos183 set alat tulis 6 in 1 tas souvenir bingkisan ulang tahun anak,2885860487,0.2655551238432012,0,0.21052631578947367,False,False
900,19740,1,pos,PREWALKER BAYI PREMIUM IMPORT / KAOS KAKI ANTI SLIP(prewalker 1),prewalker bayi premium import kaos kaki anti slip prewalker 1,983258613,[Bayar Di Tempat]Cute Baby Boys Girls Anti-slip Cotton Soft Bottom Shoes First Walker 6 Colors,bayar di tempat cute baby boys girls anti slip cotton soft bottom shoes first walker 6 colors,983258613,0.24616395388081883,0,0.08333333333333333,False,False
12032,27653,1,pos,Techdoo Olahraga Tas Pinggang Lari Jogging GoBelt Double Paket Running Bag TPL02,techdoo olahraga tas pinggang lari jogging gobelt double paket running bag tpl02,2049141115,Single Bag Sport Waterproof Waist Tas Pinggang Sabuk Gesper Anti Air,single bag sport waterproof waist tas pinggang sabuk gesper anti air,2049141115,0.16211355801048935,0,0.15,False,False
7581,26729,1,pos,Artery Nugget Replacement Coil 0.4 \xce\xa9 ECERAN 1 Pc,artery nugget replacement coil 0 4 xce xa9 eceran 1 pc,2799912609,25pcs VOOPOO PnP-VM1Mesh Coil 0.3ohm Single Coil Head E Cigarette Replacement Coil VINCI RBA,25pcs voopoo pnp vm1mesh coil 0 3ohm single coil head e cigarette replacement coil vinci rba,2799912609,0.25390795725008763,0,0.13636363636363635,False,False
9893,16395,1,pos,(PROMO TERMURAH)Nestle MILO cube 100 pcs (PACKING KARDUS) EXP. Mei 2021,promo termurah nestle milo cube 100 pcs packing kardus exp mei 2021,4270945942,Milo Energy Cube 100pcs Per Pack !! FREE BUBBLE WRAP  !! Exp November 2020,milo energy cube 100pcs per pack free bubble wrap exp november 2020,4270945942,0.29681874856804175,0,0.14285714285714285,False,False
913,30072,1,pos,Tutup Pentil Nitex Mdl Bikers Full Cnc Beat Mio Aerox Nmax 2020 Xmax Scoopy Xeon PCX VARIO 125/150,tutup pentil nitex mdl bikers full cnc beat mio aerox nmax 2020 xmax scoopy xeon pcx vario 125 150,2536011925,TUTUP PENTIL NITEX GMA SEPEDA MOTOR & MOBIL,tutup pentil nitex gma sepeda motor mobil,2536011925,0.2921835159889605,0,0.13043478260869565,False,False
20434,25335,1,pos,Headphone Branded PPT-450 (wajib dengan Bubble Wrap),headphone branded ppt 450 wajib dengan bubble wrap,3196036201,Headset bando sony / mi / oppo extra bass handfree dj bando besar ada mic bisa telephone,headset bando sony mi oppo extra bass handfree dj bando besar ada mic bisa telephone,3196036201,0.17826435691542503,0,0.0,False,False
10663,19217,1,pos,JEPITAN GORENGAN / PENJEPIT GORENGAN TAHAN PANAS TERMURAH !! [ 100 GR],jepitan gorengan penjepit gorengan tahan panas termurah 100 gr,3814322323,[IMPORT] - Jepitan Tiris Gorengan 2in1 Stainless Steel 10x28 cm,import jepitan tiris gorengan 2in1 stainless steel 10x28 cm,3814322323,0.11102996288359804,0,0.13333333333333333,False,False
11963,32632,1,pos,Satu roll Tali rami / Goni aksesoris / dekorasi foto / label /tali serat nanas - souvenir,satu roll tali rami goni aksesoris dekorasi foto label tali serat nanas souvenir,2533528738,Hemp Rope / Tali Goni Vintage / Tali Rami Per Roll 50 Meter,hemp rope tali goni vintage tali rami per roll 50 meter,2533528738,0.20501686584984835,0,0.2222222222222222,False,False
18206,18699,1,pos,BAJU GAMIS DEWASA HANBOOK KOREA BATIK BAGUS MURAH OHBABY KEKINIAN SYARI BOLLERO CASUAL Wanita T H2J1,baju gamis dewasa hanbook korea batik bagus murah ohbaby kekinian syari bollero casual wanita t h2j1,1132134655,Ramadhani Dress ^ Tory Burch SF,ramadhani dress tory burch sf,1132134655,0.13216152871241327,0,0.0,False,False
18904,26923,1,pos,Tas lebaran selamat idul fitri,tas lebaran selamat idul fitri,680160207,Kantong Spunbond Idul Fitri BESAR ukuran 38 x 45 cm / Tas Goodie Bag Lebaran Bingkisan Parcel Murah,kantong spunbond idul fitri besar ukuran 38 x 45 cm tas goodie bag lebaran bingkisan parcel murah,680160207,0.2534824542799389,0,0.2222222222222222,False,False
3774,9096,1,pos,Metromart Mainan Puzzle Edukasi Anak Nail,metromart mainan puzzle edukasi anak nail,2091049617,296Pcs Puzzle Jigsaw Model Mushroom Nails 3D,296pcs puzzle jigsaw model mushroom nails 3d,2091049617,0.25503382051313805,0,0.08333333333333333,False,False
31024,33813,1,pos,Dari JAKARTA - Bisa COD \xe2\x98\x85 CAYMAN \xe2\x98\x85 Geneva Jam Tangan Wanita Jelly Rubber Women Silicon Watch SW101,dari jakarta bisa cod xe2 x98 x85 cayman xe2 x98 x85 geneva jam tangan wanita jelly rubber women silicon watch sw101,16933527,Jam tangan cewek J 253,jam tangan cewek j 253,16933527,0.15888838013411347,0,0.09523809523809523,False,False
9019,9020,1,pos,DIPAKAI TENTARA POLISI TNI POLRI POLDA PDH KUAT Sepatu Boots Pria C4G1 Sepatu Savety FASHION DISTRO,dipakai tentara polisi tni polri polda pdh kuat sepatu boots pria c4g1 sepatu savety fashion distro,965810677,Sepatu Boot Kondangan Formal Pria Kantor Kuliah Kerja P3B8 Sepatu Outdoor Asli Safety Kulit Murah Bo,sepatu boot kondangan formal pria kantor kuliah kerja p3b8 sepatu outdoor asli safety kulit murah bo,965810677,0.24908057688135699,0,0.07142857142857142,False,False
14819,23863,1,pos,BOYFRIEND JEANS  NONSTRETCH MURAH TWO TONE BOYFRIEND / ZIG LINE BOYFRIEND JEANS / MOUREEN FRINGE,boyfriend jeans nonstretch murah two tone boyfriend zig line boyfriend jeans moureen fringe,241619071,Theola Jeans,theola jeans,241619071,0.2712707934897844,0,0.09090909090909091,False,True
22105,28154,1,pos,ABA agen baju GAMIS POLOS CITRA EMBOS XL,aba agen baju gamis polos citra embos xl,2748003083,Sara Lace Dress,sara lace dress,2748003083,0.1448597178343481,0,0.0,False,True
26977,29313,1,pos,SEPATU KETS PRIA RZ 06,sepatu kets pria rz 06,198551902,New Arrival Sepatu Sneakers Pria A VANO 10,new arrival sepatu sneakers pria a vano 10,198551902,0.28868621939579364,0,0.18181818181818182,False,False
16883,20670,1,pos,Ck Translucent Jelly 18x21cm,ck translucent jelly 18x21cm,2808615044,Tas wanita chale dan keth 2 in 1 / Tas Jinjing / Tas Selempang / Fashion Bag  #10028,tas wanita chale dan keth 2 in 1 tas jinjing tas selempang fashion bag 10028,2808615044,0.04533331747664179,0,0.0,False,False
12910,29805,1,pos,"Kabel Data Original Oppo A37F, A3S, A5S, A39, F3, F5, A3S, A71, A83, NEO 7, A53, 2 Ampere",kabel data original oppo a37f a3s a5s a39 f3 f5 a3s a71 a83 neo 7 a53 2 ampere,1735172812,[ ORI 100%  ] KABEL DATA OPPO FAST CHARGING MICRO USB ORIGINAL,ori 100 kabel data oppo fast charging micro usb original,1735172812,0.2357203075459022,0,0.17391304347826086,False,False
26696,27621,1,pos,MARS - DRESS HAPPY FACE | HAPPY FACES,mars dress happy face happy faces,179698337,JNY.Co dress wink jumbo,jny co dress wink jumbo,179698337,0.23237486432620869,0,0.1111111111111111,False,False
17366,25818,1,pos,"b""Children's tableware set small wheat straw fork chopsticks fork three-piece set""",b children s tableware set small wheat straw fork chopsticks fork three piece set,3379486410,Alat Makan Set Jerami Wheat / Sendok Set Jerami Wheat 3 in 1,alat makan set jerami wheat sendok set jerami wheat 3 in 1,3379486410,0.23291754403769185,0,0.10526315789473684,False,False
13399,14923,1,pos,Ink7 Kemeja Stripe Pria,ink7 kemeja stripe pria,2231587178,KEMEJA STRIPE MEN LENGAN PENDEK [HITAM][NAVY][MAROON][HIJAU],kemeja stripe men lengan pendek hitam navy maroon hijau,2231587178,0.2808986343267281,0,0.18181818181818182,False,False
10592,14209,1,pos,Frisian Flag UHT Zuzhu Strawberry 6x6x115ml (Multipack),frisian flag uht zuzhu strawberry 6x6x115ml multipack,2144765642,[PROMO11.11] FRISIAN FLAG 115 ml MILKY UHT KARTONAN (ISI 36),promo11 11 frisian flag 115 ml milky uht kartonan isi 36,2144765642,0.24461571840954402,0,0.2,False,False
16988,24454,1,pos,Gt Man - 708 Mini Spandek - 3 Pcs - Multicolour,gt man 708 mini spandek 3 pcs multicolour,3926088941,Celana Dalam Pria GTman | pakaian dalam Gt man 708 | Gt-man mini spandek,celana dalam pria gtman pakaian dalam gt man 708 gt man mini spandek,3926088941,0.28251083850865677,0,0.38461538461538464,False,False
2890,7796,1,pos,KERUDUNG BABAT / KERUDUNG AL-HIKMAH / BERGO AL-HIKMAH,kerudung babat kerudung al hikmah bergo al hikmah,1339449631,Jilbab Al-Hikmah Premium / Jilbab Babat Premium By Fashilah,jilbab al hikmah premium jilbab babat premium by fashilah,1339449631,0.1840659175932463,0,0.3333333333333333,False,False
8353,18480,1,pos,Korek Kuping Bentuk Ikan Kartun Detachable untuk Anak / Dewasa,korek kuping bentuk ikan kartun detachable untuk anak dewasa,3656579120,EARPICK LED KARAKTER / PEMBERSIH TELINGA LED MOTIF OWL & FISH,earpick led karakter pembersih telinga led motif owl fish,3656579120,0.1218509135448213,0,0.0,False,False
19084,26338,1,pos,Khimar Monika / Jilbab pita/ Jilbab Cantik murah,khimar monika jilbab pita jilbab cantik murah,2462318945,PROMO!! MONICA JERSY SUPER,promo monica jersy super,2462318945,0.22428693234344454,0,0.0,False,False
7777,24065,1,pos,koepoe koepe sp / bahan kue SP / pengemulsi / baking mix 30 g,koepoe koepe sp bahan kue sp pengemulsi baking mix 30 g,2898703824,TBM kecil 35gr,tbm kecil 35gr,2898703824,0.05972075013515967,0,0.0,False,True
1330,20187,1,pos,Milk frother / pengocok / pengaduk buih susu,milk frother pengocok pengaduk buih susu,1807035330,HAND MIXER PAKAI BATERAI,hand mixer pakai baterai,1807035330,0.06849361661744091,0,0.0,False,False
9125,24562,1,pos,Alat cuci motor Mobil Ac Mesin cuci motor bagus (polos),alat cuci motor mobil ac mesin cuci motor bagus polos,553446970,\xe2\x9a\xa0\xef\xb8\x8fMaxPower 340psi Alat Cuci Motor \xf0\x9f\x87\xae\xf0\x9f\x87\xa9  Kualitas DijaminTerbaik Steam Jet Cleaner  Listrik AC/DC,xe2 x9a xa0 xef xb8 x8fmaxpower 340psi alat cuci motor xf0 x9f x87 xae xf0 x9f x87 xa9 kualitas dijaminterbaik steam jet cleaner listrik ac dc,553446970,0.21936259259497284,0,0.14814814814814814,False,False
17270,17271,1,pos,METERAN WARNA,meteran warna,1275791643,Meteran penjahit 150cm,meteran penjahit 150cm,1275791643,0.1867984703992676,0,0.25,False,True
8945,25051,1,pos,Fuze vivo y91 y17 y12 y15 y93 y95 y81 y83 y71 y53 v5 v7 y30 y50 v17 y11 s1 pro y69 y20 y12i CS881,fuze vivo y91 y17 y12 y15 y93 y95 y81 y83 y71 y53 v5 v7 y30 y50 v17 y11 s1 pro y69 y20 y12i cs881,2974535963,Silikon Softcase Tpu Casing Case Fuze Hybrid Matte Bumper Premium All type,silikon softcase tpu casing case fuze hybrid matte bumper premium all type,2974535963,0.06356164997640014,0,0.02857142857142857,False,False
17906,18154,1,pos,Smart Watch Anti Air dengan Monitor Detak Jantung / Tekanan Darah,smart watch anti air dengan monitor detak jantung tekanan darah,2622838302,ExhG\xe2\x9d\xa4\xe2\x9d\xa4\xe2\x9d\xa4High quality 116 PLUS Color Screen Smart Watch Heart Rate Blood Pressure Waterproof Fitness T,exhg xe2 x9d xa4 xe2 x9d xa4 xe2 x9d xa4high quality 116 plus color screen smart watch heart rate blood pressure waterproof fitness t,2622838302,0.2894133191597935,0,0.07407407407407407,False,False
17543,28940,1,pos,\xe2\x9c\xa8WG\xe2\x98\x9e Kaos T-Shirt Round Neck Lengan Panjang Motif Print Kartun Pelangi untuk Wanita,xe2 x9c xa8wg xe2 x98 x9e kaos t shirt round neck lengan panjang motif print kartun pelangi untuk wanita,983044057,BESS - Sweater Crop Murah Wanita / Sweater Crop RAINBOW,bess sweater crop murah wanita sweater crop rainbow,983044057,0.15761560723017617,0,0.043478260869565216,False,False
2780,7395,1,pos,lcd writing tablet / papan tulis lcd 8.5\xe2\x80\x9d,lcd writing tablet papan tulis lcd 8 5 xe2 x80 x9d,455564175,Mainan Edukatif Anak LCD Drawing Tablet 8.5 inches / Mainan Anak Laki-Laki dan Perempuan,mainan edukatif anak lcd drawing tablet 8 5 inches mainan anak laki laki dan perempuan,455564175,0.1817363653615979,0,0.2222222222222222,False,False
11994,28981,1,pos,Senter tangan tenteng senter multipungsi village 5720 cod,senter tangan tenteng senter multipungsi village 5720 cod,696358501,Senter Led 5 Watt dan Lampu Samping 30 SMD VILLAGE SENTER JUMBO FREE BUBBLE WRAP 5270,senter led 5 watt dan lampu samping 30 smd village senter jumbo free bubble wrap 5270,696358501,0.15941748751219634,0,0.1,False,False
4115,28039,1,pos,HCL Dress Yuki & Bergo - Dress Muslim Anak Perempuan - Busana Muslim Anak Perempuan,hcl dress yuki bergo dress muslim anak perempuan busana muslim anak perempuan,3059956762,SET GAMIS ANAK ARFAN KIDS,set gamis anak arfan kids,3059956762,0.11885679923489238,0,0.08333333333333333,False,False
15097,26887,1,pos,WEDGES SLOP KIKERS,wedges slop kikers,1568690317,Ikhlasia Sandal Wedges Wanita ELegan WG05,ikhlasia sandal wedges wanita elegan wg05,1568690317,0.14749834417943394,0,0.125,False,True
3106,9217,1,pos,Tudung Saji Lipat Alumunium Foil - Medium Ukuran 37cm x 37cm x15 cm,tudung saji lipat alumunium foil medium ukuran 37cm x 37cm x15 cm,1319225132,Tudung Saji Penahan Panas,tudung saji penahan panas,1319225132,0.16694680983728746,0,0.15384615384615385,False,False
1823,27695,1,pos,Tabita Ekonomis Kecil Lengkap Semua,tabita ekonomis kecil lengkap semua,2591192196,Paket Tabita Skin Care Original Besar,paket tabita skin care original besar,2591192196,0.14143125906905749,0,0.1,False,False
6785,16813,1,pos,12 pcs per set Kuas Make Up Tabung,12 pcs per set kuas make up tabung,164698800,MASKER WAJAH PREMIUM OAT BUBUK OHMYSKIN 65gr,masker wajah premium oat bubuk ohmyskin 65gr,164698800,0.036491366471333074,0,0.0,False,False
23043,29317,1,pos,Koko pakistan umur 0-2thn original asli,koko pakistan umur 0 2thn original asli,1467236588,BAJU KOKO BAYI TOYOBO KOKOBAYI KOKOANAK SETELAN ANAK BAYI PAKISTAN NEWBORN BAJU AQIQAH BEBIBUNG,baju koko bayi toyobo kokobayi kokoanak setelan anak bayi pakistan newborn baju aqiqah bebibung,1467236588,0.24555537180084583,0,0.11764705882352941,False,False
5449,7865,1,pos,Acnes toner,acnes toner,1176059503,Acnes Natural Care Milk Cleanser Oil Control 110 ml,acnes natural care milk cleanser oil control 110 ml,1176059503,0.2733190018891799,0,0.1,False,True
10837,20240,1,pos,Bra Tempel Invisible Push Up Tanpa Tali,bra tempel invisible push up tanpa tali,3331881058,Silikon payudara tak terlihat mengangkat bra/Tempel Dada Telinga kelinci/Baru Bra Strapless Backless,silikon payudara tak terlihat mengangkat bra tempel dada telinga kelinci baru bra strapless backless,3331881058,0.22626849765168097,0,0.1111111111111111,False,False
13177,29998,1,pos,Termurah Celana Blackhawk Tactical Outdoor Polisi PDL Cargo Pendek,termurah celana blackhawk tactical outdoor polisi pdl cargo pendek,3641533360,Celana Pendek Pria Surfing Distro Premium Renang Pantai Santai Kolor Cargo,celana pendek pria surfing distro premium renang pantai santai kolor cargo,3641533360,0.24003831851944496,0,0.17647058823529413,False,False
4749,20524,1,pos,nota live rame2 yg di lihat nominalnya aj y kk,nota live rame2 yg di lihat nominalnya aj y kk,1088087475,NOTA LIVE BAJU BRANDED ANAK ECER,nota live baju branded anak ecer,1088087475,0.2114576552385967,0,0.14285714285714285,False,False
19439,31760,1,pos,(PROMO) FH04 / Ganesha Tunik / Moscrepe / Tunik / Atasan Muslim Wanita,promo fh04 ganesha tunik moscrepe tunik atasan muslim wanita,647272739,APD/APRON DOKTER/JUBAH OPERASI/SURGICAL GOWN MEDIS,apd apron dokter jubah operasi surgical gown medis,647272739,0.050132079093835595,0,0.0,False,False
10006,13621,1,pos,GAMIS MONALISA PREMIUM/GAMIS MOTIF,gamis monalisa premium gamis motif,181942707,Set akar,set akar,181942707,0.09698337264620957,0,0.0,False,True
20961,32874,1,pos,SQUARE VOAL PREMIUM,square voal premium,3260448027,Hijab Paula LC,hijab paula lc,3260448027,0.042903792000771074,0,0.0,False,True
25405,33516,1,pos,[1-12 tahun] ALTHOF by Bos Kids Koko Anak Katun Madinah,1 12 tahun althof by bos kids koko anak katun madinah,579273273,Koko anak rayya syawal 1-5 tahun GUDANG.CLODI,koko anak rayya syawal 1 5 tahun gudang clodi,579273273,0.21878936212122038,0,0.25,False,False
22360,31633,1,pos,Big Sale Terbagus Gamis Anak Tanggung Mamanda Saleha Series Lebaran All White Size Umur 14-16 Th,big sale terbagus gamis anak tanggung mamanda saleha series lebaran all white size umur 14 16 th,3385944896,GAMIS JUMBO UKURAN L - XL - XXL  / GAMIS MURAH / GAMIS BUSUI / POLOS / GAMIS SYARI ( RENATA DRESS ),gamis jumbo ukuran l xl xxl gamis murah gamis busui polos gamis syari renata dress,3385944896,0.23449414461767276,0,0.03571428571428571,False,False
6526,13026,1,pos,Set Peralatan Makan Sendok Garpu Sumpit Kotak HCF31209,set peralatan makan sendok garpu sumpit kotak hcf31209,233895070,Sendok Set Jerami Wheat 3 in 1 Alat Makan Set Jerami Wheat,sendok set jerami wheat 3 in 1 alat makan set jerami wheat,233895070,0.150143610662382,0,0.21428571428571427,False,False
21111,28166,1,pos,Buli Buli Panas WWZ,buli buli panas wwz,459777608,Hot Water Bag / Kantong kompres air panas WWZ,hot water bag kantong kompres air panas wwz,459777608,0.19594503024003737,0,0.2222222222222222,False,False
7228,25966,1,pos,Headband Sport Hairband bandana elastis yoga gym Futsal Fitness basket olahraga unisex Pria Wanita,headband sport hairband bandana elastis yoga gym futsal fitness basket olahraga unisex pria wanita,3631627646,Sjxia-ikat Rambut Elastis Anti Slip Warna Permen untuk Pria / Wanita,sjxia ikat rambut elastis anti slip warna permen untuk pria wanita,3631627646,0.26814769805251254,0,0.13636363636363635,False,False
8176,27422,1,pos,CREAM HN KECIL 15GR /BELI 10 PAKET FREE 1 PAKET,cream hn kecil 15gr beli 10 paket free 1 paket,4139844552,Cream hn original ECER Sabun /toner/cream malam/ cream siang /serum = cream hetty nugrahati,cream hn original ecer sabun toner cream malam cream siang serum cream hetty nugrahati,4139844552,0.18759815407725997,0,0.1111111111111111,False,False
7204,7205,1,pos,0026 Keranjang Multifungsi bisa untuk tempat pakaian dan mainan anak - white flaminggo,0026 keranjang multifungsi bisa untuk tempat pakaian dan mainan anak white flaminggo,523074739,Keranjang Baju Kotor / tempat baju kotor  Motif Lucu,keranjang baju kotor tempat baju kotor motif lucu,523074739,0.1410375247123392,0,0.125,False,False
7365,33199,1,pos,Sepatuafa - Zein Mika Kaca High Woman Heels,sepatuafa zein mika kaca high woman heels,4077671296,MEMO QUEN - RAISA HEELS KACA TRANSPARAN PREMIUM 5 CM [REAL PICT],memo quen raisa heels kaca transparan premium 5 cm real pict,4077671296,0.21215215972065576,0,0.125,False,False
23654,33546,1,pos,Panci Mie Stainless Steel Paling Murah,panci mie stainless steel paling murah,1788366724,Panci susu mie murah indomie rebus serbaguna souvenir acara pernikahan khitan umroh,panci susu mie murah indomie rebus serbaguna souvenir acara pernikahan khitan umroh,1788366724,0.2160632631508333,0,0.2,False,False
644,30747,1,pos,RANSEL KUCING NGINTIP 4IN1 BESTSELLER,ransel kucing ngintip 4in1 bestseller,3830005035,[LOKAL] DOMMO - D1122 TAS MISCAT Dari Jakarta Tas Ransel Backpack Tas Sekolah morymony,lokal dommo d1122 tas miscat dari jakarta tas ransel backpack tas sekolah morymony,3830005035,0.04578827432802947,0,0.06666666666666667,False,False
8208,30759,1,pos,Dr pure Night Cream 20gram,dr pure night cream 20gram,3225705412,DR PURE SET pisah siang dan malam,dr pure set pisah siang dan malam,3225705412,0.2457081920263462,0,0.2,False,False
10769,22501,1,pos,RESTOCK! TERMURAH! ORI ARMANI SILK VENESIA/FRILL MAXY BY HANA,restock termurah ori armani silk venesia frill maxy by hana,1386837816,PROMO MA maxi katun jepang terlaris,promo ma maxi katun jepang terlaris,1386837816,0.24548180646318768,0,0.0,False,False
13879,22920,1,pos,Original Vinci air Authentic,original vinci air authentic,3576488720,VOOPOO VINCI AIR,voopoo vinci air,3576488720,0.28361249211783784,0,0.4,False,True
8947,26757,1,pos,NEW ARRIVAL DISTRO BATIK PRIA SOGAN HRB026 BATIKAF NOTOARTO BATIK IPNU-IPPNU HEM PRIA Bel,new arrival distro batik pria sogan hrb026 batikaf notoarto batik ipnu ippnu hem pria bel,1784517801,New Kemejapria Lengan Panjang 848VO Kemeja Pilot Pangkat PDL Teknisi P Ke 4029YS Kemeja Batik Pria G,new kemejapria lengan panjang 848vo kemeja pilot pangkat pdl teknisi p ke 4029ys kemeja batik pria g,1784517801,0.15399395366200777,0,0.11538461538461539,False,False
17130,27826,1,pos,"Batrai jam tangan maxell | 626 |  realpic, harga murah, cocok untuk semua jam tangan",batrai jam tangan maxell 626 realpic harga murah cocok untuk semua jam tangan,2212256143,[ ECER ] Refill Isi Pulpen Frixion Pilot 0.7/0.5,ecer refill isi pulpen frixion pilot 0 7 0 5,2212256143,0.03241375490041646,0,0.0,False,False
17021,20897,1,pos,PROMO Termurah Ready Siap kirim Mie Goreng Bon Cabe Level 15 Original Bisa COD,promo termurah ready siap kirim mie goreng bon cabe level 15 original bisa cod,191430859,Mie kobe bon cabe lvl 15 free Bubble wrap,mie kobe bon cabe lvl 15 free bubble wrap,191430859,0.25540889597764005,0,0.21052631578947367,False,False
10756,20852,1,pos,Nori tao kae noi crispy seaweed big sheet,nori tao kae noi crispy seaweed big sheet,2919415931,ECERAN Tao Kae Noi Big Sheet Classic Original Snack Rumput Laut Produk Import Thailand - 4gr,eceran tao kae noi big sheet classic original snack rumput laut produk import thailand 4gr,2919415931,0.28316017759960094,0,0.2777777777777778,False,False
13483,17130,1,pos,ISI PEN PILOT HI TEC-C REFILL HITEC 0.25/0.3/0.4,isi pen pilot hi tec c refill hitec 0 25 0 3 0 4,2212256143,"Batrai jam tangan maxell | 626 |  realpic, harga murah, cocok untuk semua jam tangan",batrai jam tangan maxell 626 realpic harga murah cocok untuk semua jam tangan,2212256143,0.03631985743057402,0,0.0,False,False
23946,30825,1,pos,Tas Totebag kpop Motiv Saranghaeyo Dan Motiv Camera,tas totebag kpop motiv saranghaeyo dan motiv camera,4180360159,TOTEBAG KPOP PAKAI RESLETING / TOTE BAG KPOP / EXO / BIGBANG / BTS / GOT7 / SEVENTEEN/ IKON,totebag kpop pakai resleting tote bag kpop exo bigbang bts got7 seventeen ikon,4180360159,0.25272995360045925,0,0.11764705882352941,False,False
3321,23635,1,pos,DRINK PHONE GRIP Motif Bobba Bubble Tea Sbucks Coca Cola Pepsi Griptok Phone Holder Grip Glitter,drink phone grip motif bobba bubble tea sbucks coca cola pepsi griptok phone holder grip glitter,490317113,Popsocket Quicksand Cute Kitty Bear Cony Phone Holder Expanding Stand Finger Holder iPhone OPPO VIVO XIAOMI REDMI SAMSUNG,popsocket quicksand cute kitty bear cony phone holder expanding stand finger holder iphone oppo vivo xiaomi redmi samsung,490317113,0.2708082619932023,0,0.06896551724137931,False,False
2235,22983,1,pos,READY STOCK SESUAI VARIAN 2PLY/KAIN,ready stock sesuai varian 2ply kain,4010150654,Masker Kain 2 Ply 3 Ply Katun Polos,masker kain 2 ply 3 ply katun polos,4010150654,0.22065205659761244,0,0.08333333333333333,False,False
1992,4765,1,pos,[KOKO YUNUS SC] baju koko pria katun var warna,koko yunus sc baju koko pria katun var warna,1367471899,Koko Pakistan / Atasan Pria lengan 3/4 / Warna Navy,koko pakistan atasan pria lengan 3 4 warna navy,1367471899,0.25513295475168374,0,0.21428571428571427,False,False
24551,30560,1,pos,AFI Ikat Pinggang Strap Kepang Tipis Bahan Jalinan Tambang,afi ikat pinggang strap kepang tipis bahan jalinan tambang,1003252496,Belt  fashion,belt fashion,1003252496,0.25322395256088515,0,0.0,False,True
10364,26655,1,pos,HIJAB DENAY KW TERBARU TERMURAH / MOTIF DUSTY,hijab denay kw terbaru termurah motif dusty,3260448027,PAULA \xc2\xa6 Mylady hijab,paula xc2 xa6 mylady hijab,3260448027,0.19854791076992262,0,0.09090909090909091,False,False
8870,18740,1,pos,SERBET RAHAYU WARNA,serbet rahayu warna,1189638493,SERBET CAP  BINTANG PRODUKSI,serbet cap bintang produksi,1189638493,0.15155072828842528,0,0.16666666666666666,False,True
12223,20441,1,pos,Anting bunga tusuk aksen - aksesoris anting - anting tusuk - ningrum.id,anting bunga tusuk aksen aksesoris anting anting tusuk ningrum id,425970508,Korea Anting Tusuk Wanita Elegan dengan Hiasan Kristal Berlian Imitasi,korea anting tusuk wanita elegan dengan hiasan kristal berlian imitasi,425970508,0.2548672935868,0,0.13333333333333333,False,False
3268,15932,1,pos,YANG LAGI HITS Celana Chino Pendek Pria Army Loreng Ufc Venum Mma Pantai Gym Lari Fitnes,yang lagi hits celana chino pendek pria army loreng ufc venum mma pantai gym lari fitnes,1033947255,Sz 28-34 Celana Pria GANTLEMEN BOY Normal Size ARM Man Sobek Bikers Wisker Distro Softjeans Melar,sz 28 34 celana pria gantlemen boy normal size arm man sobek bikers wisker distro softjeans melar,1033947255,0.1618617824468101,0,0.06451612903225806,False,False
6889,18949,1,pos,[FREYEL] Pinset Capit / APSC01,freyel pinset capit apsc01,179508880,Pinset / penjepit stainless,pinset penjepit stainless,179508880,0.27099741128580335,0,0.16666666666666666,False,True
12356,24479,1,pos,TERMURAH !!! Knalpot HKS Serigala suara dijamin,termurah knalpot hks serigala suara dijamin,4138426580,Knalpot mobil HKS Aungan srigala gugug elf truck canter l300 solar disel jetbus dll,knalpot mobil hks aungan srigala gugug elf truck canter l300 solar disel jetbus dll,4138426580,0.24817936576058203,0,0.1111111111111111,False,False
16334,22875,1,pos,(Bisa cod)Dikirim dari Jakarta - BAYAR DITEMPAT Jam Tangan Geneva Unisex Rubber Jam Fashion Murah,bisa cod dikirim dari jakarta bayar ditempat jam tangan geneva unisex rubber jam fashion murah,16933527,JAM Kode 114 Casseries,jam kode 114 casseries,16933527,0.09119055207634878,0,0.058823529411764705,False,False
17467,19280,1,pos,OTG Android Robot,otg android robot,512890289,Otg mini micro,otg mini micro,512890289,0.21475421610771717,0,0.2,False,True
506,31683,1,pos,BATIK MARTAKA PENNA,batik martaka penna,961933415,Pripoen Batik Kemeja Pria Lengan Panjang FLSHSL1807 Batik Kenongo Manggar Seno Parang Ageng Kantoran,pripoen batik kemeja pria lengan panjang flshsl1807 batik kenongo manggar seno parang ageng kantoran,961933415,0.10838322460545402,0,0.06666666666666667,False,True
5213,30436,1,pos,Popular Fashion Women Nylon Shoulder Bag/Tas Selempang waterproof J13M,popular fashion women nylon shoulder bag tas selempang waterproof j13m,277379401,(TV-27) Charming Daily Slingbag / Tas Selempang Import Wanita,tv 27 charming daily slingbag tas selempang import wanita,277379401,0.16889836535773725,0,0.11764705882352941,False,False
7309,9694,1,pos,Mainan Kotak Musik Putar Tangan Bahan Akrilik Warna Emas,mainan kotak musik putar tangan bahan akrilik warna emas,174533562,Exquisite Clear Acrylic Square Gold Hand Cranked Gurdy 18 Note Music Box Play Castle in the Sky,exquisite clear acrylic square gold hand cranked gurdy 18 note music box play castle in the sky,174533562,0.25705339770507396,0,0.0,False,False
17970,28572,1,pos,MASKER KAIN NON MEDIS 3 PLY MOTIF READY STOCK (PART 2) BY AZHANIA,masker kain non medis 3 ply motif ready stock part 2 by azhania,2494171542,MASKER KAIN 3 LAPIS LUBANG FILTER EARLOOP / HEADLOOP HIJAB KATUN ADEM,masker kain 3 lapis lubang filter earloop headloop hijab katun adem,2494171542,0.16847244374444423,0,0.14285714285714285,False,False
3774,29397,1,pos,Metromart Mainan Puzzle Edukasi Anak Nail,metromart mainan puzzle edukasi anak nail,2091049617,Creative Mosaic,creative mosaic,2091049617,0.13590337686173415,0,0.0,False,True
20777,27487,1,pos,celana kolor UNISEX fit to L/XL,celana kolor unisex fit to l xl,1423655715,CELANA RUNNING FUTSAL OLAHRAGA AD01 #NEWITEM#,celana running futsal olahraga ad01 newitem,1423655715,0.1691894139929206,0,0.08333333333333333,False,False
10565,21847,1,pos,Masker KN95 Filter Aneka Warna (5ply),masker kn95 filter aneka warna 5ply,215714332,Katup Kn95 1pc Buku,katup kn95 1pc buku,215714332,0.22057224615020654,0,0.1111111111111111,False,False
1047,29666,1,pos,[100gr] T253 | COVER KULKAS |TAPLAK KULKAS SERBAGUNA,100gr t253 cover kulkas taplak kulkas serbaguna,2768521898,Taplak kulkas waterproof dengan kantong storage pouch,taplak kulkas waterproof dengan kantong storage pouch,2768521898,0.19653430316364032,0,0.18181818181818182,False,False
23735,26415,1,pos,Bawang merah Brebes 1kg,bawang merah brebes 1kg,731755076,DNatural Bawang merah(1000gr ),dnatural bawang merah 1000gr,731755076,0.22965898787493028,0,0.3333333333333333,False,False
21340,25691,1,pos,SR 2000mAh Power Cooling Fan Gamepad Hand Grip For Mobile,sr 2000mah power cooling fan gamepad hand grip for mobile,2685564448,Gamepad SR Triger L1 R1 (Kipas + Powerbank),gamepad sr triger l1 r1 kipas powerbank,2685564448,0.25371292933118744,0,0.13333333333333333,False,False
2669,4925,1,pos,ORIGINAL MS BLACK (FREE TUMBLER),original ms black free tumbler,3310127204,MS Black - MS GLOW BEAUTY,ms black ms glow beauty,3310127204,0.2160887746590401,0,0.2857142857142857,False,False
2639,13908,1,pos,GAMIS POKITA MAXY MOSCREPE,gamis pokita maxy moscrepe,2685099437,GAMIS WOLFIS BASIC POLOS TERLARIS,gamis wolfis basic polos terlaris,2685099437,0.22277395915578327,0,0.125,False,False
18986,25662,1,pos,Tas Selempang Waistbag Keren Murah COD,tas selempang waistbag keren murah cod,768497034,MLP Black Original,mlp black original,768497034,0.07336707845004534,0,0.0,False,True
4074,14875,1,pos,[BUKUFABOOKLOUS OOTB JAKARTA]-ARAH MUSIM,bukufabooklous ootb jakarta arah musim,1264436581,[Mizan Jakarta] Arah Musim - Kurniawan Gunadi,mizan jakarta arah musim kurniawan gunadi,1264436581,0.21615622104384366,0,0.375,False,False
12751,30978,1,pos,SCALEN | Size 34B-40B | Bra Tanpa Kawat SCALEN 0286,scalen size 34b 40b bra tanpa kawat scalen 0286,146808584,BUNGALILY - BH 0286 SUPER SOFT TANPA KAWAT BUSA TIPIS BRA HARIAN,bungalily bh 0286 super soft tanpa kawat busa tipis bra harian,146808584,0.15829688649523396,0,0.26666666666666666,False,False
4732,13640,1,pos,Koko kurta berkualitas./ Koko qurta Agam pakistan,koko kurta berkualitas koko qurta agam pakistan,4204605666,CLZ-22 Baju Koko Pria Muslim Gus Azmi Syubbanul Muslimin Kombinasi Hadroh Azzahir Hilwa Ala Santri M,clz 22 baju koko pria muslim gus azmi syubbanul muslimin kombinasi hadroh azzahir hilwa ala santri m,4204605666,0.2658132895201704,0,0.045454545454545456,False,False
20794,24303,1,pos,"Lifree extra serap,confidence pants M20,L16,XL12",lifree extra serap confidence pants m20 l16 xl12,2470288007,LIFREE Pants M / L / XL Isi 1Pcs,lifree pants m l xl isi 1pcs,2470288007,0.18704620147121015,0,0.15384615384615385,False,False
8679,26800,1,pos,Big Sale Terbagus Gamis Anak Tanggung Mamanda Saleha Series Lebaran All White Size Umur 14-18 Th,big sale terbagus gamis anak tanggung mamanda saleha series lebaran all white size umur 14 18 th,2718616755,Gamis Anak Perempuan 11tahun 12tahun 13tahun 14tahun Murah Dres Terbaru Maya SYARI KIDS,gamis anak perempuan 11tahun 12tahun 13tahun 14tahun murah dres terbaru maya syari kids,2718616755,0.13771150043265268,0,0.07142857142857142,False,False
5036,25304,1,pos,Food Tongs / PENJEPIT MAKANAN / GORENGAN / BBQ,food tongs penjepit makanan gorengan bbq,4009087620,[CAERE]Silicone Cooking Salad Stainless Steel Handle Serving BBQ Tongs Kitchen Utensil,caere silicone cooking salad stainless steel handle serving bbq tongs kitchen utensil,4009087620,0.2750632321281959,0,0.125,False,False
6284,29876,1,pos,Penyangga Kamera GoPro Hero 8 / 7 Bahan Plastik Warna Hitam,penyangga kamera gopro hero 8 7 bahan plastik warna hitam,1746993187,"\xe3\x80\x90 COD \xe3\x80\x91Braket Tali Kamera Pengikat Kamera Helm Hitam,Aksesoris Sepeda",xe3 x80 x90 cod xe3 x80 x91braket tali kamera pengikat kamera helm hitam aksesoris sepeda,1746993187,0.18305138661630888,0,0.1,False,False
4297,18867,1,pos,(RANDOM) 1 pc Baby Kenaz Topi Bayi,random 1 pc baby kenaz topi bayi,419246877,Topi bayi Newborn Baby Needs,topi bayi newborn baby needs,419246877,0.27498126775017395,0,0.3333333333333333,False,False
22332,31430,1,pos,Koko Batik Fashion Muslim Kombinasi C07 Al Haramain Hijau M/L/XL Dewasa,koko batik fashion muslim kombinasi c07 al haramain hijau m l xl dewasa,3017519116,Sarung celana lurik arjuna | sarung celena batik | sarung celana,sarung celana lurik arjuna sarung celena batik sarung celana,3017519116,0.19327620453938513,0,0.05555555555555555,False,False
16464,17294,1,pos,ICE N8 PLUS,ice n8 plus,2889946990,Softlens N8+ / Big eyes / Exoticon + FREE LENSCASE,softlens n8 big eyes exoticon free lenscase,2889946990,0.20519862687813845,0,0.1111111111111111,False,True
8176,27301,1,pos,CREAM HN KECIL 15GR /BELI 10 PAKET FREE 1 PAKET,cream hn kecil 15gr beli 10 paket free 1 paket,4139844552,Krim glowing HN 15gram,krim glowing hn 15gram,4139844552,0.2899450745087641,0,0.08333333333333333,False,False
3536,8695,1,pos,Salep hl Pi kang Wang bkw Bayer dihon 20g besar salep kulit gatal,salep hl pi kang wang bkw bayer dihon 20g besar salep kulit gatal,167586954,Pikangwang/pi kang wang tube,pikangwang pi kang wang tube,167586954,0.1563298413586848,0,0.21428571428571427,False,False
4744,27216,1,pos,Gamis Khimar Khasanah Syari Wollpeach Pet Antem Busui Longdress Maxi Ori Kanza Murah,gamis khimar khasanah syari wollpeach pet antem busui longdress maxi ori kanza murah,3203369806,Gamis wolfis renda  set jilbab+cadar,gamis wolfis renda set jilbab cadar,3203369806,0.2729284214343099,0,0.05555555555555555,False,False
10138,22004,1,pos,Promo(30*40)Tas kain lebaran/selamat hari raya isi 12pcs terlaris dan murah(promo) habisin stok,promo 30 40 tas kain lebaran selamat hari raya isi 12pcs terlaris dan murah promo habisin stok,2906949172,Goodie Bag Idul Fitri 38cm x 45cm x 10cm[Harga per pcs] - Handle Idul Fitri - Goody bag Idul Fitri,goodie bag idul fitri 38cm x 45cm x 10cm harga per pcs handle idul fitri goody bag idul fitri,2906949172,0.09096736283866683,0,0.0,False,False
11132,20199,1,pos,IU Sweater Kaos Casual Lengan Panjang dengan Gambar Kartun Gajah untuk Bayi,iu sweater kaos casual lengan panjang dengan gambar kartun gajah untuk bayi,4128979858,BAJU ANAK SWEATER Clock Elephant 1 - 8 Tahun MAXKENZO Baju Anak BerKualitas,baju anak sweater clock elephant 1 8 tahun maxkenzo baju anak berkualitas,4128979858,0.2541878083964153,0,0.047619047619047616,False,False
21841,27657,1,pos,FLEXIBLE BITS (Jhum) Ekstensi Mata Bor/Obeng Elektrik Dengan Bahan Fleksibel,flexible bits jhum ekstensi mata bor obeng elektrik dengan bahan fleksibel,3440859311,295mm Flexible Shaft Bit Extention Screwdriver Drill Bit Holder Connect Link for Electronic Drill,295mm flexible shaft bit extention screwdriver drill bit holder connect link for electronic drill,3440859311,0.2498689195112769,0,0.045454545454545456,False,False
15134,21348,1,pos,\xef\xbc\x88FREE BOX Baterai\xef\xbc\x89JAM TANGAN PRIA IMPOR jamtangan Tahan air\xef\xbc\x88GROSIR BUY 10 GET1\xef\xbc\x89,xef xbc x88free box baterai xef xbc x89jam tangan pria impor jamtangan tahan air xef xbc x88grosir buy 10 get1 xef xbc x89,2475641759,TERBARU DAN TERPOPULER 2020 JAM TANGAN SPORT IMPORT PRIA DUAL-TIME WATER RESISTANT,terbaru dan terpopuler 2020 jam tangan sport import pria dual time water resistant,2475641759,0.13844596512469698,0,0.07142857142857142,False,False
14130,21986,1,pos,Cap Kapal Garam Beryodium 250 gr Murah,cap kapal garam beryodium 250 gr murah,32947336,garam cap kapal 250gr dan 500gr / tokomakmuronline,garam cap kapal 250gr dan 500gr tokomakmuronline,32947336,0.2034972337006037,0,0.2727272727272727,False,False
1732,9954,1,pos,SG1706 syafniegalery mail bag impor tas selempang segi empat tas kulit wanita tas santai 120481 1592,sg1706 syafniegalery mail bag impor tas selempang segi empat tas kulit wanita tas santai 120481 1592,581716855,CT3592 - RESTOCK JAN (2TAS BISA 1KG) 4WARNA L1592 K8942 E290 TAS SELEMPANG WANITA FASHION IMPOR,ct3592 restock jan 2tas bisa 1kg 4warna l1592 k8942 e290 tas selempang wanita fashion impor,581716855,0.2969665613044615,0,0.16,False,False
19203,27650,1,pos,"Kabel HDMI High Speed to mini HDMI Cable ver 1.4, 4K, 1080P, 3D, Gold - Merk TREQ",kabel hdmi high speed to mini hdmi cable ver 1 4 4k 1080p 3d gold merk treq,2602533565,Kabel Hdmi extension 30cm HDMI Male to Hdmi Female 30 cm,kabel hdmi extension 30cm hdmi male to hdmi female 30 cm,2602533565,0.2660964589686565,0,0.13636363636363635,False,False
3521,33599,1,pos,\xe2\x9a\xa0\xef\xb8\x8f[ PROMO ]\xe2\x9a\xa0\xef\xb8\x8f ALL TYPE TEMPERED GLASS BENING XIAOMI / OPPO / VIVO / SAMSUNG / REALME / IPHONE NOPACK,xe2 x9a xa0 xef xb8 x8f promo xe2 x9a xa0 xef xb8 x8f all type tempered glass bening xiaomi oppo vivo samsung realme iphone nopack,731765393,TEMPERED GLASS BENING VIVO Y12 Y15 Y17 Y3 S1 Y81 Y83 Y90 Y91C Y91 Y93 Y95 V5 V5+ V7 V11i V11 PRO,tempered glass bening vivo y12 y15 y17 y3 s1 y81 y83 y90 y91c y91 y93 y95 v5 v5 v7 v11i v11 pro,731765393,0.177915710269593,0,0.1111111111111111,False,False
4560,15642,1,pos,V Comb Vakum Sisir Kutu / Vacum Penghilang Kutu Teknologi Terbaru,v comb vakum sisir kutu vacum penghilang kutu teknologi terbaru,829820311,Alat pembersih kutu dan telurnya,alat pembersih kutu dan telurnya,829820311,0.22235528807335797,0,0.07692307692307693,False,False
22241,33202,1,pos,LT1466 B88090 COD Tas Selempang Wanita  Fashion Terbaru Ransel Import Korea Murah Grosiran Store,lt1466 b88090 cod tas selempang wanita fashion terbaru ransel import korea murah grosiran store,1978070363,Tas Selempang Model Bucket dengan Bahan Kulit PU dan Warna Polos,tas selempang model bucket dengan bahan kulit pu dan warna polos,1978070363,0.18435093675313646,0,0.08695652173913043,False,False
19997,31986,1,pos,Tas Ransel Laptop Anti Maling Theft Smart Backpack USB Charger,tas ransel laptop anti maling theft smart backpack usb charger,2970350839,TAS PRIA RANSEL PUNGGUNG MURAH I1Q5 TUMI Alpha Bravo Kelley Sling Blac sling bag leba TERMURAH F8B6,tas pria ransel punggung murah i1q5 tumi alpha bravo kelley sling blac sling bag leba termurah f8b6,2970350839,0.14649678896335322,0,0.08333333333333333,False,False
22330,22332,1,pos,Sarung celana jokowi | celana sarung bin affan | sarung tenun wayang,sarung celana jokowi celana sarung bin affan sarung tenun wayang,3017519116,Koko Batik Fashion Muslim Kombinasi C07 Al Haramain Hijau M/L/XL Dewasa,koko batik fashion muslim kombinasi c07 al haramain hijau m l xl dewasa,3017519116,0.15795728458534353,0,0.0,False,False
6295,28125,1,pos,Freeman Feeling Beautiful Brightening Green Tea & Orange Blossom Peel-Off Gel Mask 175 mL,freeman feeling beautiful brightening green tea orange blossom peel off gel mask 175 ml,3445494442,FREEMAN Mask 175ML Ready All Varian (Original 100%),freeman mask 175ml ready all varian original 100,3445494442,0.26295398165740674,0,0.1,False,False
17673,31867,1,pos,TOP MARKET ID - ANTING 6 PASANG DALAM 1  ANTING KOREA AKSESORIS XINYIA / ANTING TERLARIS,top market id anting 6 pasang dalam 1 anting korea aksesoris xinyia anting terlaris,2139199652,ACC072 Anting One week Korea simple creative earrings box of 6 pairs 10gr,acc072 anting one week korea simple creative earrings box of 6 pairs 10gr,2139199652,0.11346725413391184,0,0.13636363636363635,False,False
4566,16401,1,pos,Airin Brightening Night Cream,airin brightening night cream,3660863051,Airnderm Aesthetic Moisturizer Cream,airnderm aesthetic moisturizer cream,3660863051,0.2464962796210101,0,0.14285714285714285,False,False
5778,31986,1,pos,Tas ransel cowok  BACKPACK ANTI MALING - THEFT & ANTI AIR bagian depan tas - USB SLOT,tas ransel cowok backpack anti maling theft anti air bagian depan tas usb slot,2970350839,TAS PRIA RANSEL PUNGGUNG MURAH I1Q5 TUMI Alpha Bravo Kelley Sling Blac sling bag leba TERMURAH F8B6,tas pria ransel punggung murah i1q5 tumi alpha bravo kelley sling blac sling bag leba termurah f8b6,2970350839,0.208541176644262,0,0.07692307692307693,False,False
2612,12373,1,pos,(FREE GIFT-BISA COD) MASKER ORGANIK PETAL BY CLOUNSY 15gr,free gift bisa cod masker organik petal by clounsy 15gr,1603219980,(DIST. RESMI)l BPOM MASKER BUBUK BY LEA GLORIA 20GR (BISA COD),dist resmi l bpom masker bubuk by lea gloria 20gr bisa cod,1603219980,0.18589668322823752,0,0.2222222222222222,False,False
31852,33081,1,pos,RUFFLE CARDIGAN / KARDIGAN WANITA / CARDIGAN WANITA/ OUTER WANITA / KARDIGAN POLOS / OUTER POLOS,ruffle cardigan kardigan wanita cardigan wanita outer wanita kardigan polos outer polos,48363793,1KG MUAT 7PCS || (FREE BELT) KANAYA OUTER / KARDIGAN MOSCREPE POLOS REMPEL,1kg muat 7pcs free belt kanaya outer kardigan moscrepe polos rempel,48363793,0.2482955786598779,0,0.21428571428571427,False,False
4587,31640,1,pos,Topi pet patino sutradara,topi pet patino sutradara,2862309166,Topi Pet | Flat Cap | Topi Pelukis | Topi Kodok | Newsboy Cap | Topi Copet,topi pet flat cap topi pelukis topi kodok newsboy cap topi copet,2862309166,0.15406104396310402,0,0.2,False,False
2233,19629,1,pos,"Pashmina Malaysia, Pashmina 180 x 75 cm, Original Heavy chiffon ORIGINAL, pashmina 100% REAL PICT",pashmina malaysia pashmina 180 x 75 cm original heavy chiffon original pashmina 100 real pict,3729890874,PASMINA POLOS MURAH SABYAN 75\xc3\x97170 HAMIDAH ORI SERUTY BABY DOOL,pasmina polos murah sabyan 75 xc3 x97170 hamidah ori seruty baby dool,3729890874,0.13235088308870854,0,0.043478260869565216,False,False
11592,22349,1,pos,Fasoion Kacamata\xef\xbc\x9aBingkai Besar Anti Sinar Biru Radiasi Komputer Kacamata Membaca Eyeglasses,fasoion kacamata xef xbc x9abingkai besar anti sinar biru radiasi komputer kacamata membaca eyeglasses,3958038320,OSM - F406 Kacamata Telinga Kucing / Kacamata Style Korea / Bingkai Retro Bulat /Kacamata Cute Style,osm f406 kacamata telinga kucing kacamata style korea bingkai retro bulat kacamata cute style,3958038320,0.2681321973730035,0,0.043478260869565216,False,False
4723,18247,1,pos,Selang PU Orange ukuran 6mm x 4 mm cap Mata Tebal,selang pu orange ukuran 6mm x 4 mm cap mata tebal,34091032,SELANG PU 6MM (4 X 6MM) PNEUMATIC POLYURETHANE SPRAYER KABUT KANDANG JAMUR GRENHOUSE,selang pu 6mm 4 x 6mm pneumatic polyurethane sprayer kabut kandang jamur grenhouse,34091032,0.25144236956615507,0,0.2777777777777778,False,False
7657,31927,1,pos,ACOME\xc2\xa0Kabel\xc2\xa0Data\xc2\xa0iPhone 100cm AiC\xc2\xa0Fast\xc2\xa0Charging\xc2\xa0Garansi\xc2\xa0Resmi\xc2\xa01 Thn\xc2\xa0original\xc2\xa0Cable ASL-010,acome xc2 xa0kabel xc2 xa0data xc2 xa0iphone 100cm aic xc2 xa0fast xc2 xa0charging xc2 xa0garansi xc2 xa0resmi xc2 xa01 thn xc2 xa0original xc2 xa0cable asl 010,4047365486,KHANZAACC ACOME ASC010 Kabel Data/Charger Type-C 100cm Fast Charging 3A,khanzaacc acome asc010 kabel data charger type c 100cm fast charging 3a,4047365486,0.24465387995963528,0,0.07407407407407407,False,False
13101,33851,1,pos,NAT C 1000 MENINGKATKAN DAYA TAHAN TUBUH ISI 30 TABLETS,nat c 1000 meningkatkan daya tahan tubuh isi 30 tablets,2819245891,NAT C 1000 ISI 30 TAB MEGAWECARE PRODUK ORIGINAL,nat c 1000 isi 30 tab megawecare produk original,2819245891,0.2825568359302024,0,0.35714285714285715,False,False
13267,19950,1,pos,Bor Elektrik Tahan Debu dengan Tobol Pengontrol Kecepatan,bor elektrik tahan debu dengan tobol pengontrol kecepatan,3961903039,weijiao Saklar Tombol Tekan Elektrik Anti Debu DC 7.2-24v id,weijiao saklar tombol tekan elektrik anti debu dc 7 2 24v id,3961903039,0.298341634409252,0,0.1111111111111111,False,False
411,32470,1,pos,SG86108 syafniegalery handbag tasbatam impor tas kerja tas kantoran persit tas guru bestseller 1493,sg86108 syafniegalery handbag tasbatam impor tas kerja tas kantoran persit tas guru bestseller 1493,3318116205,TAS SELEMPANG WANITA TF3035 L468 T1346 Q2370 D819561 TAS HANDBAG TERMURAH TASFASHION10 TAS FASHION,tas selempang wanita tf3035 l468 t1346 q2370 d819561 tas handbag termurah tasfashion10 tas fashion,3318116205,0.070183497394891,0,0.09090909090909091,False,False
9347,15438,1,pos,"5Pcs Sedotan Model Lurus, Dapat Dipakai Ulang",5pcs sedotan model lurus dapat dipakai ulang,1802766193,LC Sedotan Stainless RAINBOW Set Isi 3 + Sikat + Pouch Cantik - Stainless Straw,lc sedotan stainless rainbow set isi 3 sikat pouch cantik stainless straw,1802766193,0.07062770812117308,0,0.058823529411764705,False,False
5333,8471,1,pos,BH Bra Menyusui Guini Busa tanpa Kawat - 022.4317,bh bra menyusui guini busa tanpa kawat 022 4317,2487003860,Bra BH Menyusui Maternity C639,bra bh menyusui maternity c639,2487003860,0.264880816759078,0,0.2727272727272727,False,False
6709,18252,1,pos,"b""Gamis Syar'i Wenela""",b gamis syar i wenela,3093122317,"b""GAMIS SYARI / JILBAB 2 LAYER / JUMBO UKURAN L - XL - XXL / SET MURAH / BUSUI / DRESS (MAYRA SYAR'i )""",b gamis syari jilbab 2 layer jumbo ukuran l xl xxl set murah busui dress mayra syar i,3093122317,0.27081213739591514,0,0.21052631578947367,False,False
29677,34100,1,pos,790 - LAMEILA - Mascara ( Red black),790 lameila mascara red black,1888739764,Lameila Eye Mascara Cosmetic Eyelash 3D Waterproof Lengthening Fashionable,lameila eye mascara cosmetic eyelash 3d waterproof lengthening fashionable,1888739764,0.23482006442009154,0,0.16666666666666666,False,False
6400,29469,1,pos,[GL01] Hardcase Premium Kilau Glossy Oppo Vivo Realme Samsung Xiaomi / Kesing hp / Case hp / Sarung,gl01 hardcase premium kilau glossy oppo vivo realme samsung xiaomi kesing hp case hp sarung,2674911095,"case fashion logo iphone oppo a37,neo5,neo7,a71,a83,f5,f7,y53,y65,y69,y71,y83,v5,v7,v7+,Alltype",case fashion logo iphone oppo a37 neo5 neo7 a71 a83 f5 f7 y53 y65 y69 y71 y83 v5 v7 v7 alltype,2674911095,0.08296064217103799,0,0.0625,False,False
3845,26155,1,pos,"[ONELA] Mainan Edukasi Buku Gambar Bisa Hapus, Buku Coret-Coret Erasable Anak",onela mainan edukasi buku gambar bisa hapus buku coret coret erasable anak,896178400,BUKU ANAK  BUKU PORTABLE MAGIC BOOK BLACK PRTABLE 14 HALAMAN FREE 12 PENA WARNA,buku anak buku portable magic book black prtable 14 halaman free 12 pena warna,896178400,0.24653863583479826,0,0.09523809523809523,False,False
16630,29434,1,pos,Kasus Shockproof Kasing Telepon Trunk Soft Case iPhone 11 Pro Max XS XR X 6 6s 7 8 Plus,kasus shockproof kasing telepon trunk soft case iphone 11 pro max xs xr x 6 6s 7 8 plus,1632241419,Softcase Koper Case Candy Stripe For All Type Smartphone,softcase koper case candy stripe for all type smartphone,1632241419,0.28447246682176613,0,0.037037037037037035,False,False
1369,26430,1,pos,Tas FRO /Tas Fashion Wanita,tas fro tas fashion wanita,1728251705,FIORE BAG BLACK,fiore bag black,1728251705,0.15074273758331852,0,0.0,False,True
2037,15232,1,pos,[1 KG 68PCS] KC022 KACAMATA BINGKAI FASHION KOREA NORMAL,1 kg 68pcs kc022 kacamata bingkai fashion korea normal,3630992203,(KIRIM DARI JAKARTA) CH-02 Kacamata Fashion Anti Radiasi / Sunglasses Frame Anti Radiasi Lensa,kirim dari jakarta ch 02 kacamata fashion anti radiasi sunglasses frame anti radiasi lensa,3630992203,0.17679909887073825,0,0.10526315789473684,False,False
7189,17416,1,pos,Sepatu jelly wedges / sepatu wanita blc B692,sepatu jelly wedges sepatu wanita blc b692,2565533507,FLATSHOES JELLYSHOES MODEL RAJUT TREPES 007,flatshoes jellyshoes model rajut trepes 007,2565533507,0.16837270129510246,0,0.0,False,False
11855,24451,1,pos,Casing Soft Case Motif We Bare Bears untuk iPhone 7 Plus 11 12 mini 12 Pro max X 6 6S 7 8 Plus SE 2020 XS,casing soft case motif we bare bears untuk iphone 7 plus 11 12 mini 12 pro max x 6 6s 7 8 plus se 2020 xs,2126962532,Soft Case TPU Motif We Bare Bears Lucu dengan PopSocket untuk Realme 7 7i 5i C15 C12 C17 C11 C2 C3 3 3i 5 6 C1 C3i 5 5S U1 X2 XT Q 6i 2 X2 5 PRO Narzo 20 PRO 10 10A 20A VIVO Y12 Y30 Y15 Y17 Y93 Y95 OPPO A31 2020 A9 A5 2020 A7 A5S A12,soft case tpu motif we bare bears lucu dengan popsocket untuk realme 7 7i 5i c15 c12 c17 c11 c2 c3 3 3i 5 6 c1 c3i 5 5s u1 x2 xt q 6i 2 x2 5 pro narzo 20 pro 10 10a 20a vivo y12 y30 y15 y17 y93 y95 oppo a31 2020 a9 a5 2020 a7 a5s a12,2126962532,0.2984237232286103,0,0.16417910447761194,False,False
3645,9459,1,pos,SSL15-MAHKOTA Setelan Kemeja Anak Laki,ssl15 mahkota setelan kemeja anak laki,3345932867,New Boys Crown Shirt Shorts Set Mode Kasual Tampan Berdiri Collar Dua potong Set,new boys crown shirt shorts set mode kasual tampan berdiri collar dua potong set,3345932867,0.154497073527135,0,0.0,False,False
31431,32473,1,pos,Flash Sale1 PC Kids Korean Topeng Kartun Penutup Telinga Pelindung Telinga Tahan Debu Versi,flash sale1 pc kids korean topeng kartun penutup telinga pelindung telinga tahan debu versi,175669478,Warm Plush Mask Earmuffs Earmuffs Two In One Korean Version of The Child Bear Cartoon Mask,warm plush mask earmuffs earmuffs two in one korean version of the child bear cartoon mask,175669478,0.2087501497216912,0,0.038461538461538464,False,False
2809,29579,1,pos,OKHISHOP - Jam Tangan Wanita Murah D1or DR001,okhishop jam tangan wanita murah d1or dr001,469790690,Jam Tangan Magnet Premium / Jam Tangan Wanita Magnet / Rantai Magnet Diamond Premium Termurah,jam tangan magnet premium jam tangan wanita magnet rantai magnet diamond premium termurah,469790690,0.22525552024645762,0,0.25,False,False
6857,16630,1,pos,TRUNK SOFTCASE KOPER /CASE CANDY STRIPE FOR ALL TYPE/CASE LUGGAGE SOFT CASE ANTI CRACK Tebal 1.4MM,trunk softcase koper case candy stripe for all type case luggage soft case anti crack tebal 1 4mm,1632241419,Kasus Shockproof Kasing Telepon Trunk Soft Case iPhone 11 Pro Max XS XR X 6 6s 7 8 Plus,kasus shockproof kasing telepon trunk soft case iphone 11 pro max xs xr x 6 6s 7 8 plus,1632241419,0.17044199545419172,0,0.09375,False,False
13341,15325,1,pos,Dompet kartu PDR croc effect d503,dompet kartu pdr croc effect d503,3705835917,WALLET PDR CROC FREE BOX,wallet pdr croc free box,3705835917,0.1861922337953319,0,0.2222222222222222,False,False
6617,15838,1,pos,Rossa kids/ Rosa kids ori naura kombinasi polkadot stok terakir untuk lebaran tahun ini,rossa kids rosa kids ori naura kombinasi polkadot stok terakir untuk lebaran tahun ini,1244468742,Gamis Anak Tanggung,gamis anak tanggung,1244468742,0.18771272174120737,0,0.0,False,True
2842,15755,1,pos,Pewarna Putih Kupu Kupu,pewarna putih kupu kupu,663992990,Pewarna Putih Opaque Koepoe Koepoe 50gr,pewarna putih opaque koepoe koepoe 50gr,663992990,0.28559553306187324,0,0.3333333333333333,False,False
2849,22360,1,pos,RENATA DRESS PREMIUM / SUPER MURAH / BAHAN BALOTELLI / FASHION MUSLIM / KONVEKSI.TERMURAH,renata dress premium super murah bahan balotelli fashion muslim konveksi termurah,3385944896,Big Sale Terbagus Gamis Anak Tanggung Mamanda Saleha Series Lebaran All White Size Umur 14-16 Th,big sale terbagus gamis anak tanggung mamanda saleha series lebaran all white size umur 14 16 th,3385944896,0.1379403128529816,0,0.0,False,False
4926,20794,1,pos,Lifree Pants Popok Dewasa 1PCS,lifree pants popok dewasa 1pcs,2470288007,"Lifree extra serap,confidence pants M20,L16,XL12",lifree extra serap confidence pants m20 l16 xl12,2470288007,0.10232326471886787,0,0.18181818181818182,False,False
1036,2235,1,pos,Masker kain 2 ply 3 ply Katun Polos,masker kain 2 ply 3 ply katun polos,4010150654,READY STOCK SESUAI VARIAN 2PLY/KAIN,ready stock sesuai varian 2ply kain,4010150654,0.22065205659761244,0,0.08333333333333333,False,False
31621,33028,1,pos,GW Bandana Elastis Anti Slip Warna Permen untuk Pria / Wanita / Olahraga / Lari,gw bandana elastis anti slip warna permen untuk pria wanita olahraga lari,3631627646,BEST SELLER!! Mini Hairband Sport / Headband Sport / Ikat Kepala / Bando / Banana,best seller mini hairband sport headband sport ikat kepala bando banana,3631627646,0.15685000887785444,0,0.0,False,False
28512,31898,1,pos,KUACI KUPAS MOLA 50GR (GROSIR) All Variants Bubble Wrap,kuaci kupas mola 50gr grosir all variants bubble wrap,4064895629,Mola Kuaci Kupas Panggang / kuaci bunga matahari / Sunflower Seed,mola kuaci kupas panggang kuaci bunga matahari sunflower seed,4064895629,0.28131349302966513,0,0.21428571428571427,False,False
15679,19299,1,pos,[ BISA COD ] Alana Maxi | Size S M L XL | Bahan Moscrepe HQ,bisa cod alana maxi size s m l xl bahan moscrepe hq,4127663182,[ Promo Flash Sale ] Alana Maxi Size S M L XL | Dress Muslim Terbaru | Fashion Muslim Terlaris |,promo flash sale alana maxi size s m l xl dress muslim terbaru fashion muslim terlaris,4127663182,0.28007236241515554,0,0.35,False,False
28079,33507,1,pos,Mediheal BT21 x BTS Face Point Mask - Chimmy - Cooky - Koya - Mang - RJ - Shooky - Tata - Original,mediheal bt21 x bts face point mask chimmy cooky koya mang rj shooky tata original,3208791438,NATURE REPUBLIC Real Nature Aloe Mask Sheet,nature republic real nature aloe mask sheet,3208791438,0.14050595310654762,0,0.05,False,False
3218,4255,1,pos,PROMO DRESS PANJANG RENA SUPER DUPER JUMBO BY VANZAA COLLECTION RANDOM,promo dress panjang rena super duper jumbo by vanzaa collection random,1223373872,Dress Kerut Pendek Dewasa (PILIH WARNA DAN MOTIF),dress kerut pendek dewasa pilih warna dan motif,1223373872,0.2091603934499781,0,0.05555555555555555,False,False
1943,15217,1,pos,1KG DAGING BABI HAS DALAM ( FRESH TENDERLOIN MEAT ),1kg daging babi has dalam fresh tenderloin meat,567923746,Has dalem babi special,has dalem babi special,567923746,0.17923134882566652,0,0.2,False,False
4826,32640,1,pos,Diskon Ramadhan Sandal Flip flop Tali BELLA,diskon ramadhan sandal flip flop tali bella,4214786091,SANDAL TEPLEK KO 09,sandal teplek ko 09,4214786091,0.25649916874649376,0,0.1,False,False
8471,31399,1,pos,Bra BH Menyusui Maternity C639,bra bh menyusui maternity c639,2487003860,BH Bra Menyusui Guini Busa Tanpa Kawat - 022.4335,bh bra menyusui guini busa tanpa kawat 022 4335,2487003860,0.26058146968792484,0,0.2727272727272727,False,False
2911,9096,1,pos,CAHAYA AMANAH Mainan Puzzle nail Edukasi Anak,cahaya amanah mainan puzzle nail edukasi anak,2091049617,296Pcs Puzzle Jigsaw Model Mushroom Nails 3D,296pcs puzzle jigsaw model mushroom nails 3d,2091049617,0.28033877918383954,0,0.07692307692307693,False,False
15295,15296,1,pos,LADIESBAG TAS WANITA SELEMPANG CEWEK FASHION BAG MURAH IMPORT KERJA SANTAI SLING BAG  J8G7,ladiesbag tas wanita selempang cewek fashion bag murah import kerja santai sling bag j8g7,1708472517,Tas Selempang Wanita Whoopees Sling Shoulder Hand Tote Bag Slempang To B7E3 LIRA Sling Bag Termurah,tas selempang wanita whoopees sling shoulder hand tote bag slempang to b7e3 lira sling bag termurah,1708472517,0.2927706002039454,0,0.22727272727272727,False,False
18588,21735,1,pos,AGNES Gamis Putih Wanita Gamis Plisket Brukat Baju Muslim Wanita Busana Lebaran Umroh Terbaru 817,agnes gamis putih wanita gamis plisket brukat baju muslim wanita busana lebaran umroh terbaru 817,2363691552,LARISSA DRESS!! Bahan shakilaa,larissa dress bahan shakilaa,2363691552,0.1388321760164763,0,0.0,False,False
1540,25517,1,pos,\xe2\x9c\x85COD HW0101 Bando Bandana Kain Motif Ala Korea,xe2 x9c x85cod hw0101 bando bandana kain motif ala korea,1202166469,IND B-257 PREMIUM BANDANA SIMPUL TWIST ELASTIS ALA KOREA BANDO MOTIF,ind b 257 premium bandana simpul twist elastis ala korea bando motif,1202166469,0.2615585568391676,0,0.29411764705882354,False,False
4982,8894,1,pos,hokyfashion PIYAMA/PAJAMAS HP TEDDY BEAR 2W / KATUN JEPANG FIT TO XL,hokyfashion piyama pajamas hp teddy bear 2w katun jepang fit to xl,3408803971,PIYAMA HP ( LENGAN PENDEK+CELANA PENDEK ) MOTIF KARAKTER,piyama hp lengan pendek celana pendek motif karakter,3408803971,0.18217576719443426,0,0.11764705882352941,False,False
9274,21529,1,pos,Booming Terlaris!!! Sandal H Abstrak,booming terlaris sandal h abstrak,4016150250,PROMO!! FLIPFLOP PATAYA,promo flipflop pataya,4016150250,0.10866078424303828,0,0.0,False,True
1895,17062,1,pos,MODISA MAXY [Bayar Ditempat].Jesica MAXY GAMIS JEANS PREMIUM BUSUI UMBRELLA,modisa maxy bayar ditempat jesica maxy gamis jeans premium busui umbrella,2133224374,"b""MODISA MAXY Ns FC Najibah Gamis Syar'i asdf Putih Benhur Abu Toska Navy Maron Hujan""",b modisa maxy ns fc najibah gamis syar i asdf putih benhur abu toska navy maron hujan,2133224374,0.28584428640471066,0,0.125,False,False
27902,30903,1,pos,Belcube exp APRIl 21 plain Cheese MPASI 125gr  /Keju Bayi Belcube / Laughing Cow Belcube Mpasi,belcube exp april 21 plain cheese mpasi 125gr keju bayi belcube laughing cow belcube mpasi,1800175299,Keju KIRI With Fresh Cream isi 6pcs,keju kiri with fresh cream isi 6pcs,1800175299,0.10839371753711369,0,0.05555555555555555,False,False
6960,9213,1,pos,SKIN AQUA Sunscreen Series 40gr (Moisture Milk/ Moisture Gel/ Whitening Milk/ Mild Milk),skin aqua sunscreen series 40gr moisture milk moisture gel whitening milk mild milk,2123332638,READY Skin Aqua spf 50 PA++,ready skin aqua spf 50 pa,2123332638,0.17072364420194142,0,0.14285714285714285,False,False
1537,23989,1,pos,Pop socket motif karakter kartun lucu phone grip,pop socket motif karakter kartun lucu phone grip,1095455866,for iphone Samsung Huawei Xiaomi OPPO ViVo mobile phone holder cute anime mobile phone holder,for iphone samsung huawei xiaomi oppo vivo mobile phone holder cute anime mobile phone holder,1095455866,0.26265591421168166,0,0.05263157894736842,False,False
14326,18699,1,pos,Flowly Dress,flowly dress,1132134655,Ramadhani Dress ^ Tory Burch SF,ramadhani dress tory burch sf,1132134655,0.13030910006674865,0,0.16666666666666666,False,True
24394,29443,1,pos,Bicycle Seat Cover Mountain Bike Thick Silicone Seat Cover Breathable And Comfortable Memory Foam Seat Cover,bicycle seat cover mountain bike thick silicone seat cover breathable and comfortable memory foam seat cover,3170502392,Tempat Duduk Bahan Halus Nyaman untuk Outdoor / Travel,tempat duduk bahan halus nyaman untuk outdoor travel,3170502392,0.23285753765125355,0,0.0,False,False
5583,11177,1,pos,"READY STOK..!!! Obat Bikin GAIRAH Pulas Lama, asli perangsang perempuan-wanita-cewek 100% Original .",ready stok obat bikin gairah pulas lama asli perangsang perempuan wanita cewek 100 original,3821844360,NATURA BEAUTY SPRAY FORMULA KECANTIKAN 1 botol,natura beauty spray formula kecantikan 1 botol,3821844360,0.08229531167536108,0,0.0,False,False
14761,20657,1,pos,Jepit Rambut Model Bobby Pin Motif Bunga Gaya Korea untuk Wanita,jepit rambut model bobby pin motif bunga gaya korea untuk wanita,290896841,[Kode 018-032] CARTOON - Griptok Ring 3D/ Phone Holder PVC/ Stand HP/ Phone Stand/ Phone Grip,kode 018 032 cartoon griptok ring 3d phone holder pvc stand hp phone stand phone grip,290896841,0.0739292475281373,0,0.0,False,False
3986,32208,1,pos,"2015 tas import 1497GBI , 1609 1275 8650 EL200",2015 tas import 1497gbi 1609 1275 8650 el200,2654683414,ARORA AR361 TAS IMPORT FASHION TAS SELEMPANG B387 EL200,arora ar361 tas import fashion tas selempang b387 el200,2654683414,0.14177357774707638,0,0.23076923076923078,False,False
4744,29908,1,pos,Gamis Khimar Khasanah Syari Wollpeach Pet Antem Busui Longdress Maxi Ori Kanza Murah,gamis khimar khasanah syari wollpeach pet antem busui longdress maxi ori kanza murah,3203369806,Yasmin set browni purple,yasmin set browni purple,3203369806,0.12281888536636035,0,0.0,False,False
5012,9359,1,pos,(3pcs/15pcs) Masker adult/children face masker/anti-dust/pollution and germs/pm2.5/,3pcs 15pcs masker adult children face masker anti dust pollution and germs pm2 5,4125584341,Harga per 6pcs / Tshirtgiants.id / Masker anak import premium / kid mask / Masker anak,harga per 6pcs tshirtgiants id masker anak import premium kid mask masker anak,4125584341,0.22058402199700927,0,0.043478260869565216,False,False
26923,30584,1,pos,Kantong Spunbond Idul Fitri BESAR ukuran 38 x 45 cm / Tas Goodie Bag Lebaran Bingkisan Parcel Murah,kantong spunbond idul fitri besar ukuran 38 x 45 cm tas goodie bag lebaran bingkisan parcel murah,680160207,Tas lebaran PROMO idul fitri besar tebal(0602),tas lebaran promo idul fitri besar tebal 0602,680160207,0.20936405172045494,0,0.25,False,False
13520,14984,1,pos,Murah Kapas Busa 3 Lapis Busa Media Filter Aquarium Kolam Pusat Aquarium Murah Bisa COD,murah kapas busa 3 lapis busa media filter aquarium kolam pusat aquarium murah bisa cod,455052677,BUSA FILTER RADOTS SUPER / BUSA FILTER AIR,busa filter radots super busa filter air,455052677,0.2330450963884247,0,0.13333333333333333,False,False
13320,18641,1,pos,Kusus live 50.000 1pcs,kusus live 50 000 1pcs,2411122041,Jaket parka BGSR SUEDE pria premium / Jaket parka jumbo (tersedia ukuran jumbo),jaket parka bgsr suede pria premium jaket parka jumbo tersedia ukuran jumbo,2411122041,0.05166851428703438,0,0.0,False,False
3267,15932,1,pos,"Celana panjang pria cargo cream, cargo casual. celanacargo pria D34",celana panjang pria cargo cream cargo casual celanacargo pria d34,1033947255,Sz 28-34 Celana Pria GANTLEMEN BOY Normal Size ARM Man Sobek Bikers Wisker Distro Softjeans Melar,sz 28 34 celana pria gantlemen boy normal size arm man sobek bikers wisker distro softjeans melar,1033947255,0.20528666724546263,0,0.08695652173913043,False,False
15096,26887,1,pos,WEDGES KIKERS,wedges kikers,1568690317,Ikhlasia Sandal Wedges Wanita ELegan WG05,ikhlasia sandal wedges wanita elegan wg05,1568690317,0.12588277581950658,0,0.14285714285714285,False,True
9021,15680,1,pos,SEPATU WANITA SLIP ON IMPORT,sepatu wanita slip on import,1844958752,BEST SELLER Sepatu Wanita  Zelyne SDS301,best seller sepatu wanita zelyne sds301,1844958752,0.2590493186851525,0,0.2222222222222222,False,False
18760,24947,1,pos,KIRANA SET OVERAL / FASHION WANITA TERBARU / SET OVERAL MUSLIM,kirana set overal fashion wanita terbaru set overal muslim,3764913231,[SIAP KIRIM] MANSET 22,siap kirim manset 22,3764913231,0.16892463008424538,0,0.0,False,False
12576,29438,1,pos,KHANZAACC ACOME AKC-010 Kabel Data/Charger Type-C Quick Charge 3.0 Fast Charging,khanzaacc acome akc 010 kabel data charger type c quick charge 3 0 fast charging,705692897,ACOME\xc2\xa0Kabel\xc2\xa0Data\xc2\xa0iPhone 100cm \xc2\xa0AiC\xc2\xa0Fast\xc2\xa0Charging\xc2\xa02.4A Garansi\xc2\xa0Resmi\xc2\xa01 Thn\xc2\xa0AKL-010,acome xc2 xa0kabel xc2 xa0data xc2 xa0iphone 100cm xc2 xa0aic xc2 xa0fast xc2 xa0charging xc2 xa02 4a garansi xc2 xa0resmi xc2 xa01 thn xc2 xa0akl 010,705692897,0.1863070743408036,0,0.06666666666666667,False,False
4645,28092,1,pos,SUDAH PAKAI DUS Sandal Anna Ivanovic mika flat AA,sudah pakai dus sandal anna ivanovic mika flat aa,1130919487,Sandal teplek Mika Tali Samping,sandal teplek mika tali samping,1130919487,0.2857880140071627,0,0.16666666666666666,False,False
30464,34019,1,pos,Alat Pengocok Adona Kue Telur Elekrik Airlux Hand Mixer HM-3060,alat pengocok adona kue telur elekrik airlux hand mixer hm 3060,42154368,MIXER ADVANCE MX133,mixer advance mx133,42154368,0.11756155714500718,0,0.07692307692307693,False,True
20010,21986,1,pos,Cap Kapal Garam Beryodium 250 gr,cap kapal garam beryodium 250 gr,32947336,garam cap kapal 250gr dan 500gr / tokomakmuronline,garam cap kapal 250gr dan 500gr tokomakmuronline,32947336,0.24094494272212338,0,0.3,False,False
12587,12738,1,pos,MANGKOK CAT,mangkok cat,1587964714,wadah cat rambut rambut,wadah cat rambut rambut,1587964714,0.21736735837354726,0,0.25,False,True
14841,29976,1,pos,(27AN.ID) COD BTS bt21 T93 Tempat Pensil KPOP Motif Kartun Laser Kpop C8,27an id cod bts bt21 t93 tempat pensil kpop motif kartun laser kpop c8,3621760949,Baorenshang Kpop BTS BT21 Cute PU Pencil Pen Case TATA COOKY RJ Cosmetic Makeup Storage BagF,baorenshang kpop bts bt21 cute pu pencil pen case tata cooky rj cosmetic makeup storage bagf,3621760949,0.2813182743120981,0,0.11538461538461539,False,False
3218,22840,1,pos,PROMO DRESS PANJANG RENA SUPER DUPER JUMBO BY VANZAA COLLECTION RANDOM,promo dress panjang rena super duper jumbo by vanzaa collection random,1223373872,Dress Kerut Panjang Dewasa Bali/Pilih Motif dan Warna,dress kerut panjang dewasa bali pilih motif dan warna,1223373872,0.2949391188970862,0,0.1111111111111111,False,False
11553,19255,1,pos,ANTI GORES FULL LAYAR 9D OPPO A1 A1K A3 A3S A5S A57 A7 A81 A83 K3,anti gores full layar 9d oppo a1 a1k a3 a3s a5s a57 a7 a81 a83 k3,351339216,PAKET 2 IN 1 Tempered Glass Layar dan Kamera FOR SAMSUNG GALAXY M30S,paket 2 in 1 tempered glass layar dan kamera for samsung galaxy m30s,351339216,0.07229377864573697,0,0.03571428571428571,False,False
11773,16251,1,pos,MYQUEEN Fahion Kaos T-Shirt O-Neck Lengan Setengah Motif Print Garis Warna Pelangi untuk Wanita,myqueen fahion kaos t shirt o neck lengan setengah motif print garis warna pelangi untuk wanita,792060111,Bess - Kaos Oblong Wanita / Kaos Oblong RAINBOW - XL,bess kaos oblong wanita kaos oblong rainbow xl,792060111,0.2830285397785059,0,0.1,False,False
6070,8597,1,pos,KINTAKUN Sprei 120x200 motif Aalborg Fiji Unicorn Celestia Rockstar Abel Albany Kezia- 120 Single SP,kintakun sprei 120x200 motif aalborg fiji unicorn celestia rockstar abel albany kezia 120 single sp,2235227223,Kintakun Sprei Extra Single 120 Albany Dluxe Microfiber Putih (3in1) 20 cm,kintakun sprei extra single 120 albany dluxe microfiber putih 3in1 20 cm,2235227223,0.2583242232827349,0,0.22727272727272727,False,False
15811,32330,1,pos,STATIONARY SET FREE BAG / SET ALAT TULIS ANAK SEKOLAH MOTIF KARTUN.,stationary set free bag set alat tulis anak sekolah motif kartun,2885860487,NM 489 Set alat tulis 7 pcs / Tas souvenir/ Bingkisan ulang tahun anak,nm 489 set alat tulis 7 pcs tas souvenir bingkisan ulang tahun anak,2885860487,0.24638627038879377,0,0.21052631578947367,False,False
15569,33119,1,pos,"Bohobaby new colors NB,0-3M,3-6M,6-12M",bohobaby new colors nb 0 3m 3 6m 6 12m,2834147202,Sleepsuit Zipper by Bohobaby 1-2Y,sleepsuit zipper by bohobaby 1 2y,2834147202,0.20323223200412507,0,0.06666666666666667,False,False
18740,33103,1,pos,SERBET CAP  BINTANG PRODUKSI,serbet cap bintang produksi,1189638493,SERBET WARNA KJA,serbet warna kja,1189638493,0.2207922018732014,0,0.16666666666666666,False,True
27301,27422,1,pos,Krim glowing HN 15gram,krim glowing hn 15gram,4139844552,Cream hn original ECER Sabun /toner/cream malam/ cream siang /serum = cream hetty nugrahati,cream hn original ecer sabun toner cream malam cream siang serum cream hetty nugrahati,4139844552,0.17422999169773898,0,0.07142857142857142,False,False
2524,19560,1,pos,"Holder kumbang ladybug (Pasangnya tanpa paku, tanpa bor keramik) [ grosirku ]",holder kumbang ladybug pasangnya tanpa paku tanpa bor keramik grosirku,1518645034,TU88 Tempat Sikat Gigi Kumbang Tempat Odol Motif Kumbang Hanger Sikat Odol Ladybug Toothbrush - KMB,tu88 tempat sikat gigi kumbang tempat odol motif kumbang hanger sikat odol ladybug toothbrush kmb,1518645034,0.27644137380021827,0,0.1111111111111111,False,False
23258,30309,1,pos,Dompet Kartu 6 Slot Tempat Credit Card Case ATM Debit KTP Member 9055,dompet kartu 6 slot tempat credit card case atm debit ktp member 9055,2687850690,TURUN HARGA Wallet HENGSENG No Name DNA Elegan Tup Harga Supplier,turun harga wallet hengseng no name dna elegan tup harga supplier,2687850690,0.07756039896557412,0,0.0,False,False
11854,31019,1,pos,\xe2\x98\x9bKD\xe2\x98\x9a J05 Dua Sisi Bolak Balik Topi Bucket / Fisherman Lipat Motif Print Untuk Wanita,xe2 x98 x9bkd xe2 x98 x9a j05 dua sisi bolak balik topi bucket fisherman lipat motif print untuk wanita,3662829709,Topi bucket polos bolak balik 2 warna / topi bucket hat/bucket polos premium,topi bucket polos bolak balik 2 warna topi bucket hat bucket polos premium,3662829709,0.2809987146611491,0,0.18181818181818182,False,False
5066,24420,1,pos,Pasmina karet innara medina,pasmina karet innara medina,104602349,Pashmina karet bahan diamond crep ukuran 180x75,pashmina karet bahan diamond crep ukuran 180x75,104602349,0.16192401528641914,0,0.1,False,False
29876,30451,1,pos,"\xe3\x80\x90 COD \xe3\x80\x91Braket Tali Kamera Pengikat Kamera Helm Hitam,Aksesoris Sepeda",xe3 x80 x90 cod xe3 x80 x91braket tali kamera pengikat kamera helm hitam aksesoris sepeda,1746993187,1pc Holder Helm Full Face Untuk Dji Hero 8/7/5 Motor,1pc holder helm full face untuk dji hero 8 7 5 motor,1746993187,0.09231710944354668,0,0.043478260869565216,False,False
9341,16484,1,pos,LAKBAN DAIMARU 90 YARD 1 KOTAK ( 72 PCS ),lakban daimaru 90 yard 1 kotak 72 pcs,3279753630,Lakban FRAGILE YATTA 5cm x 100m,lakban fragile yatta 5cm x 100m,3279753630,0.20075043156889585,0,0.07692307692307693,False,False
5067,31454,1,pos,[Bayar Di Tempat]???NEWLIFE? Rumah Latihan Alat Baik Bahan EVA Yoga Block Brick Foam Sport Alat,bayar di tempat newlife rumah latihan alat baik bahan eva yoga block brick foam sport alat,1460979823,BALOK YOGA/YOGA BRICK/YOGA BLOCK SPEEDS LX 023 ORIGINAL HARGA GROSIR,balok yoga yoga brick yoga block speeds lx 023 original harga grosir,1460979823,0.2950226652307489,0,0.13636363636363635,False,False
16166,22006,1,pos,Nitric Acid/ Asam Nitrat/ HNO3 1kg Ex Korea,nitric acid asam nitrat hno3 1kg ex korea,1280180733,HCL 1 LITER / AIR KERAS,hcl 1 liter air keras,1280180733,0.07134433624060138,0,0.0,False,False
9425,9953,1,pos,Bee186 Elber alat goreng telur,bee186 elber alat goreng telur,2141357515,Alat Cetakan Telur Bermotif / Egg Mold - NEOFELIS BD10-003,alat cetakan telur bermotif egg mold neofelis bd10 003,2141357515,0.21996258729987983,0,0.16666666666666666,False,False
26917,31930,1,pos,(1KG = 4PCS ) POCKET GAMIS MONALISA POLOS BUSUI KANCING DEPAN BSW MONALISA MAXMARA,1kg 4pcs pocket gamis monalisa polos busui kancing depan bsw monalisa maxmara,2685099437,POKITA MAXY DRESS // GAMIS POCKET WOLFIS // GAMIS WOLFIS BUSUI,pokita maxy dress gamis pocket wolfis gamis wolfis busui,2685099437,0.2377332960846964,0,0.2,False,False
5189,18685,1,pos,4 sachet Royale parfum series 500 renceng,4 sachet royale parfum series 500 renceng,958369680,Sticker GLOW IN THE DARK / Wallpaper Dinding Stiker Glow in the Dark Bulan Bintang Star,sticker glow in the dark wallpaper dinding stiker glow in the dark bulan bintang star,958369680,0.09485060769671444,0,0.0,False,False
1643,26715,1,pos,[1100gr] H060 | Set spatula stainless / set sutil stainless / spatula set sutil,1100gr h060 set spatula stainless set sutil stainless spatula set sutil,1842099953,Alat Masak Spatula set isi 4 Kitchen tool peralatan dapur stainless Paling Murah,alat masak spatula set isi 4 kitchen tool peralatan dapur stainless paling murah,1842099953,0.22883812709650897,0,0.1875,False,False
14140,31308,1,pos,Tripod Mini Adjustable Gear Desktop Bracket Smartphone Camera DSLR,tripod mini adjustable gear desktop bracket smartphone camera dslr,4282938088,Tripod Support Mini 4 level ketinggian New,tripod support mini 4 level ketinggian new,4282938088,0.18844043940645377,0,0.14285714285714285,False,False
